<stg><name>Cipher_Four_Term_Multiplication</name>


<trans_list>
</trans_list>



<state_list>

<state id="1" st_id="1">

<operation id="2" st_id="1" stage="1" lat="1">
<core>NULL</core>
<MemPortIdVec></MemPortIdVec>
<condition id="-1">
<or_exp><and_exp></and_exp></or_exp>
</condition>

<node id="5" bw="8" op_0_bw="8" op_1_bw="8">
<![CDATA[
:0  %p_read_1 = call i8 @_ssdm_op_Read.ap_auto.i8(i8 %p_read3)

]]></node>
<StgValue><ssdm name="p_read_1"/></StgValue>
</operation>

<operation id="3" st_id="1" stage="1" lat="1">
<core>NULL</core>
<MemPortIdVec></MemPortIdVec>
<condition id="-1">
<or_exp><and_exp></and_exp></or_exp>
</condition>

<node id="6" bw="8" op_0_bw="8" op_1_bw="8">
<![CDATA[
:1  %p_read_2 = call i8 @_ssdm_op_Read.ap_auto.i8(i8 %p_read2)

]]></node>
<StgValue><ssdm name="p_read_2"/></StgValue>
</operation>

<operation id="4" st_id="1" stage="1" lat="1">
<core>NULL</core>
<MemPortIdVec></MemPortIdVec>
<condition id="-1">
<or_exp><and_exp></and_exp></or_exp>
</condition>

<node id="7" bw="8" op_0_bw="8" op_1_bw="8">
<![CDATA[
:2  %p_read_3 = call i8 @_ssdm_op_Read.ap_auto.i8(i8 %p_read1)

]]></node>
<StgValue><ssdm name="p_read_3"/></StgValue>
</operation>

<operation id="5" st_id="1" stage="1" lat="1">
<core>NULL</core>
<MemPortIdVec></MemPortIdVec>
<condition id="-1">
<or_exp><and_exp></and_exp></or_exp>
</condition>

<node id="8" bw="8" op_0_bw="8" op_1_bw="8">
<![CDATA[
:3  %p_read_4 = call i8 @_ssdm_op_Read.ap_auto.i8(i8 %p_read)

]]></node>
<StgValue><ssdm name="p_read_4"/></StgValue>
</operation>

<operation id="6" st_id="1" stage="1" lat="1">
<core>NULL</core>
<MemPortIdVec></MemPortIdVec>
<condition id="-1">
<or_exp><and_exp></and_exp></or_exp>
</condition>

<node id="9" bw="8" op_0_bw="8" op_1_bw="8">
<![CDATA[
:4  %result = shl i8 %p_read_4, 1

]]></node>
<StgValue><ssdm name="result"/></StgValue>
</operation>

<operation id="7" st_id="1" stage="1" lat="1">
<core>NULL</core>
<MemPortIdVec></MemPortIdVec>
<condition id="-1">
<or_exp><and_exp></and_exp></or_exp>
</condition>

<node id="10" bw="1" op_0_bw="1" op_1_bw="8" op_2_bw="32">
<![CDATA[
:5  %tmp_2 = call i1 @_ssdm_op_BitSelect.i1.i8.i32(i8 %p_read_4, i32 7)

]]></node>
<StgValue><ssdm name="tmp_2"/></StgValue>
</operation>

<operation id="8" st_id="1" stage="1" lat="1">
<core>LogicGate</core>
<MemPortIdVec></MemPortIdVec>
<condition id="12">
<or_exp><and_exp><literal name="tmp_2" val="1"/>
</and_exp></or_exp>
</condition>

<node id="11" bw="8" op_0_bw="8" op_1_bw="8">
<![CDATA[
:6  %result_1 = xor i8 %result, 27

]]></node>
<StgValue><ssdm name="result_1"/></StgValue>
</operation>

<operation id="9" st_id="1" stage="1" lat="1">
<core>Sel</core>
<MemPortIdVec></MemPortIdVec>
<condition id="-1">
<or_exp><and_exp></and_exp></or_exp>
</condition>

<node id="12" bw="8" op_0_bw="1" op_1_bw="8" op_2_bw="8">
<![CDATA[
:7  %result_2 = select i1 %tmp_2, i8 %result_1, i8 %result

]]></node>
<StgValue><ssdm name="result_2"/></StgValue>
</operation>

<operation id="10" st_id="1" stage="1" lat="1">
<core>NULL</core>
<MemPortIdVec></MemPortIdVec>
<condition id="-1">
<or_exp><and_exp></and_exp></or_exp>
</condition>

<node id="13" bw="8" op_0_bw="8" op_1_bw="8">
<![CDATA[
:8  %result_3 = shl i8 %p_read_3, 1

]]></node>
<StgValue><ssdm name="result_3"/></StgValue>
</operation>

<operation id="11" st_id="1" stage="1" lat="1">
<core>NULL</core>
<MemPortIdVec></MemPortIdVec>
<condition id="-1">
<or_exp><and_exp></and_exp></or_exp>
</condition>

<node id="14" bw="1" op_0_bw="1" op_1_bw="8" op_2_bw="32">
<![CDATA[
:9  %tmp_4 = call i1 @_ssdm_op_BitSelect.i1.i8.i32(i8 %p_read_3, i32 7)

]]></node>
<StgValue><ssdm name="tmp_4"/></StgValue>
</operation>

<operation id="12" st_id="1" stage="1" lat="1">
<core>LogicGate</core>
<MemPortIdVec></MemPortIdVec>
<condition id="13">
<or_exp><and_exp><literal name="tmp_4" val="1"/>
</and_exp></or_exp>
</condition>

<node id="15" bw="8" op_0_bw="8" op_1_bw="8">
<![CDATA[
:10  %result_4 = xor i8 %result_3, 27

]]></node>
<StgValue><ssdm name="result_4"/></StgValue>
</operation>

<operation id="13" st_id="1" stage="1" lat="1">
<core>Sel</core>
<MemPortIdVec></MemPortIdVec>
<condition id="-1">
<or_exp><and_exp></and_exp></or_exp>
</condition>

<node id="16" bw="8" op_0_bw="1" op_1_bw="8" op_2_bw="8">
<![CDATA[
:11  %result_5 = select i1 %tmp_4, i8 %result_4, i8 %result_3

]]></node>
<StgValue><ssdm name="result_5"/></StgValue>
</operation>

<operation id="14" st_id="1" stage="1" lat="1">
<core>LogicGate</core>
<MemPortIdVec></MemPortIdVec>
<condition id="-1">
<or_exp><and_exp></and_exp></or_exp>
</condition>

<node id="17" bw="8" op_0_bw="8" op_1_bw="8">
<![CDATA[
:12  %tmp = xor i8 %result_2, %p_read_4

]]></node>
<StgValue><ssdm name="tmp"/></StgValue>
</operation>

<operation id="15" st_id="1" stage="1" lat="1">
<core>LogicGate</core>
<MemPortIdVec></MemPortIdVec>
<condition id="-1">
<or_exp><and_exp></and_exp></or_exp>
</condition>

<node id="18" bw="8" op_0_bw="8" op_1_bw="8">
<![CDATA[
:13  %tmp2 = xor i8 %p_read_2, %p_read_1

]]></node>
<StgValue><ssdm name="tmp2"/></StgValue>
</operation>

<operation id="16" st_id="1" stage="1" lat="1">
<core>LogicGate</core>
<MemPortIdVec></MemPortIdVec>
<condition id="-1">
<or_exp><and_exp></and_exp></or_exp>
</condition>

<node id="19" bw="8" op_0_bw="8" op_1_bw="8">
<![CDATA[
:14  %tmp1 = xor i8 %tmp2, %result_5

]]></node>
<StgValue><ssdm name="tmp1"/></StgValue>
</operation>

<operation id="17" st_id="1" stage="1" lat="1">
<core>LogicGate</core>
<MemPortIdVec></MemPortIdVec>
<condition id="-1">
<or_exp><and_exp></and_exp></or_exp>
</condition>

<node id="20" bw="8" op_0_bw="8" op_1_bw="8">
<![CDATA[
:15  %OUT = xor i8 %tmp1, %tmp

]]></node>
<StgValue><ssdm name="OUT"/></StgValue>
</operation>

<operation id="18" st_id="1" stage="1" lat="1">
<core>NULL</core>
<MemPortIdVec></MemPortIdVec>
<condition id="-1">
<or_exp><and_exp></and_exp></or_exp>
</condition>

<node id="21" bw="8" op_0_bw="8" op_1_bw="8">
<![CDATA[
:16  %result_6 = shl i8 %p_read_2, 1

]]></node>
<StgValue><ssdm name="result_6"/></StgValue>
</operation>

<operation id="19" st_id="1" stage="1" lat="1">
<core>NULL</core>
<MemPortIdVec></MemPortIdVec>
<condition id="-1">
<or_exp><and_exp></and_exp></or_exp>
</condition>

<node id="22" bw="1" op_0_bw="1" op_1_bw="8" op_2_bw="32">
<![CDATA[
:17  %tmp_6 = call i1 @_ssdm_op_BitSelect.i1.i8.i32(i8 %p_read_2, i32 7)

]]></node>
<StgValue><ssdm name="tmp_6"/></StgValue>
</operation>

<operation id="20" st_id="1" stage="1" lat="1">
<core>LogicGate</core>
<MemPortIdVec></MemPortIdVec>
<condition id="14">
<or_exp><and_exp><literal name="tmp_6" val="1"/>
</and_exp></or_exp>
</condition>

<node id="23" bw="8" op_0_bw="8" op_1_bw="8">
<![CDATA[
:18  %result_7 = xor i8 %result_6, 27

]]></node>
<StgValue><ssdm name="result_7"/></StgValue>
</operation>

<operation id="21" st_id="1" stage="1" lat="1">
<core>Sel</core>
<MemPortIdVec></MemPortIdVec>
<condition id="-1">
<or_exp><and_exp></and_exp></or_exp>
</condition>

<node id="24" bw="8" op_0_bw="1" op_1_bw="8" op_2_bw="8">
<![CDATA[
:19  %result_8 = select i1 %tmp_6, i8 %result_7, i8 %result_6

]]></node>
<StgValue><ssdm name="result_8"/></StgValue>
</operation>

<operation id="22" st_id="1" stage="1" lat="1">
<core>LogicGate</core>
<MemPortIdVec></MemPortIdVec>
<condition id="-1">
<or_exp><and_exp></and_exp></or_exp>
</condition>

<node id="25" bw="8" op_0_bw="8" op_1_bw="8">
<![CDATA[
:20  %tmp3 = xor i8 %result_5, %p_read_4

]]></node>
<StgValue><ssdm name="tmp3"/></StgValue>
</operation>

<operation id="23" st_id="1" stage="1" lat="1">
<core>LogicGate</core>
<MemPortIdVec></MemPortIdVec>
<condition id="-1">
<or_exp><and_exp></and_exp></or_exp>
</condition>

<node id="26" bw="8" op_0_bw="8" op_1_bw="8">
<![CDATA[
:21  %tmp5 = xor i8 %result_8, %p_read_1

]]></node>
<StgValue><ssdm name="tmp5"/></StgValue>
</operation>

<operation id="24" st_id="1" stage="1" lat="1">
<core>LogicGate</core>
<MemPortIdVec></MemPortIdVec>
<condition id="-1">
<or_exp><and_exp></and_exp></or_exp>
</condition>

<node id="27" bw="8" op_0_bw="8" op_1_bw="8">
<![CDATA[
:22  %tmp4 = xor i8 %tmp5, %p_read_3

]]></node>
<StgValue><ssdm name="tmp4"/></StgValue>
</operation>

<operation id="25" st_id="1" stage="1" lat="1">
<core>LogicGate</core>
<MemPortIdVec></MemPortIdVec>
<condition id="-1">
<or_exp><and_exp></and_exp></or_exp>
</condition>

<node id="28" bw="8" op_0_bw="8" op_1_bw="8">
<![CDATA[
:23  %OUT_1 = xor i8 %tmp4, %tmp3

]]></node>
<StgValue><ssdm name="OUT_1"/></StgValue>
</operation>

<operation id="26" st_id="1" stage="1" lat="1">
<core>NULL</core>
<MemPortIdVec></MemPortIdVec>
<condition id="-1">
<or_exp><and_exp></and_exp></or_exp>
</condition>

<node id="29" bw="8" op_0_bw="8" op_1_bw="8">
<![CDATA[
:24  %result_9 = shl i8 %p_read_1, 1

]]></node>
<StgValue><ssdm name="result_9"/></StgValue>
</operation>

<operation id="27" st_id="1" stage="1" lat="1">
<core>NULL</core>
<MemPortIdVec></MemPortIdVec>
<condition id="-1">
<or_exp><and_exp></and_exp></or_exp>
</condition>

<node id="30" bw="1" op_0_bw="1" op_1_bw="8" op_2_bw="32">
<![CDATA[
:25  %tmp_8 = call i1 @_ssdm_op_BitSelect.i1.i8.i32(i8 %p_read_1, i32 7)

]]></node>
<StgValue><ssdm name="tmp_8"/></StgValue>
</operation>

<operation id="28" st_id="1" stage="1" lat="1">
<core>LogicGate</core>
<MemPortIdVec></MemPortIdVec>
<condition id="15">
<or_exp><and_exp><literal name="tmp_8" val="1"/>
</and_exp></or_exp>
</condition>

<node id="31" bw="8" op_0_bw="8" op_1_bw="8">
<![CDATA[
:26  %result_10 = xor i8 %result_9, 27

]]></node>
<StgValue><ssdm name="result_10"/></StgValue>
</operation>

<operation id="29" st_id="1" stage="1" lat="1">
<core>Sel</core>
<MemPortIdVec></MemPortIdVec>
<condition id="-1">
<or_exp><and_exp></and_exp></or_exp>
</condition>

<node id="32" bw="8" op_0_bw="1" op_1_bw="8" op_2_bw="8">
<![CDATA[
:27  %result_11 = select i1 %tmp_8, i8 %result_10, i8 %result_9

]]></node>
<StgValue><ssdm name="result_11"/></StgValue>
</operation>

<operation id="30" st_id="1" stage="1" lat="1">
<core>LogicGate</core>
<MemPortIdVec></MemPortIdVec>
<condition id="-1">
<or_exp><and_exp></and_exp></or_exp>
</condition>

<node id="33" bw="8" op_0_bw="8" op_1_bw="8">
<![CDATA[
:28  %tmp6 = xor i8 %p_read_3, %p_read_4

]]></node>
<StgValue><ssdm name="tmp6"/></StgValue>
</operation>

<operation id="31" st_id="1" stage="1" lat="1">
<core>LogicGate</core>
<MemPortIdVec></MemPortIdVec>
<condition id="-1">
<or_exp><and_exp></and_exp></or_exp>
</condition>

<node id="34" bw="8" op_0_bw="8" op_1_bw="8">
<![CDATA[
:29  %tmp8 = xor i8 %result_11, %p_read_2

]]></node>
<StgValue><ssdm name="tmp8"/></StgValue>
</operation>

<operation id="32" st_id="1" stage="1" lat="1">
<core>LogicGate</core>
<MemPortIdVec></MemPortIdVec>
<condition id="-1">
<or_exp><and_exp></and_exp></or_exp>
</condition>

<node id="35" bw="8" op_0_bw="8" op_1_bw="8">
<![CDATA[
:30  %tmp7 = xor i8 %tmp8, %result_8

]]></node>
<StgValue><ssdm name="tmp7"/></StgValue>
</operation>

<operation id="33" st_id="1" stage="1" lat="1">
<core>LogicGate</core>
<MemPortIdVec></MemPortIdVec>
<condition id="-1">
<or_exp><and_exp></and_exp></or_exp>
</condition>

<node id="36" bw="8" op_0_bw="8" op_1_bw="8">
<![CDATA[
:31  %OUT_2 = xor i8 %tmp7, %tmp6

]]></node>
<StgValue><ssdm name="OUT_2"/></StgValue>
</operation>

<operation id="34" st_id="1" stage="1" lat="1">
<core>LogicGate</core>
<MemPortIdVec></MemPortIdVec>
<condition id="-1">
<or_exp><and_exp></and_exp></or_exp>
</condition>

<node id="37" bw="8" op_0_bw="8" op_1_bw="8">
<![CDATA[
:32  %tmp9 = xor i8 %result_2, %p_read_3

]]></node>
<StgValue><ssdm name="tmp9"/></StgValue>
</operation>

<operation id="35" st_id="1" stage="1" lat="1">
<core>LogicGate</core>
<MemPortIdVec></MemPortIdVec>
<condition id="-1">
<or_exp><and_exp></and_exp></or_exp>
</condition>

<node id="38" bw="8" op_0_bw="8" op_1_bw="8">
<![CDATA[
:33  %tmp11 = xor i8 %result_11, %p_read_1

]]></node>
<StgValue><ssdm name="tmp11"/></StgValue>
</operation>

<operation id="36" st_id="1" stage="1" lat="1">
<core>LogicGate</core>
<MemPortIdVec></MemPortIdVec>
<condition id="-1">
<or_exp><and_exp></and_exp></or_exp>
</condition>

<node id="39" bw="8" op_0_bw="8" op_1_bw="8">
<![CDATA[
:34  %tmp10 = xor i8 %tmp11, %p_read_2

]]></node>
<StgValue><ssdm name="tmp10"/></StgValue>
</operation>

<operation id="37" st_id="1" stage="1" lat="1">
<core>LogicGate</core>
<MemPortIdVec></MemPortIdVec>
<condition id="-1">
<or_exp><and_exp></and_exp></or_exp>
</condition>

<node id="40" bw="8" op_0_bw="8" op_1_bw="8">
<![CDATA[
:35  %OUT_3 = xor i8 %tmp10, %tmp9

]]></node>
<StgValue><ssdm name="OUT_3"/></StgValue>
</operation>

<operation id="38" st_id="1" stage="1" lat="1">
<core>NULL</core>
<MemPortIdVec></MemPortIdVec>
<condition id="-1">
<or_exp><and_exp></and_exp></or_exp>
</condition>

<node id="41" bw="32" op_0_bw="32" op_1_bw="8">
<![CDATA[
:36  %mrv = insertvalue { i8, i8, i8, i8 } undef, i8 %OUT, 0

]]></node>
<StgValue><ssdm name="mrv"/></StgValue>
</operation>

<operation id="39" st_id="1" stage="1" lat="1">
<core>NULL</core>
<MemPortIdVec></MemPortIdVec>
<condition id="-1">
<or_exp><and_exp></and_exp></or_exp>
</condition>

<node id="42" bw="32" op_0_bw="32" op_1_bw="8">
<![CDATA[
:37  %mrv_1 = insertvalue { i8, i8, i8, i8 } %mrv, i8 %OUT_1, 1

]]></node>
<StgValue><ssdm name="mrv_1"/></StgValue>
</operation>

<operation id="40" st_id="1" stage="1" lat="1">
<core>NULL</core>
<MemPortIdVec></MemPortIdVec>
<condition id="-1">
<or_exp><and_exp></and_exp></or_exp>
</condition>

<node id="43" bw="32" op_0_bw="32" op_1_bw="8">
<![CDATA[
:38  %mrv_2 = insertvalue { i8, i8, i8, i8 } %mrv_1, i8 %OUT_2, 2

]]></node>
<StgValue><ssdm name="mrv_2"/></StgValue>
</operation>

<operation id="41" st_id="1" stage="1" lat="1">
<core>NULL</core>
<MemPortIdVec></MemPortIdVec>
<condition id="-1">
<or_exp><and_exp></and_exp></or_exp>
</condition>

<node id="44" bw="32" op_0_bw="32" op_1_bw="8">
<![CDATA[
:39  %mrv_3 = insertvalue { i8, i8, i8, i8 } %mrv_2, i8 %OUT_3, 3

]]></node>
<StgValue><ssdm name="mrv_3"/></StgValue>
</operation>

<operation id="42" st_id="1" stage="1" lat="1">
<core>NULL</core>
<MemPortIdVec></MemPortIdVec>
<condition id="-1">
<or_exp><and_exp></and_exp></or_exp>
</condition>

<node id="45" bw="0" op_0_bw="32">
<![CDATA[
:40  ret { i8, i8, i8, i8 } %mrv_3

]]></node>
<StgValue><ssdm name=""/></StgValue>
</operation>
</state>
</state_list>


<ports>
<port id="44" name="p_read" dir="0" iftype="0">
<core>NULL</core><StgValue><ssdm name="p_read"/></StgValue>
</port>
<port id="45" name="p_read1" dir="0" iftype="0">
<core>NULL</core><StgValue><ssdm name="p_read1"/></StgValue>
</port>
<port id="46" name="p_read2" dir="0" iftype="0">
<core>NULL</core><StgValue><ssdm name="p_read2"/></StgValue>
</port>
<port id="47" name="p_read3" dir="0" iftype="0">
<core>NULL</core><StgValue><ssdm name="p_read3"/></StgValue>
</port>
</ports>


<dataflows>
<dataflow id="49" from="_ssdm_op_Read.ap_auto.i8" to="p_read_1" fromId="48" toId="2">
</dataflow>
<dataflow id="50" from="p_read3" to="p_read_1" fromId="47" toId="2">
</dataflow>
<dataflow id="51" from="_ssdm_op_Read.ap_auto.i8" to="p_read_2" fromId="48" toId="3">
</dataflow>
<dataflow id="52" from="p_read2" to="p_read_2" fromId="46" toId="3">
</dataflow>
<dataflow id="53" from="_ssdm_op_Read.ap_auto.i8" to="p_read_3" fromId="48" toId="4">
</dataflow>
<dataflow id="54" from="p_read1" to="p_read_3" fromId="45" toId="4">
</dataflow>
<dataflow id="55" from="_ssdm_op_Read.ap_auto.i8" to="p_read_4" fromId="48" toId="5">
</dataflow>
<dataflow id="56" from="p_read" to="p_read_4" fromId="44" toId="5">
</dataflow>
<dataflow id="57" from="p_read_4" to="result" fromId="5" toId="6">
</dataflow>
<dataflow id="59" from="stg_58" to="result" fromId="58" toId="6">
</dataflow>
<dataflow id="61" from="_ssdm_op_BitSelect.i1.i8.i32" to="tmp_2" fromId="60" toId="7">
</dataflow>
<dataflow id="62" from="p_read_4" to="tmp_2" fromId="5" toId="7">
</dataflow>
<dataflow id="64" from="stg_63" to="tmp_2" fromId="63" toId="7">
</dataflow>
<dataflow id="65" from="result" to="result_1" fromId="6" toId="8">
</dataflow>
<dataflow id="67" from="stg_66" to="result_1" fromId="66" toId="8">
</dataflow>
<dataflow id="68" from="tmp_2" to="result_2" fromId="7" toId="9">
</dataflow>
<dataflow id="69" from="result_1" to="result_2" fromId="8" toId="9">
</dataflow>
<dataflow id="70" from="result" to="result_2" fromId="6" toId="9">
</dataflow>
<dataflow id="71" from="p_read_3" to="result_3" fromId="4" toId="10">
</dataflow>
<dataflow id="72" from="stg_58" to="result_3" fromId="58" toId="10">
</dataflow>
<dataflow id="73" from="_ssdm_op_BitSelect.i1.i8.i32" to="tmp_4" fromId="60" toId="11">
</dataflow>
<dataflow id="74" from="p_read_3" to="tmp_4" fromId="4" toId="11">
</dataflow>
<dataflow id="75" from="stg_63" to="tmp_4" fromId="63" toId="11">
</dataflow>
<dataflow id="76" from="result_3" to="result_4" fromId="10" toId="12">
</dataflow>
<dataflow id="77" from="stg_66" to="result_4" fromId="66" toId="12">
</dataflow>
<dataflow id="78" from="tmp_4" to="result_5" fromId="11" toId="13">
</dataflow>
<dataflow id="79" from="result_4" to="result_5" fromId="12" toId="13">
</dataflow>
<dataflow id="80" from="result_3" to="result_5" fromId="10" toId="13">
</dataflow>
<dataflow id="81" from="result_2" to="tmp" fromId="9" toId="14">
</dataflow>
<dataflow id="82" from="p_read_4" to="tmp" fromId="5" toId="14">
</dataflow>
<dataflow id="83" from="p_read_2" to="tmp2" fromId="3" toId="15">
</dataflow>
<dataflow id="84" from="p_read_1" to="tmp2" fromId="2" toId="15">
</dataflow>
<dataflow id="85" from="tmp2" to="tmp1" fromId="15" toId="16">
</dataflow>
<dataflow id="86" from="result_5" to="tmp1" fromId="13" toId="16">
</dataflow>
<dataflow id="87" from="tmp1" to="OUT" fromId="16" toId="17">
</dataflow>
<dataflow id="88" from="tmp" to="OUT" fromId="14" toId="17">
</dataflow>
<dataflow id="89" from="p_read_2" to="result_6" fromId="3" toId="18">
</dataflow>
<dataflow id="90" from="stg_58" to="result_6" fromId="58" toId="18">
</dataflow>
<dataflow id="91" from="_ssdm_op_BitSelect.i1.i8.i32" to="tmp_6" fromId="60" toId="19">
</dataflow>
<dataflow id="92" from="p_read_2" to="tmp_6" fromId="3" toId="19">
</dataflow>
<dataflow id="93" from="stg_63" to="tmp_6" fromId="63" toId="19">
</dataflow>
<dataflow id="94" from="result_6" to="result_7" fromId="18" toId="20">
</dataflow>
<dataflow id="95" from="stg_66" to="result_7" fromId="66" toId="20">
</dataflow>
<dataflow id="96" from="tmp_6" to="result_8" fromId="19" toId="21">
</dataflow>
<dataflow id="97" from="result_7" to="result_8" fromId="20" toId="21">
</dataflow>
<dataflow id="98" from="result_6" to="result_8" fromId="18" toId="21">
</dataflow>
<dataflow id="99" from="result_5" to="tmp3" fromId="13" toId="22">
</dataflow>
<dataflow id="100" from="p_read_4" to="tmp3" fromId="5" toId="22">
</dataflow>
<dataflow id="101" from="result_8" to="tmp5" fromId="21" toId="23">
</dataflow>
<dataflow id="102" from="p_read_1" to="tmp5" fromId="2" toId="23">
</dataflow>
<dataflow id="103" from="tmp5" to="tmp4" fromId="23" toId="24">
</dataflow>
<dataflow id="104" from="p_read_3" to="tmp4" fromId="4" toId="24">
</dataflow>
<dataflow id="105" from="tmp4" to="OUT_1" fromId="24" toId="25">
</dataflow>
<dataflow id="106" from="tmp3" to="OUT_1" fromId="22" toId="25">
</dataflow>
<dataflow id="107" from="p_read_1" to="result_9" fromId="2" toId="26">
</dataflow>
<dataflow id="108" from="stg_58" to="result_9" fromId="58" toId="26">
</dataflow>
<dataflow id="109" from="_ssdm_op_BitSelect.i1.i8.i32" to="tmp_8" fromId="60" toId="27">
</dataflow>
<dataflow id="110" from="p_read_1" to="tmp_8" fromId="2" toId="27">
</dataflow>
<dataflow id="111" from="stg_63" to="tmp_8" fromId="63" toId="27">
</dataflow>
<dataflow id="112" from="result_9" to="result_10" fromId="26" toId="28">
</dataflow>
<dataflow id="113" from="stg_66" to="result_10" fromId="66" toId="28">
</dataflow>
<dataflow id="114" from="tmp_8" to="result_11" fromId="27" toId="29">
</dataflow>
<dataflow id="115" from="result_10" to="result_11" fromId="28" toId="29">
</dataflow>
<dataflow id="116" from="result_9" to="result_11" fromId="26" toId="29">
</dataflow>
<dataflow id="117" from="p_read_3" to="tmp6" fromId="4" toId="30">
</dataflow>
<dataflow id="118" from="p_read_4" to="tmp6" fromId="5" toId="30">
</dataflow>
<dataflow id="119" from="result_11" to="tmp8" fromId="29" toId="31">
</dataflow>
<dataflow id="120" from="p_read_2" to="tmp8" fromId="3" toId="31">
</dataflow>
<dataflow id="121" from="tmp8" to="tmp7" fromId="31" toId="32">
</dataflow>
<dataflow id="122" from="result_8" to="tmp7" fromId="21" toId="32">
</dataflow>
<dataflow id="123" from="tmp7" to="OUT_2" fromId="32" toId="33">
</dataflow>
<dataflow id="124" from="tmp6" to="OUT_2" fromId="30" toId="33">
</dataflow>
<dataflow id="125" from="result_2" to="tmp9" fromId="9" toId="34">
</dataflow>
<dataflow id="126" from="p_read_3" to="tmp9" fromId="4" toId="34">
</dataflow>
<dataflow id="127" from="result_11" to="tmp11" fromId="29" toId="35">
</dataflow>
<dataflow id="128" from="p_read_1" to="tmp11" fromId="2" toId="35">
</dataflow>
<dataflow id="129" from="tmp11" to="tmp10" fromId="35" toId="36">
</dataflow>
<dataflow id="130" from="p_read_2" to="tmp10" fromId="3" toId="36">
</dataflow>
<dataflow id="131" from="tmp10" to="OUT_3" fromId="36" toId="37">
</dataflow>
<dataflow id="132" from="tmp9" to="OUT_3" fromId="34" toId="37">
</dataflow>
<dataflow id="134" from="stg_133" to="mrv" fromId="133" toId="38">
</dataflow>
<dataflow id="135" from="OUT" to="mrv" fromId="17" toId="38">
</dataflow>
<dataflow id="136" from="mrv" to="mrv_1" fromId="38" toId="39">
</dataflow>
<dataflow id="137" from="OUT_1" to="mrv_1" fromId="25" toId="39">
</dataflow>
<dataflow id="138" from="mrv_1" to="mrv_2" fromId="39" toId="40">
</dataflow>
<dataflow id="139" from="OUT_2" to="mrv_2" fromId="33" toId="40">
</dataflow>
<dataflow id="140" from="mrv_2" to="mrv_3" fromId="40" toId="41">
</dataflow>
<dataflow id="141" from="OUT_3" to="mrv_3" fromId="37" toId="41">
</dataflow>
<dataflow id="142" from="mrv_3" to="stg_42" fromId="41" toId="42">
</dataflow>
<dataflow id="143" from="tmp_2" to="stg_1" fromId="7" toId="1">
</dataflow>
<dataflow id="144" from="tmp_4" to="stg_1" fromId="11" toId="1">
</dataflow>
<dataflow id="145" from="tmp_6" to="stg_1" fromId="19" toId="1">
</dataflow>
<dataflow id="146" from="tmp_8" to="stg_1" fromId="27" toId="1">
</dataflow>
</dataflows>


</stg>
