<stg><name>Cipher_MixColumns</name>


<trans_list>
</trans_list>



<state_list>

<state id="1" st_id="1">

<operation id="2" st_id="1" stage="1" lat="1">
<core>NULL</core>
<MemPortIdVec></MemPortIdVec>
<condition id="-1">
<or_exp><and_exp></and_exp></or_exp>
</condition>

<node id="2" bw="128" op_0_bw="128" op_1_bw="128">
<![CDATA[
:0  %state_i_read_3 = call i128 @_ssdm_op_Read.ap_none.i128(i128 %state_i_read)

]]></node>
<StgValue><ssdm name="state_i_read_3"/></StgValue>
</operation>

<operation id="3" st_id="1" stage="1" lat="1">
<core>NULL</core>
<MemPortIdVec></MemPortIdVec>
<condition id="-1">
<or_exp><and_exp></and_exp></or_exp>
</condition>

<node id="3" bw="0" op_0_bw="0" op_1_bw="128" op_2_bw="8" op_3_bw="32" op_4_bw="32" op_5_bw="32" op_6_bw="32" op_7_bw="8" op_8_bw="8" op_9_bw="8">
<![CDATA[
:1  call void (...)* @_ssdm_op_SpecInterface(i128 %state_i_read, [8 x i8]* @p_str2, i32 0, i32 0, i32 0, i32 0, [1 x i8]* @p_str1, [1 x i8]* @p_str1, [1 x i8]* @p_str1) nounwind

]]></node>
<StgValue><ssdm name=""/></StgValue>
</operation>

<operation id="4" st_id="1" stage="1" lat="1">
<core>NULL</core>
<MemPortIdVec></MemPortIdVec>
<condition id="-1">
<or_exp><and_exp></and_exp></or_exp>
</condition>

<node id="4" bw="0" op_0_bw="0" op_1_bw="32" op_2_bw="128" op_3_bw="8" op_4_bw="32" op_5_bw="32" op_6_bw="32" op_7_bw="32" op_8_bw="8" op_9_bw="8" op_10_bw="8">
<![CDATA[
:2  call void (...)* @_ssdm_op_SpecInterface(i32 0, i128 %state_i_read, [8 x i8]* @p_str2, i32 0, i32 0, i32 0, i32 0, [1 x i8]* @p_str1, [1 x i8]* @p_str1, [1 x i8]* @p_str1)

]]></node>
<StgValue><ssdm name=""/></StgValue>
</operation>

<operation id="5" st_id="1" stage="1" lat="1">
<core>NULL</core>
<MemPortIdVec></MemPortIdVec>
<condition id="-1">
<or_exp><and_exp></and_exp></or_exp>
</condition>

<node id="5" bw="0" op_0_bw="0" op_1_bw="32" op_2_bw="8" op_3_bw="32" op_4_bw="32" op_5_bw="32" op_6_bw="32" op_7_bw="8" op_8_bw="8" op_9_bw="8">
<![CDATA[
:3  call void (...)* @_ssdm_op_SpecInterface(i32 0, [13 x i8]* @p_str4, i32 0, i32 0, i32 0, i32 0, [1 x i8]* @p_str1, [1 x i8]* @p_str1, [1 x i8]* @p_str1) nounwind

]]></node>
<StgValue><ssdm name=""/></StgValue>
</operation>

<operation id="6" st_id="1" stage="1" lat="1">
<core>NULL</core>
<MemPortIdVec></MemPortIdVec>
<condition id="-1">
<or_exp><and_exp></and_exp></or_exp>
</condition>

<node id="6" bw="0" op_0_bw="0" op_1_bw="32" op_2_bw="32" op_3_bw="32" op_4_bw="32" op_5_bw="8">
<![CDATA[
:4  call void (...)* @_ssdm_op_SpecPipeline(i32 1, i32 1, i32 1, i32 0, [1 x i8]* @p_str1) nounwind

]]></node>
<StgValue><ssdm name=""/></StgValue>
</operation>

<operation id="7" st_id="1" stage="1" lat="1">
<core>NULL</core>
<MemPortIdVec></MemPortIdVec>
<condition id="-1">
<or_exp><and_exp></and_exp></or_exp>
</condition>

<node id="7" bw="8" op_0_bw="128">
<![CDATA[
:5  %B_0 = trunc i128 %state_i_read_3 to i8

]]></node>
<StgValue><ssdm name="B_0"/></StgValue>
</operation>

<operation id="8" st_id="1" stage="1" lat="1">
<core>NULL</core>
<MemPortIdVec></MemPortIdVec>
<condition id="-1">
<or_exp><and_exp></and_exp></or_exp>
</condition>

<node id="8" bw="8" op_0_bw="8" op_1_bw="128" op_2_bw="32" op_3_bw="32">
<![CDATA[
:6  %B_1 = call i8 @_ssdm_op_PartSelect.i8.i128.i32.i32(i128 %state_i_read_3, i32 8, i32 15)

]]></node>
<StgValue><ssdm name="B_1"/></StgValue>
</operation>

<operation id="9" st_id="1" stage="1" lat="1">
<core>NULL</core>
<MemPortIdVec></MemPortIdVec>
<condition id="-1">
<or_exp><and_exp></and_exp></or_exp>
</condition>

<node id="9" bw="8" op_0_bw="8" op_1_bw="128" op_2_bw="32" op_3_bw="32">
<![CDATA[
:7  %B_2 = call i8 @_ssdm_op_PartSelect.i8.i128.i32.i32(i128 %state_i_read_3, i32 16, i32 23)

]]></node>
<StgValue><ssdm name="B_2"/></StgValue>
</operation>

<operation id="10" st_id="1" stage="1" lat="1">
<core>NULL</core>
<MemPortIdVec></MemPortIdVec>
<condition id="-1">
<or_exp><and_exp></and_exp></or_exp>
</condition>

<node id="10" bw="8" op_0_bw="8" op_1_bw="128" op_2_bw="32" op_3_bw="32">
<![CDATA[
:8  %B_3 = call i8 @_ssdm_op_PartSelect.i8.i128.i32.i32(i128 %state_i_read_3, i32 24, i32 31)

]]></node>
<StgValue><ssdm name="B_3"/></StgValue>
</operation>

<operation id="11" st_id="1" stage="1" lat="1">
<core></core>
<MemPortIdVec></MemPortIdVec>
<condition id="-1">
<or_exp><and_exp></and_exp></or_exp>
</condition>

<node id="11" bw="32" op_0_bw="32" op_1_bw="8" op_2_bw="8" op_3_bw="8" op_4_bw="8">
<![CDATA[
:9  %call_ret1 = call fastcc { i8, i8, i8, i8 } @Cipher_Four_Term_Multiplication(i8 %B_0, i8 %B_1, i8 %B_2, i8 %B_3)

]]></node>
<StgValue><ssdm name="call_ret1"/></StgValue>
</operation>

<operation id="12" st_id="1" stage="1" lat="1">
<core>NULL</core>
<MemPortIdVec></MemPortIdVec>
<condition id="-1">
<or_exp><and_exp></and_exp></or_exp>
</condition>

<node id="12" bw="8" op_0_bw="32">
<![CDATA[
:10  %temp_0 = extractvalue { i8, i8, i8, i8 } %call_ret1, 0

]]></node>
<StgValue><ssdm name="temp_0"/></StgValue>
</operation>

<operation id="13" st_id="1" stage="1" lat="1">
<core>NULL</core>
<MemPortIdVec></MemPortIdVec>
<condition id="-1">
<or_exp><and_exp></and_exp></or_exp>
</condition>

<node id="13" bw="8" op_0_bw="32">
<![CDATA[
:11  %temp_1 = extractvalue { i8, i8, i8, i8 } %call_ret1, 1

]]></node>
<StgValue><ssdm name="temp_1"/></StgValue>
</operation>

<operation id="14" st_id="1" stage="1" lat="1">
<core>NULL</core>
<MemPortIdVec></MemPortIdVec>
<condition id="-1">
<or_exp><and_exp></and_exp></or_exp>
</condition>

<node id="14" bw="8" op_0_bw="32">
<![CDATA[
:12  %temp_2 = extractvalue { i8, i8, i8, i8 } %call_ret1, 2

]]></node>
<StgValue><ssdm name="temp_2"/></StgValue>
</operation>

<operation id="15" st_id="1" stage="1" lat="1">
<core>NULL</core>
<MemPortIdVec></MemPortIdVec>
<condition id="-1">
<or_exp><and_exp></and_exp></or_exp>
</condition>

<node id="15" bw="8" op_0_bw="32">
<![CDATA[
:13  %temp_3 = extractvalue { i8, i8, i8, i8 } %call_ret1, 3

]]></node>
<StgValue><ssdm name="temp_3"/></StgValue>
</operation>

<operation id="16" st_id="1" stage="1" lat="1">
<core>NULL</core>
<MemPortIdVec></MemPortIdVec>
<condition id="-1">
<or_exp><and_exp></and_exp></or_exp>
</condition>

<node id="16" bw="8" op_0_bw="8" op_1_bw="128" op_2_bw="32" op_3_bw="32">
<![CDATA[
:14  %B_0_1 = call i8 @_ssdm_op_PartSelect.i8.i128.i32.i32(i128 %state_i_read_3, i32 32, i32 39)

]]></node>
<StgValue><ssdm name="B_0_1"/></StgValue>
</operation>

<operation id="17" st_id="1" stage="1" lat="1">
<core>NULL</core>
<MemPortIdVec></MemPortIdVec>
<condition id="-1">
<or_exp><and_exp></and_exp></or_exp>
</condition>

<node id="17" bw="8" op_0_bw="8" op_1_bw="128" op_2_bw="32" op_3_bw="32">
<![CDATA[
:15  %B_1_1 = call i8 @_ssdm_op_PartSelect.i8.i128.i32.i32(i128 %state_i_read_3, i32 40, i32 47)

]]></node>
<StgValue><ssdm name="B_1_1"/></StgValue>
</operation>

<operation id="18" st_id="1" stage="1" lat="1">
<core>NULL</core>
<MemPortIdVec></MemPortIdVec>
<condition id="-1">
<or_exp><and_exp></and_exp></or_exp>
</condition>

<node id="18" bw="8" op_0_bw="8" op_1_bw="128" op_2_bw="32" op_3_bw="32">
<![CDATA[
:16  %B_2_1 = call i8 @_ssdm_op_PartSelect.i8.i128.i32.i32(i128 %state_i_read_3, i32 48, i32 55)

]]></node>
<StgValue><ssdm name="B_2_1"/></StgValue>
</operation>

<operation id="19" st_id="1" stage="1" lat="1">
<core>NULL</core>
<MemPortIdVec></MemPortIdVec>
<condition id="-1">
<or_exp><and_exp></and_exp></or_exp>
</condition>

<node id="19" bw="8" op_0_bw="8" op_1_bw="128" op_2_bw="32" op_3_bw="32">
<![CDATA[
:17  %B_3_1 = call i8 @_ssdm_op_PartSelect.i8.i128.i32.i32(i128 %state_i_read_3, i32 56, i32 63)

]]></node>
<StgValue><ssdm name="B_3_1"/></StgValue>
</operation>

<operation id="20" st_id="1" stage="1" lat="1">
<core></core>
<MemPortIdVec></MemPortIdVec>
<condition id="-1">
<or_exp><and_exp></and_exp></or_exp>
</condition>

<node id="20" bw="32" op_0_bw="32" op_1_bw="8" op_2_bw="8" op_3_bw="8" op_4_bw="8">
<![CDATA[
:18  %call_ret2 = call fastcc { i8, i8, i8, i8 } @Cipher_Four_Term_Multiplication(i8 %B_0_1, i8 %B_1_1, i8 %B_2_1, i8 %B_3_1)

]]></node>
<StgValue><ssdm name="call_ret2"/></StgValue>
</operation>

<operation id="21" st_id="1" stage="1" lat="1">
<core>NULL</core>
<MemPortIdVec></MemPortIdVec>
<condition id="-1">
<or_exp><and_exp></and_exp></or_exp>
</condition>

<node id="21" bw="8" op_0_bw="32">
<![CDATA[
:19  %temp_0_1 = extractvalue { i8, i8, i8, i8 } %call_ret2, 0

]]></node>
<StgValue><ssdm name="temp_0_1"/></StgValue>
</operation>

<operation id="22" st_id="1" stage="1" lat="1">
<core>NULL</core>
<MemPortIdVec></MemPortIdVec>
<condition id="-1">
<or_exp><and_exp></and_exp></or_exp>
</condition>

<node id="22" bw="8" op_0_bw="32">
<![CDATA[
:20  %temp_1_1 = extractvalue { i8, i8, i8, i8 } %call_ret2, 1

]]></node>
<StgValue><ssdm name="temp_1_1"/></StgValue>
</operation>

<operation id="23" st_id="1" stage="1" lat="1">
<core>NULL</core>
<MemPortIdVec></MemPortIdVec>
<condition id="-1">
<or_exp><and_exp></and_exp></or_exp>
</condition>

<node id="23" bw="8" op_0_bw="32">
<![CDATA[
:21  %temp_2_1 = extractvalue { i8, i8, i8, i8 } %call_ret2, 2

]]></node>
<StgValue><ssdm name="temp_2_1"/></StgValue>
</operation>

<operation id="24" st_id="1" stage="1" lat="1">
<core>NULL</core>
<MemPortIdVec></MemPortIdVec>
<condition id="-1">
<or_exp><and_exp></and_exp></or_exp>
</condition>

<node id="24" bw="8" op_0_bw="32">
<![CDATA[
:22  %temp_3_1 = extractvalue { i8, i8, i8, i8 } %call_ret2, 3

]]></node>
<StgValue><ssdm name="temp_3_1"/></StgValue>
</operation>

<operation id="25" st_id="1" stage="1" lat="1">
<core>NULL</core>
<MemPortIdVec></MemPortIdVec>
<condition id="-1">
<or_exp><and_exp></and_exp></or_exp>
</condition>

<node id="25" bw="8" op_0_bw="8" op_1_bw="128" op_2_bw="32" op_3_bw="32">
<![CDATA[
:23  %B_0_2 = call i8 @_ssdm_op_PartSelect.i8.i128.i32.i32(i128 %state_i_read_3, i32 64, i32 71)

]]></node>
<StgValue><ssdm name="B_0_2"/></StgValue>
</operation>

<operation id="26" st_id="1" stage="1" lat="1">
<core>NULL</core>
<MemPortIdVec></MemPortIdVec>
<condition id="-1">
<or_exp><and_exp></and_exp></or_exp>
</condition>

<node id="26" bw="8" op_0_bw="8" op_1_bw="128" op_2_bw="32" op_3_bw="32">
<![CDATA[
:24  %B_1_2 = call i8 @_ssdm_op_PartSelect.i8.i128.i32.i32(i128 %state_i_read_3, i32 72, i32 79)

]]></node>
<StgValue><ssdm name="B_1_2"/></StgValue>
</operation>

<operation id="27" st_id="1" stage="1" lat="1">
<core>NULL</core>
<MemPortIdVec></MemPortIdVec>
<condition id="-1">
<or_exp><and_exp></and_exp></or_exp>
</condition>

<node id="27" bw="8" op_0_bw="8" op_1_bw="128" op_2_bw="32" op_3_bw="32">
<![CDATA[
:25  %B_2_2 = call i8 @_ssdm_op_PartSelect.i8.i128.i32.i32(i128 %state_i_read_3, i32 80, i32 87)

]]></node>
<StgValue><ssdm name="B_2_2"/></StgValue>
</operation>

<operation id="28" st_id="1" stage="1" lat="1">
<core>NULL</core>
<MemPortIdVec></MemPortIdVec>
<condition id="-1">
<or_exp><and_exp></and_exp></or_exp>
</condition>

<node id="28" bw="8" op_0_bw="8" op_1_bw="128" op_2_bw="32" op_3_bw="32">
<![CDATA[
:26  %B_3_2 = call i8 @_ssdm_op_PartSelect.i8.i128.i32.i32(i128 %state_i_read_3, i32 88, i32 95)

]]></node>
<StgValue><ssdm name="B_3_2"/></StgValue>
</operation>

<operation id="29" st_id="1" stage="1" lat="1">
<core></core>
<MemPortIdVec></MemPortIdVec>
<condition id="-1">
<or_exp><and_exp></and_exp></or_exp>
</condition>

<node id="29" bw="32" op_0_bw="32" op_1_bw="8" op_2_bw="8" op_3_bw="8" op_4_bw="8">
<![CDATA[
:27  %call_ret3 = call fastcc { i8, i8, i8, i8 } @Cipher_Four_Term_Multiplication(i8 %B_0_2, i8 %B_1_2, i8 %B_2_2, i8 %B_3_2)

]]></node>
<StgValue><ssdm name="call_ret3"/></StgValue>
</operation>

<operation id="30" st_id="1" stage="1" lat="1">
<core>NULL</core>
<MemPortIdVec></MemPortIdVec>
<condition id="-1">
<or_exp><and_exp></and_exp></or_exp>
</condition>

<node id="30" bw="8" op_0_bw="32">
<![CDATA[
:28  %temp_0_2 = extractvalue { i8, i8, i8, i8 } %call_ret3, 0

]]></node>
<StgValue><ssdm name="temp_0_2"/></StgValue>
</operation>

<operation id="31" st_id="1" stage="1" lat="1">
<core>NULL</core>
<MemPortIdVec></MemPortIdVec>
<condition id="-1">
<or_exp><and_exp></and_exp></or_exp>
</condition>

<node id="31" bw="8" op_0_bw="32">
<![CDATA[
:29  %temp_1_2 = extractvalue { i8, i8, i8, i8 } %call_ret3, 1

]]></node>
<StgValue><ssdm name="temp_1_2"/></StgValue>
</operation>

<operation id="32" st_id="1" stage="1" lat="1">
<core>NULL</core>
<MemPortIdVec></MemPortIdVec>
<condition id="-1">
<or_exp><and_exp></and_exp></or_exp>
</condition>

<node id="32" bw="8" op_0_bw="32">
<![CDATA[
:30  %temp_2_2 = extractvalue { i8, i8, i8, i8 } %call_ret3, 2

]]></node>
<StgValue><ssdm name="temp_2_2"/></StgValue>
</operation>

<operation id="33" st_id="1" stage="1" lat="1">
<core>NULL</core>
<MemPortIdVec></MemPortIdVec>
<condition id="-1">
<or_exp><and_exp></and_exp></or_exp>
</condition>

<node id="33" bw="8" op_0_bw="32">
<![CDATA[
:31  %temp_3_2 = extractvalue { i8, i8, i8, i8 } %call_ret3, 3

]]></node>
<StgValue><ssdm name="temp_3_2"/></StgValue>
</operation>

<operation id="34" st_id="1" stage="1" lat="1">
<core>NULL</core>
<MemPortIdVec></MemPortIdVec>
<condition id="-1">
<or_exp><and_exp></and_exp></or_exp>
</condition>

<node id="34" bw="8" op_0_bw="8" op_1_bw="128" op_2_bw="32" op_3_bw="32">
<![CDATA[
:32  %B_0_3 = call i8 @_ssdm_op_PartSelect.i8.i128.i32.i32(i128 %state_i_read_3, i32 96, i32 103)

]]></node>
<StgValue><ssdm name="B_0_3"/></StgValue>
</operation>

<operation id="35" st_id="1" stage="1" lat="1">
<core>NULL</core>
<MemPortIdVec></MemPortIdVec>
<condition id="-1">
<or_exp><and_exp></and_exp></or_exp>
</condition>

<node id="35" bw="8" op_0_bw="8" op_1_bw="128" op_2_bw="32" op_3_bw="32">
<![CDATA[
:33  %B_1_3 = call i8 @_ssdm_op_PartSelect.i8.i128.i32.i32(i128 %state_i_read_3, i32 104, i32 111)

]]></node>
<StgValue><ssdm name="B_1_3"/></StgValue>
</operation>

<operation id="36" st_id="1" stage="1" lat="1">
<core>NULL</core>
<MemPortIdVec></MemPortIdVec>
<condition id="-1">
<or_exp><and_exp></and_exp></or_exp>
</condition>

<node id="36" bw="8" op_0_bw="8" op_1_bw="128" op_2_bw="32" op_3_bw="32">
<![CDATA[
:34  %B_2_3 = call i8 @_ssdm_op_PartSelect.i8.i128.i32.i32(i128 %state_i_read_3, i32 112, i32 119)

]]></node>
<StgValue><ssdm name="B_2_3"/></StgValue>
</operation>

<operation id="37" st_id="1" stage="1" lat="1">
<core>NULL</core>
<MemPortIdVec></MemPortIdVec>
<condition id="-1">
<or_exp><and_exp></and_exp></or_exp>
</condition>

<node id="37" bw="8" op_0_bw="8" op_1_bw="128" op_2_bw="32" op_3_bw="32">
<![CDATA[
:35  %B_3_3 = call i8 @_ssdm_op_PartSelect.i8.i128.i32.i32(i128 %state_i_read_3, i32 120, i32 127)

]]></node>
<StgValue><ssdm name="B_3_3"/></StgValue>
</operation>

<operation id="38" st_id="1" stage="1" lat="1">
<core></core>
<MemPortIdVec></MemPortIdVec>
<condition id="-1">
<or_exp><and_exp></and_exp></or_exp>
</condition>

<node id="38" bw="32" op_0_bw="32" op_1_bw="8" op_2_bw="8" op_3_bw="8" op_4_bw="8">
<![CDATA[
:36  %call_ret = call fastcc { i8, i8, i8, i8 } @Cipher_Four_Term_Multiplication(i8 %B_0_3, i8 %B_1_3, i8 %B_2_3, i8 %B_3_3)

]]></node>
<StgValue><ssdm name="call_ret"/></StgValue>
</operation>

<operation id="39" st_id="1" stage="1" lat="1">
<core>NULL</core>
<MemPortIdVec></MemPortIdVec>
<condition id="-1">
<or_exp><and_exp></and_exp></or_exp>
</condition>

<node id="39" bw="8" op_0_bw="32">
<![CDATA[
:37  %temp_0_3 = extractvalue { i8, i8, i8, i8 } %call_ret, 0

]]></node>
<StgValue><ssdm name="temp_0_3"/></StgValue>
</operation>

<operation id="40" st_id="1" stage="1" lat="1">
<core>NULL</core>
<MemPortIdVec></MemPortIdVec>
<condition id="-1">
<or_exp><and_exp></and_exp></or_exp>
</condition>

<node id="40" bw="8" op_0_bw="32">
<![CDATA[
:38  %temp_1_3 = extractvalue { i8, i8, i8, i8 } %call_ret, 1

]]></node>
<StgValue><ssdm name="temp_1_3"/></StgValue>
</operation>

<operation id="41" st_id="1" stage="1" lat="1">
<core>NULL</core>
<MemPortIdVec></MemPortIdVec>
<condition id="-1">
<or_exp><and_exp></and_exp></or_exp>
</condition>

<node id="41" bw="8" op_0_bw="32">
<![CDATA[
:39  %temp_2_3 = extractvalue { i8, i8, i8, i8 } %call_ret, 2

]]></node>
<StgValue><ssdm name="temp_2_3"/></StgValue>
</operation>

<operation id="42" st_id="1" stage="1" lat="1">
<core>NULL</core>
<MemPortIdVec></MemPortIdVec>
<condition id="-1">
<or_exp><and_exp></and_exp></or_exp>
</condition>

<node id="42" bw="8" op_0_bw="32">
<![CDATA[
:40  %temp_3_3 = extractvalue { i8, i8, i8, i8 } %call_ret, 3

]]></node>
<StgValue><ssdm name="temp_3_3"/></StgValue>
</operation>

<operation id="43" st_id="1" stage="1" lat="1">
<core>NULL</core>
<MemPortIdVec></MemPortIdVec>
<condition id="-1">
<or_exp><and_exp></and_exp></or_exp>
</condition>

<node id="43" bw="128" op_0_bw="128" op_1_bw="8" op_2_bw="8" op_3_bw="8" op_4_bw="8" op_5_bw="8" op_6_bw="8" op_7_bw="8" op_8_bw="8" op_9_bw="8" op_10_bw="8" op_11_bw="8" op_12_bw="8" op_13_bw="8" op_14_bw="8" op_15_bw="8" op_16_bw="8">
<![CDATA[
:41  %state_o = call i128 @_ssdm_op_BitConcatenate.i128.i8.i8.i8.i8.i8.i8.i8.i8.i8.i8.i8.i8.i8.i8.i8.i8(i8 %temp_3_3, i8 %temp_2_3, i8 %temp_1_3, i8 %temp_0_3, i8 %temp_3_2, i8 %temp_2_2, i8 %temp_1_2, i8 %temp_0_2, i8 %temp_3_1, i8 %temp_2_1, i8 %temp_1_1, i8 %temp_0_1, i8 %temp_3, i8 %temp_2, i8 %temp_1, i8 %temp_0)

]]></node>
<StgValue><ssdm name="state_o"/></StgValue>
</operation>

<operation id="44" st_id="1" stage="1" lat="1">
<core>NULL</core>
<MemPortIdVec></MemPortIdVec>
<condition id="-1">
<or_exp><and_exp></and_exp></or_exp>
</condition>

<node id="44" bw="0" op_0_bw="128">
<![CDATA[
:42  ret i128 %state_o

]]></node>
<StgValue><ssdm name=""/></StgValue>
</operation>
</state>
</state_list>


<ports>
<port id="46" name="state_i_read" dir="0" iftype="0">
<core>NULL</core><StgValue><ssdm name="state_i_read"/></StgValue>
</port>
</ports>


<dataflows>
<dataflow id="48" from="_ssdm_op_Read.ap_none.i128" to="state_i_read_3" fromId="47" toId="2">
</dataflow>
<dataflow id="49" from="state_i_read" to="state_i_read_3" fromId="46" toId="2">
</dataflow>
<dataflow id="51" from="_ssdm_op_SpecInterface" to="stg_3" fromId="50" toId="3">
</dataflow>
<dataflow id="52" from="state_i_read" to="stg_3" fromId="46" toId="3">
</dataflow>
<dataflow id="54" from="p_str2" to="stg_3" fromId="53" toId="3">
</dataflow>
<dataflow id="56" from="stg_55" to="stg_3" fromId="55" toId="3">
</dataflow>
<dataflow id="57" from="stg_55" to="stg_3" fromId="55" toId="3">
</dataflow>
<dataflow id="58" from="stg_55" to="stg_3" fromId="55" toId="3">
</dataflow>
<dataflow id="59" from="stg_55" to="stg_3" fromId="55" toId="3">
</dataflow>
<dataflow id="61" from="p_str1" to="stg_3" fromId="60" toId="3">
</dataflow>
<dataflow id="62" from="p_str1" to="stg_3" fromId="60" toId="3">
</dataflow>
<dataflow id="63" from="p_str1" to="stg_3" fromId="60" toId="3">
</dataflow>
<dataflow id="64" from="_ssdm_op_SpecInterface" to="stg_4" fromId="50" toId="4">
</dataflow>
<dataflow id="65" from="stg_55" to="stg_4" fromId="55" toId="4">
</dataflow>
<dataflow id="66" from="state_i_read" to="stg_4" fromId="46" toId="4">
</dataflow>
<dataflow id="67" from="p_str2" to="stg_4" fromId="53" toId="4">
</dataflow>
<dataflow id="68" from="stg_55" to="stg_4" fromId="55" toId="4">
</dataflow>
<dataflow id="69" from="stg_55" to="stg_4" fromId="55" toId="4">
</dataflow>
<dataflow id="70" from="stg_55" to="stg_4" fromId="55" toId="4">
</dataflow>
<dataflow id="71" from="stg_55" to="stg_4" fromId="55" toId="4">
</dataflow>
<dataflow id="72" from="p_str1" to="stg_4" fromId="60" toId="4">
</dataflow>
<dataflow id="73" from="p_str1" to="stg_4" fromId="60" toId="4">
</dataflow>
<dataflow id="74" from="p_str1" to="stg_4" fromId="60" toId="4">
</dataflow>
<dataflow id="75" from="_ssdm_op_SpecInterface" to="stg_5" fromId="50" toId="5">
</dataflow>
<dataflow id="76" from="stg_55" to="stg_5" fromId="55" toId="5">
</dataflow>
<dataflow id="78" from="p_str4" to="stg_5" fromId="77" toId="5">
</dataflow>
<dataflow id="79" from="stg_55" to="stg_5" fromId="55" toId="5">
</dataflow>
<dataflow id="80" from="stg_55" to="stg_5" fromId="55" toId="5">
</dataflow>
<dataflow id="81" from="stg_55" to="stg_5" fromId="55" toId="5">
</dataflow>
<dataflow id="82" from="stg_55" to="stg_5" fromId="55" toId="5">
</dataflow>
<dataflow id="83" from="p_str1" to="stg_5" fromId="60" toId="5">
</dataflow>
<dataflow id="84" from="p_str1" to="stg_5" fromId="60" toId="5">
</dataflow>
<dataflow id="85" from="p_str1" to="stg_5" fromId="60" toId="5">
</dataflow>
<dataflow id="87" from="_ssdm_op_SpecPipeline" to="stg_6" fromId="86" toId="6">
</dataflow>
<dataflow id="89" from="stg_88" to="stg_6" fromId="88" toId="6">
</dataflow>
<dataflow id="90" from="stg_88" to="stg_6" fromId="88" toId="6">
</dataflow>
<dataflow id="91" from="stg_88" to="stg_6" fromId="88" toId="6">
</dataflow>
<dataflow id="92" from="stg_55" to="stg_6" fromId="55" toId="6">
</dataflow>
<dataflow id="93" from="p_str1" to="stg_6" fromId="60" toId="6">
</dataflow>
<dataflow id="94" from="state_i_read_3" to="B_0" fromId="2" toId="7">
</dataflow>
<dataflow id="96" from="_ssdm_op_PartSelect.i8.i128.i32.i32" to="B_1" fromId="95" toId="8">
</dataflow>
<dataflow id="97" from="state_i_read_3" to="B_1" fromId="2" toId="8">
</dataflow>
<dataflow id="99" from="stg_98" to="B_1" fromId="98" toId="8">
</dataflow>
<dataflow id="101" from="stg_100" to="B_1" fromId="100" toId="8">
</dataflow>
<dataflow id="102" from="_ssdm_op_PartSelect.i8.i128.i32.i32" to="B_2" fromId="95" toId="9">
</dataflow>
<dataflow id="103" from="state_i_read_3" to="B_2" fromId="2" toId="9">
</dataflow>
<dataflow id="105" from="stg_104" to="B_2" fromId="104" toId="9">
</dataflow>
<dataflow id="107" from="stg_106" to="B_2" fromId="106" toId="9">
</dataflow>
<dataflow id="108" from="_ssdm_op_PartSelect.i8.i128.i32.i32" to="B_3" fromId="95" toId="10">
</dataflow>
<dataflow id="109" from="state_i_read_3" to="B_3" fromId="2" toId="10">
</dataflow>
<dataflow id="111" from="stg_110" to="B_3" fromId="110" toId="10">
</dataflow>
<dataflow id="113" from="stg_112" to="B_3" fromId="112" toId="10">
</dataflow>
<dataflow id="115" from="Cipher_Four_Term_Multiplication" to="call_ret1" fromId="114" toId="11">
</dataflow>
<dataflow id="116" from="B_0" to="call_ret1" fromId="7" toId="11">
</dataflow>
<dataflow id="117" from="B_1" to="call_ret1" fromId="8" toId="11">
</dataflow>
<dataflow id="118" from="B_2" to="call_ret1" fromId="9" toId="11">
</dataflow>
<dataflow id="119" from="B_3" to="call_ret1" fromId="10" toId="11">
</dataflow>
<dataflow id="120" from="call_ret1" to="temp_0" fromId="11" toId="12">
</dataflow>
<dataflow id="121" from="call_ret1" to="temp_1" fromId="11" toId="13">
</dataflow>
<dataflow id="122" from="call_ret1" to="temp_2" fromId="11" toId="14">
</dataflow>
<dataflow id="123" from="call_ret1" to="temp_3" fromId="11" toId="15">
</dataflow>
<dataflow id="124" from="_ssdm_op_PartSelect.i8.i128.i32.i32" to="B_0_1" fromId="95" toId="16">
</dataflow>
<dataflow id="125" from="state_i_read_3" to="B_0_1" fromId="2" toId="16">
</dataflow>
<dataflow id="127" from="stg_126" to="B_0_1" fromId="126" toId="16">
</dataflow>
<dataflow id="129" from="stg_128" to="B_0_1" fromId="128" toId="16">
</dataflow>
<dataflow id="130" from="_ssdm_op_PartSelect.i8.i128.i32.i32" to="B_1_1" fromId="95" toId="17">
</dataflow>
<dataflow id="131" from="state_i_read_3" to="B_1_1" fromId="2" toId="17">
</dataflow>
<dataflow id="133" from="stg_132" to="B_1_1" fromId="132" toId="17">
</dataflow>
<dataflow id="135" from="stg_134" to="B_1_1" fromId="134" toId="17">
</dataflow>
<dataflow id="136" from="_ssdm_op_PartSelect.i8.i128.i32.i32" to="B_2_1" fromId="95" toId="18">
</dataflow>
<dataflow id="137" from="state_i_read_3" to="B_2_1" fromId="2" toId="18">
</dataflow>
<dataflow id="139" from="stg_138" to="B_2_1" fromId="138" toId="18">
</dataflow>
<dataflow id="141" from="stg_140" to="B_2_1" fromId="140" toId="18">
</dataflow>
<dataflow id="142" from="_ssdm_op_PartSelect.i8.i128.i32.i32" to="B_3_1" fromId="95" toId="19">
</dataflow>
<dataflow id="143" from="state_i_read_3" to="B_3_1" fromId="2" toId="19">
</dataflow>
<dataflow id="145" from="stg_144" to="B_3_1" fromId="144" toId="19">
</dataflow>
<dataflow id="147" from="stg_146" to="B_3_1" fromId="146" toId="19">
</dataflow>
<dataflow id="148" from="Cipher_Four_Term_Multiplication" to="call_ret2" fromId="114" toId="20">
</dataflow>
<dataflow id="149" from="B_0_1" to="call_ret2" fromId="16" toId="20">
</dataflow>
<dataflow id="150" from="B_1_1" to="call_ret2" fromId="17" toId="20">
</dataflow>
<dataflow id="151" from="B_2_1" to="call_ret2" fromId="18" toId="20">
</dataflow>
<dataflow id="152" from="B_3_1" to="call_ret2" fromId="19" toId="20">
</dataflow>
<dataflow id="153" from="call_ret2" to="temp_0_1" fromId="20" toId="21">
</dataflow>
<dataflow id="154" from="call_ret2" to="temp_1_1" fromId="20" toId="22">
</dataflow>
<dataflow id="155" from="call_ret2" to="temp_2_1" fromId="20" toId="23">
</dataflow>
<dataflow id="156" from="call_ret2" to="temp_3_1" fromId="20" toId="24">
</dataflow>
<dataflow id="157" from="_ssdm_op_PartSelect.i8.i128.i32.i32" to="B_0_2" fromId="95" toId="25">
</dataflow>
<dataflow id="158" from="state_i_read_3" to="B_0_2" fromId="2" toId="25">
</dataflow>
<dataflow id="160" from="stg_159" to="B_0_2" fromId="159" toId="25">
</dataflow>
<dataflow id="162" from="stg_161" to="B_0_2" fromId="161" toId="25">
</dataflow>
<dataflow id="163" from="_ssdm_op_PartSelect.i8.i128.i32.i32" to="B_1_2" fromId="95" toId="26">
</dataflow>
<dataflow id="164" from="state_i_read_3" to="B_1_2" fromId="2" toId="26">
</dataflow>
<dataflow id="166" from="stg_165" to="B_1_2" fromId="165" toId="26">
</dataflow>
<dataflow id="168" from="stg_167" to="B_1_2" fromId="167" toId="26">
</dataflow>
<dataflow id="169" from="_ssdm_op_PartSelect.i8.i128.i32.i32" to="B_2_2" fromId="95" toId="27">
</dataflow>
<dataflow id="170" from="state_i_read_3" to="B_2_2" fromId="2" toId="27">
</dataflow>
<dataflow id="172" from="stg_171" to="B_2_2" fromId="171" toId="27">
</dataflow>
<dataflow id="174" from="stg_173" to="B_2_2" fromId="173" toId="27">
</dataflow>
<dataflow id="175" from="_ssdm_op_PartSelect.i8.i128.i32.i32" to="B_3_2" fromId="95" toId="28">
</dataflow>
<dataflow id="176" from="state_i_read_3" to="B_3_2" fromId="2" toId="28">
</dataflow>
<dataflow id="178" from="stg_177" to="B_3_2" fromId="177" toId="28">
</dataflow>
<dataflow id="180" from="stg_179" to="B_3_2" fromId="179" toId="28">
</dataflow>
<dataflow id="181" from="Cipher_Four_Term_Multiplication" to="call_ret3" fromId="114" toId="29">
</dataflow>
<dataflow id="182" from="B_0_2" to="call_ret3" fromId="25" toId="29">
</dataflow>
<dataflow id="183" from="B_1_2" to="call_ret3" fromId="26" toId="29">
</dataflow>
<dataflow id="184" from="B_2_2" to="call_ret3" fromId="27" toId="29">
</dataflow>
<dataflow id="185" from="B_3_2" to="call_ret3" fromId="28" toId="29">
</dataflow>
<dataflow id="186" from="call_ret3" to="temp_0_2" fromId="29" toId="30">
</dataflow>
<dataflow id="187" from="call_ret3" to="temp_1_2" fromId="29" toId="31">
</dataflow>
<dataflow id="188" from="call_ret3" to="temp_2_2" fromId="29" toId="32">
</dataflow>
<dataflow id="189" from="call_ret3" to="temp_3_2" fromId="29" toId="33">
</dataflow>
<dataflow id="190" from="_ssdm_op_PartSelect.i8.i128.i32.i32" to="B_0_3" fromId="95" toId="34">
</dataflow>
<dataflow id="191" from="state_i_read_3" to="B_0_3" fromId="2" toId="34">
</dataflow>
<dataflow id="193" from="stg_192" to="B_0_3" fromId="192" toId="34">
</dataflow>
<dataflow id="195" from="stg_194" to="B_0_3" fromId="194" toId="34">
</dataflow>
<dataflow id="196" from="_ssdm_op_PartSelect.i8.i128.i32.i32" to="B_1_3" fromId="95" toId="35">
</dataflow>
<dataflow id="197" from="state_i_read_3" to="B_1_3" fromId="2" toId="35">
</dataflow>
<dataflow id="199" from="stg_198" to="B_1_3" fromId="198" toId="35">
</dataflow>
<dataflow id="201" from="stg_200" to="B_1_3" fromId="200" toId="35">
</dataflow>
<dataflow id="202" from="_ssdm_op_PartSelect.i8.i128.i32.i32" to="B_2_3" fromId="95" toId="36">
</dataflow>
<dataflow id="203" from="state_i_read_3" to="B_2_3" fromId="2" toId="36">
</dataflow>
<dataflow id="205" from="stg_204" to="B_2_3" fromId="204" toId="36">
</dataflow>
<dataflow id="207" from="stg_206" to="B_2_3" fromId="206" toId="36">
</dataflow>
<dataflow id="208" from="_ssdm_op_PartSelect.i8.i128.i32.i32" to="B_3_3" fromId="95" toId="37">
</dataflow>
<dataflow id="209" from="state_i_read_3" to="B_3_3" fromId="2" toId="37">
</dataflow>
<dataflow id="211" from="stg_210" to="B_3_3" fromId="210" toId="37">
</dataflow>
<dataflow id="213" from="stg_212" to="B_3_3" fromId="212" toId="37">
</dataflow>
<dataflow id="214" from="Cipher_Four_Term_Multiplication" to="call_ret" fromId="114" toId="38">
</dataflow>
<dataflow id="215" from="B_0_3" to="call_ret" fromId="34" toId="38">
</dataflow>
<dataflow id="216" from="B_1_3" to="call_ret" fromId="35" toId="38">
</dataflow>
<dataflow id="217" from="B_2_3" to="call_ret" fromId="36" toId="38">
</dataflow>
<dataflow id="218" from="B_3_3" to="call_ret" fromId="37" toId="38">
</dataflow>
<dataflow id="219" from="call_ret" to="temp_0_3" fromId="38" toId="39">
</dataflow>
<dataflow id="220" from="call_ret" to="temp_1_3" fromId="38" toId="40">
</dataflow>
<dataflow id="221" from="call_ret" to="temp_2_3" fromId="38" toId="41">
</dataflow>
<dataflow id="222" from="call_ret" to="temp_3_3" fromId="38" toId="42">
</dataflow>
<dataflow id="224" from="_ssdm_op_BitConcatenate.i128.i8.i8.i8.i8.i8.i8.i8.i8.i8.i8.i8.i8.i8.i8.i8.i8" to="state_o" fromId="223" toId="43">
</dataflow>
<dataflow id="225" from="temp_3_3" to="state_o" fromId="42" toId="43">
</dataflow>
<dataflow id="226" from="temp_2_3" to="state_o" fromId="41" toId="43">
</dataflow>
<dataflow id="227" from="temp_1_3" to="state_o" fromId="40" toId="43">
</dataflow>
<dataflow id="228" from="temp_0_3" to="state_o" fromId="39" toId="43">
</dataflow>
<dataflow id="229" from="temp_3_2" to="state_o" fromId="33" toId="43">
</dataflow>
<dataflow id="230" from="temp_2_2" to="state_o" fromId="32" toId="43">
</dataflow>
<dataflow id="231" from="temp_1_2" to="state_o" fromId="31" toId="43">
</dataflow>
<dataflow id="232" from="temp_0_2" to="state_o" fromId="30" toId="43">
</dataflow>
<dataflow id="233" from="temp_3_1" to="state_o" fromId="24" toId="43">
</dataflow>
<dataflow id="234" from="temp_2_1" to="state_o" fromId="23" toId="43">
</dataflow>
<dataflow id="235" from="temp_1_1" to="state_o" fromId="22" toId="43">
</dataflow>
<dataflow id="236" from="temp_0_1" to="state_o" fromId="21" toId="43">
</dataflow>
<dataflow id="237" from="temp_3" to="state_o" fromId="15" toId="43">
</dataflow>
<dataflow id="238" from="temp_2" to="state_o" fromId="14" toId="43">
</dataflow>
<dataflow id="239" from="temp_1" to="state_o" fromId="13" toId="43">
</dataflow>
<dataflow id="240" from="temp_0" to="state_o" fromId="12" toId="43">
</dataflow>
<dataflow id="241" from="state_o" to="stg_44" fromId="43" toId="44">
</dataflow>
</dataflows>


</stg>
