<stg><name>Cipher</name>


<trans_list>

<trans id="114" from="1" to="2">
<condition id="21">
<or_exp><and_exp></and_exp></or_exp>
</condition>
</trans>

<trans id="115" from="2" to="3">
<condition id="22">
<or_exp><and_exp></and_exp></or_exp>
</condition>
</trans>

<trans id="116" from="3" to="4">
<condition id="23">
<or_exp><and_exp></and_exp></or_exp>
</condition>
</trans>

<trans id="117" from="4" to="5">
<condition id="24">
<or_exp><and_exp></and_exp></or_exp>
</condition>
</trans>

<trans id="118" from="5" to="6">
<condition id="25">
<or_exp><and_exp></and_exp></or_exp>
</condition>
</trans>

<trans id="119" from="6" to="7">
<condition id="26">
<or_exp><and_exp></and_exp></or_exp>
</condition>
</trans>

<trans id="120" from="7" to="8">
<condition id="27">
<or_exp><and_exp></and_exp></or_exp>
</condition>
</trans>

<trans id="121" from="8" to="9">
<condition id="28">
<or_exp><and_exp></and_exp></or_exp>
</condition>
</trans>

<trans id="122" from="9" to="10">
<condition id="29">
<or_exp><and_exp></and_exp></or_exp>
</condition>
</trans>

<trans id="123" from="10" to="11">
<condition id="30">
<or_exp><and_exp></and_exp></or_exp>
</condition>
</trans>

<trans id="124" from="11" to="12">
<condition id="31">
<or_exp><and_exp></and_exp></or_exp>
</condition>
</trans>

<trans id="125" from="12" to="13">
<condition id="32">
<or_exp><and_exp></and_exp></or_exp>
</condition>
</trans>

<trans id="126" from="13" to="14">
<condition id="33">
<or_exp><and_exp></and_exp></or_exp>
</condition>
</trans>

<trans id="127" from="14" to="15">
<condition id="34">
<or_exp><and_exp></and_exp></or_exp>
</condition>
</trans>

<trans id="128" from="15" to="16">
<condition id="35">
<or_exp><and_exp></and_exp></or_exp>
</condition>
</trans>

<trans id="129" from="16" to="17">
<condition id="36">
<or_exp><and_exp></and_exp></or_exp>
</condition>
</trans>

<trans id="130" from="17" to="18">
<condition id="37">
<or_exp><and_exp></and_exp></or_exp>
</condition>
</trans>

<trans id="131" from="18" to="19">
<condition id="38">
<or_exp><and_exp></and_exp></or_exp>
</condition>
</trans>

<trans id="132" from="19" to="20">
<condition id="39">
<or_exp><and_exp></and_exp></or_exp>
</condition>
</trans>

<trans id="133" from="20" to="21">
<condition id="40">
<or_exp><and_exp></and_exp></or_exp>
</condition>
</trans>

<trans id="134" from="21" to="22">
<condition id="41">
<or_exp><and_exp></and_exp></or_exp>
</condition>
</trans>
</trans_list>



<state_list>

<state id="1" st_id="1">

<operation id="23" st_id="1" stage="1" lat="1">
<core>NULL</core>
<MemPortIdVec></MemPortIdVec>
<condition id="-1">
<or_exp><and_exp></and_exp></or_exp>
</condition>

<node id="10" bw="128" op_0_bw="128" op_1_bw="128">
<![CDATA[
.preheader5.preheader.0:5  %cipher_state = call i128 @_ssdm_op_Read.ap_auto.i128P(i128* %in_r)

]]></node>
<StgValue><ssdm name="cipher_state"/></StgValue>
</operation>

<operation id="24" st_id="1" stage="2" lat="2">
<core></core>
<MemPortIdVec></MemPortIdVec>
<condition id="-1">
<or_exp><and_exp></and_exp></or_exp>
</condition>

<node id="11" bw="128" op_0_bw="128" op_1_bw="128" op_2_bw="128" op_3_bw="5">
<![CDATA[
.preheader5.preheader.0:6  %cipher_state_1 = call fastcc i128 @Cipher_AddRoundKey(i128 %cipher_state, [11 x i128]* %w, i5 0)

]]></node>
<StgValue><ssdm name="cipher_state_1"/></StgValue>
</operation>
</state>

<state id="2" st_id="2">

<operation id="25" st_id="2" stage="1" lat="2">
<core></core>
<MemPortIdVec></MemPortIdVec>
<condition id="-1">
<or_exp><and_exp></and_exp></or_exp>
</condition>

<node id="11" bw="128" op_0_bw="128" op_1_bw="128" op_2_bw="128" op_3_bw="5">
<![CDATA[
.preheader5.preheader.0:6  %cipher_state_1 = call fastcc i128 @Cipher_AddRoundKey(i128 %cipher_state, [11 x i128]* %w, i5 0)

]]></node>
<StgValue><ssdm name="cipher_state_1"/></StgValue>
</operation>

<operation id="26" st_id="2" stage="2" lat="2">
<core></core>
<MemPortIdVec></MemPortIdVec>
<condition id="-1">
<or_exp><and_exp></and_exp></or_exp>
</condition>

<node id="12" bw="128" op_0_bw="128" op_1_bw="128">
<![CDATA[
.preheader5.preheader.0:7  %cipher_state_2 = call fastcc i128 @Cipher_SubBytes(i128 %cipher_state_1)

]]></node>
<StgValue><ssdm name="cipher_state_2"/></StgValue>
</operation>
</state>

<state id="3" st_id="3">

<operation id="27" st_id="3" stage="1" lat="2">
<core></core>
<MemPortIdVec></MemPortIdVec>
<condition id="-1">
<or_exp><and_exp></and_exp></or_exp>
</condition>

<node id="12" bw="128" op_0_bw="128" op_1_bw="128">
<![CDATA[
.preheader5.preheader.0:7  %cipher_state_2 = call fastcc i128 @Cipher_SubBytes(i128 %cipher_state_1)

]]></node>
<StgValue><ssdm name="cipher_state_2"/></StgValue>
</operation>

<operation id="28" st_id="3" stage="1" lat="1">
<core></core>
<MemPortIdVec></MemPortIdVec>
<condition id="-1">
<or_exp><and_exp></and_exp></or_exp>
</condition>

<node id="13" bw="128" op_0_bw="128" op_1_bw="128">
<![CDATA[
.preheader5.preheader.0:8  %cipher_state_3 = call fastcc i128 @Cipher_ShiftRows(i128 %cipher_state_2)

]]></node>
<StgValue><ssdm name="cipher_state_3"/></StgValue>
</operation>

<operation id="29" st_id="3" stage="1" lat="1">
<core></core>
<MemPortIdVec></MemPortIdVec>
<condition id="-1">
<or_exp><and_exp></and_exp></or_exp>
</condition>

<node id="14" bw="128" op_0_bw="128" op_1_bw="128">
<![CDATA[
.preheader5.preheader.0:9  %cipher_state_4 = call fastcc i128 @Cipher_MixColumns(i128 %cipher_state_3)

]]></node>
<StgValue><ssdm name="cipher_state_4"/></StgValue>
</operation>

<operation id="30" st_id="3" stage="2" lat="2">
<core></core>
<MemPortIdVec></MemPortIdVec>
<condition id="-1">
<or_exp><and_exp></and_exp></or_exp>
</condition>

<node id="15" bw="128" op_0_bw="128" op_1_bw="128" op_2_bw="128" op_3_bw="5">
<![CDATA[
.preheader5.preheader.0:10  %cipher_state_5 = call fastcc i128 @Cipher_AddRoundKey(i128 %cipher_state_4, [11 x i128]* %w, i5 1)

]]></node>
<StgValue><ssdm name="cipher_state_5"/></StgValue>
</operation>
</state>

<state id="4" st_id="4">

<operation id="31" st_id="4" stage="1" lat="2">
<core></core>
<MemPortIdVec></MemPortIdVec>
<condition id="-1">
<or_exp><and_exp></and_exp></or_exp>
</condition>

<node id="15" bw="128" op_0_bw="128" op_1_bw="128" op_2_bw="128" op_3_bw="5">
<![CDATA[
.preheader5.preheader.0:10  %cipher_state_5 = call fastcc i128 @Cipher_AddRoundKey(i128 %cipher_state_4, [11 x i128]* %w, i5 1)

]]></node>
<StgValue><ssdm name="cipher_state_5"/></StgValue>
</operation>

<operation id="32" st_id="4" stage="2" lat="2">
<core></core>
<MemPortIdVec></MemPortIdVec>
<condition id="-1">
<or_exp><and_exp></and_exp></or_exp>
</condition>

<node id="16" bw="128" op_0_bw="128" op_1_bw="128">
<![CDATA[
.preheader5.preheader.0:11  %cipher_state_6 = call fastcc i128 @Cipher_SubBytes(i128 %cipher_state_5)

]]></node>
<StgValue><ssdm name="cipher_state_6"/></StgValue>
</operation>
</state>

<state id="5" st_id="5">

<operation id="33" st_id="5" stage="1" lat="2">
<core></core>
<MemPortIdVec></MemPortIdVec>
<condition id="-1">
<or_exp><and_exp></and_exp></or_exp>
</condition>

<node id="16" bw="128" op_0_bw="128" op_1_bw="128">
<![CDATA[
.preheader5.preheader.0:11  %cipher_state_6 = call fastcc i128 @Cipher_SubBytes(i128 %cipher_state_5)

]]></node>
<StgValue><ssdm name="cipher_state_6"/></StgValue>
</operation>

<operation id="34" st_id="5" stage="1" lat="1">
<core></core>
<MemPortIdVec></MemPortIdVec>
<condition id="-1">
<or_exp><and_exp></and_exp></or_exp>
</condition>

<node id="17" bw="128" op_0_bw="128" op_1_bw="128">
<![CDATA[
.preheader5.preheader.0:12  %cipher_state_7 = call fastcc i128 @Cipher_ShiftRows(i128 %cipher_state_6)

]]></node>
<StgValue><ssdm name="cipher_state_7"/></StgValue>
</operation>

<operation id="35" st_id="5" stage="1" lat="1">
<core></core>
<MemPortIdVec></MemPortIdVec>
<condition id="-1">
<or_exp><and_exp></and_exp></or_exp>
</condition>

<node id="18" bw="128" op_0_bw="128" op_1_bw="128">
<![CDATA[
.preheader5.preheader.0:13  %cipher_state_8 = call fastcc i128 @Cipher_MixColumns(i128 %cipher_state_7)

]]></node>
<StgValue><ssdm name="cipher_state_8"/></StgValue>
</operation>

<operation id="36" st_id="5" stage="2" lat="2">
<core></core>
<MemPortIdVec></MemPortIdVec>
<condition id="-1">
<or_exp><and_exp></and_exp></or_exp>
</condition>

<node id="19" bw="128" op_0_bw="128" op_1_bw="128" op_2_bw="128" op_3_bw="5">
<![CDATA[
.preheader5.preheader.0:14  %cipher_state_9 = call fastcc i128 @Cipher_AddRoundKey(i128 %cipher_state_8, [11 x i128]* %w, i5 2)

]]></node>
<StgValue><ssdm name="cipher_state_9"/></StgValue>
</operation>
</state>

<state id="6" st_id="6">

<operation id="37" st_id="6" stage="1" lat="2">
<core></core>
<MemPortIdVec></MemPortIdVec>
<condition id="-1">
<or_exp><and_exp></and_exp></or_exp>
</condition>

<node id="19" bw="128" op_0_bw="128" op_1_bw="128" op_2_bw="128" op_3_bw="5">
<![CDATA[
.preheader5.preheader.0:14  %cipher_state_9 = call fastcc i128 @Cipher_AddRoundKey(i128 %cipher_state_8, [11 x i128]* %w, i5 2)

]]></node>
<StgValue><ssdm name="cipher_state_9"/></StgValue>
</operation>

<operation id="38" st_id="6" stage="2" lat="2">
<core></core>
<MemPortIdVec></MemPortIdVec>
<condition id="-1">
<or_exp><and_exp></and_exp></or_exp>
</condition>

<node id="20" bw="128" op_0_bw="128" op_1_bw="128">
<![CDATA[
.preheader5.preheader.0:15  %cipher_state_10 = call fastcc i128 @Cipher_SubBytes(i128 %cipher_state_9)

]]></node>
<StgValue><ssdm name="cipher_state_10"/></StgValue>
</operation>
</state>

<state id="7" st_id="7">

<operation id="39" st_id="7" stage="1" lat="2">
<core></core>
<MemPortIdVec></MemPortIdVec>
<condition id="-1">
<or_exp><and_exp></and_exp></or_exp>
</condition>

<node id="20" bw="128" op_0_bw="128" op_1_bw="128">
<![CDATA[
.preheader5.preheader.0:15  %cipher_state_10 = call fastcc i128 @Cipher_SubBytes(i128 %cipher_state_9)

]]></node>
<StgValue><ssdm name="cipher_state_10"/></StgValue>
</operation>

<operation id="40" st_id="7" stage="1" lat="1">
<core></core>
<MemPortIdVec></MemPortIdVec>
<condition id="-1">
<or_exp><and_exp></and_exp></or_exp>
</condition>

<node id="21" bw="128" op_0_bw="128" op_1_bw="128">
<![CDATA[
.preheader5.preheader.0:16  %cipher_state_11 = call fastcc i128 @Cipher_ShiftRows(i128 %cipher_state_10)

]]></node>
<StgValue><ssdm name="cipher_state_11"/></StgValue>
</operation>

<operation id="41" st_id="7" stage="1" lat="1">
<core></core>
<MemPortIdVec></MemPortIdVec>
<condition id="-1">
<or_exp><and_exp></and_exp></or_exp>
</condition>

<node id="22" bw="128" op_0_bw="128" op_1_bw="128">
<![CDATA[
.preheader5.preheader.0:17  %cipher_state_12 = call fastcc i128 @Cipher_MixColumns(i128 %cipher_state_11)

]]></node>
<StgValue><ssdm name="cipher_state_12"/></StgValue>
</operation>

<operation id="42" st_id="7" stage="2" lat="2">
<core></core>
<MemPortIdVec></MemPortIdVec>
<condition id="-1">
<or_exp><and_exp></and_exp></or_exp>
</condition>

<node id="23" bw="128" op_0_bw="128" op_1_bw="128" op_2_bw="128" op_3_bw="5">
<![CDATA[
.preheader5.preheader.0:18  %cipher_state_13 = call fastcc i128 @Cipher_AddRoundKey(i128 %cipher_state_12, [11 x i128]* %w, i5 3)

]]></node>
<StgValue><ssdm name="cipher_state_13"/></StgValue>
</operation>
</state>

<state id="8" st_id="8">

<operation id="43" st_id="8" stage="1" lat="2">
<core></core>
<MemPortIdVec></MemPortIdVec>
<condition id="-1">
<or_exp><and_exp></and_exp></or_exp>
</condition>

<node id="23" bw="128" op_0_bw="128" op_1_bw="128" op_2_bw="128" op_3_bw="5">
<![CDATA[
.preheader5.preheader.0:18  %cipher_state_13 = call fastcc i128 @Cipher_AddRoundKey(i128 %cipher_state_12, [11 x i128]* %w, i5 3)

]]></node>
<StgValue><ssdm name="cipher_state_13"/></StgValue>
</operation>

<operation id="44" st_id="8" stage="2" lat="2">
<core></core>
<MemPortIdVec></MemPortIdVec>
<condition id="-1">
<or_exp><and_exp></and_exp></or_exp>
</condition>

<node id="24" bw="128" op_0_bw="128" op_1_bw="128">
<![CDATA[
.preheader5.preheader.0:19  %cipher_state_14 = call fastcc i128 @Cipher_SubBytes(i128 %cipher_state_13)

]]></node>
<StgValue><ssdm name="cipher_state_14"/></StgValue>
</operation>
</state>

<state id="9" st_id="9">

<operation id="45" st_id="9" stage="1" lat="2">
<core></core>
<MemPortIdVec></MemPortIdVec>
<condition id="-1">
<or_exp><and_exp></and_exp></or_exp>
</condition>

<node id="24" bw="128" op_0_bw="128" op_1_bw="128">
<![CDATA[
.preheader5.preheader.0:19  %cipher_state_14 = call fastcc i128 @Cipher_SubBytes(i128 %cipher_state_13)

]]></node>
<StgValue><ssdm name="cipher_state_14"/></StgValue>
</operation>

<operation id="46" st_id="9" stage="1" lat="1">
<core></core>
<MemPortIdVec></MemPortIdVec>
<condition id="-1">
<or_exp><and_exp></and_exp></or_exp>
</condition>

<node id="25" bw="128" op_0_bw="128" op_1_bw="128">
<![CDATA[
.preheader5.preheader.0:20  %cipher_state_15 = call fastcc i128 @Cipher_ShiftRows(i128 %cipher_state_14)

]]></node>
<StgValue><ssdm name="cipher_state_15"/></StgValue>
</operation>

<operation id="47" st_id="9" stage="1" lat="1">
<core></core>
<MemPortIdVec></MemPortIdVec>
<condition id="-1">
<or_exp><and_exp></and_exp></or_exp>
</condition>

<node id="26" bw="128" op_0_bw="128" op_1_bw="128">
<![CDATA[
.preheader5.preheader.0:21  %cipher_state_16 = call fastcc i128 @Cipher_MixColumns(i128 %cipher_state_15)

]]></node>
<StgValue><ssdm name="cipher_state_16"/></StgValue>
</operation>

<operation id="48" st_id="9" stage="2" lat="2">
<core></core>
<MemPortIdVec></MemPortIdVec>
<condition id="-1">
<or_exp><and_exp></and_exp></or_exp>
</condition>

<node id="27" bw="128" op_0_bw="128" op_1_bw="128" op_2_bw="128" op_3_bw="5">
<![CDATA[
.preheader5.preheader.0:22  %cipher_state_17 = call fastcc i128 @Cipher_AddRoundKey(i128 %cipher_state_16, [11 x i128]* %w, i5 4)

]]></node>
<StgValue><ssdm name="cipher_state_17"/></StgValue>
</operation>
</state>

<state id="10" st_id="10">

<operation id="49" st_id="10" stage="1" lat="2">
<core></core>
<MemPortIdVec></MemPortIdVec>
<condition id="-1">
<or_exp><and_exp></and_exp></or_exp>
</condition>

<node id="27" bw="128" op_0_bw="128" op_1_bw="128" op_2_bw="128" op_3_bw="5">
<![CDATA[
.preheader5.preheader.0:22  %cipher_state_17 = call fastcc i128 @Cipher_AddRoundKey(i128 %cipher_state_16, [11 x i128]* %w, i5 4)

]]></node>
<StgValue><ssdm name="cipher_state_17"/></StgValue>
</operation>

<operation id="50" st_id="10" stage="2" lat="2">
<core></core>
<MemPortIdVec></MemPortIdVec>
<condition id="-1">
<or_exp><and_exp></and_exp></or_exp>
</condition>

<node id="28" bw="128" op_0_bw="128" op_1_bw="128">
<![CDATA[
.preheader5.preheader.0:23  %cipher_state_18 = call fastcc i128 @Cipher_SubBytes(i128 %cipher_state_17)

]]></node>
<StgValue><ssdm name="cipher_state_18"/></StgValue>
</operation>
</state>

<state id="11" st_id="11">

<operation id="51" st_id="11" stage="1" lat="2">
<core></core>
<MemPortIdVec></MemPortIdVec>
<condition id="-1">
<or_exp><and_exp></and_exp></or_exp>
</condition>

<node id="28" bw="128" op_0_bw="128" op_1_bw="128">
<![CDATA[
.preheader5.preheader.0:23  %cipher_state_18 = call fastcc i128 @Cipher_SubBytes(i128 %cipher_state_17)

]]></node>
<StgValue><ssdm name="cipher_state_18"/></StgValue>
</operation>

<operation id="52" st_id="11" stage="1" lat="1">
<core></core>
<MemPortIdVec></MemPortIdVec>
<condition id="-1">
<or_exp><and_exp></and_exp></or_exp>
</condition>

<node id="29" bw="128" op_0_bw="128" op_1_bw="128">
<![CDATA[
.preheader5.preheader.0:24  %cipher_state_19 = call fastcc i128 @Cipher_ShiftRows(i128 %cipher_state_18)

]]></node>
<StgValue><ssdm name="cipher_state_19"/></StgValue>
</operation>

<operation id="53" st_id="11" stage="1" lat="1">
<core></core>
<MemPortIdVec></MemPortIdVec>
<condition id="-1">
<or_exp><and_exp></and_exp></or_exp>
</condition>

<node id="30" bw="128" op_0_bw="128" op_1_bw="128">
<![CDATA[
.preheader5.preheader.0:25  %cipher_state_20 = call fastcc i128 @Cipher_MixColumns(i128 %cipher_state_19)

]]></node>
<StgValue><ssdm name="cipher_state_20"/></StgValue>
</operation>

<operation id="54" st_id="11" stage="2" lat="2">
<core></core>
<MemPortIdVec></MemPortIdVec>
<condition id="-1">
<or_exp><and_exp></and_exp></or_exp>
</condition>

<node id="31" bw="128" op_0_bw="128" op_1_bw="128" op_2_bw="128" op_3_bw="5">
<![CDATA[
.preheader5.preheader.0:26  %cipher_state_21 = call fastcc i128 @Cipher_AddRoundKey(i128 %cipher_state_20, [11 x i128]* %w, i5 5)

]]></node>
<StgValue><ssdm name="cipher_state_21"/></StgValue>
</operation>
</state>

<state id="12" st_id="12">

<operation id="55" st_id="12" stage="1" lat="2">
<core></core>
<MemPortIdVec></MemPortIdVec>
<condition id="-1">
<or_exp><and_exp></and_exp></or_exp>
</condition>

<node id="31" bw="128" op_0_bw="128" op_1_bw="128" op_2_bw="128" op_3_bw="5">
<![CDATA[
.preheader5.preheader.0:26  %cipher_state_21 = call fastcc i128 @Cipher_AddRoundKey(i128 %cipher_state_20, [11 x i128]* %w, i5 5)

]]></node>
<StgValue><ssdm name="cipher_state_21"/></StgValue>
</operation>

<operation id="56" st_id="12" stage="2" lat="2">
<core></core>
<MemPortIdVec></MemPortIdVec>
<condition id="-1">
<or_exp><and_exp></and_exp></or_exp>
</condition>

<node id="32" bw="128" op_0_bw="128" op_1_bw="128">
<![CDATA[
.preheader5.preheader.0:27  %cipher_state_22 = call fastcc i128 @Cipher_SubBytes(i128 %cipher_state_21)

]]></node>
<StgValue><ssdm name="cipher_state_22"/></StgValue>
</operation>
</state>

<state id="13" st_id="13">

<operation id="57" st_id="13" stage="1" lat="2">
<core></core>
<MemPortIdVec></MemPortIdVec>
<condition id="-1">
<or_exp><and_exp></and_exp></or_exp>
</condition>

<node id="32" bw="128" op_0_bw="128" op_1_bw="128">
<![CDATA[
.preheader5.preheader.0:27  %cipher_state_22 = call fastcc i128 @Cipher_SubBytes(i128 %cipher_state_21)

]]></node>
<StgValue><ssdm name="cipher_state_22"/></StgValue>
</operation>

<operation id="58" st_id="13" stage="1" lat="1">
<core></core>
<MemPortIdVec></MemPortIdVec>
<condition id="-1">
<or_exp><and_exp></and_exp></or_exp>
</condition>

<node id="33" bw="128" op_0_bw="128" op_1_bw="128">
<![CDATA[
.preheader5.preheader.0:28  %cipher_state_23 = call fastcc i128 @Cipher_ShiftRows(i128 %cipher_state_22)

]]></node>
<StgValue><ssdm name="cipher_state_23"/></StgValue>
</operation>

<operation id="59" st_id="13" stage="1" lat="1">
<core></core>
<MemPortIdVec></MemPortIdVec>
<condition id="-1">
<or_exp><and_exp></and_exp></or_exp>
</condition>

<node id="34" bw="128" op_0_bw="128" op_1_bw="128">
<![CDATA[
.preheader5.preheader.0:29  %cipher_state_24 = call fastcc i128 @Cipher_MixColumns(i128 %cipher_state_23)

]]></node>
<StgValue><ssdm name="cipher_state_24"/></StgValue>
</operation>

<operation id="60" st_id="13" stage="2" lat="2">
<core></core>
<MemPortIdVec></MemPortIdVec>
<condition id="-1">
<or_exp><and_exp></and_exp></or_exp>
</condition>

<node id="35" bw="128" op_0_bw="128" op_1_bw="128" op_2_bw="128" op_3_bw="5">
<![CDATA[
.preheader5.preheader.0:30  %cipher_state_25 = call fastcc i128 @Cipher_AddRoundKey(i128 %cipher_state_24, [11 x i128]* %w, i5 6)

]]></node>
<StgValue><ssdm name="cipher_state_25"/></StgValue>
</operation>
</state>

<state id="14" st_id="14">

<operation id="61" st_id="14" stage="1" lat="2">
<core></core>
<MemPortIdVec></MemPortIdVec>
<condition id="-1">
<or_exp><and_exp></and_exp></or_exp>
</condition>

<node id="35" bw="128" op_0_bw="128" op_1_bw="128" op_2_bw="128" op_3_bw="5">
<![CDATA[
.preheader5.preheader.0:30  %cipher_state_25 = call fastcc i128 @Cipher_AddRoundKey(i128 %cipher_state_24, [11 x i128]* %w, i5 6)

]]></node>
<StgValue><ssdm name="cipher_state_25"/></StgValue>
</operation>

<operation id="62" st_id="14" stage="2" lat="2">
<core></core>
<MemPortIdVec></MemPortIdVec>
<condition id="-1">
<or_exp><and_exp></and_exp></or_exp>
</condition>

<node id="36" bw="128" op_0_bw="128" op_1_bw="128">
<![CDATA[
.preheader5.preheader.0:31  %cipher_state_26 = call fastcc i128 @Cipher_SubBytes(i128 %cipher_state_25)

]]></node>
<StgValue><ssdm name="cipher_state_26"/></StgValue>
</operation>
</state>

<state id="15" st_id="15">

<operation id="63" st_id="15" stage="1" lat="2">
<core></core>
<MemPortIdVec></MemPortIdVec>
<condition id="-1">
<or_exp><and_exp></and_exp></or_exp>
</condition>

<node id="36" bw="128" op_0_bw="128" op_1_bw="128">
<![CDATA[
.preheader5.preheader.0:31  %cipher_state_26 = call fastcc i128 @Cipher_SubBytes(i128 %cipher_state_25)

]]></node>
<StgValue><ssdm name="cipher_state_26"/></StgValue>
</operation>

<operation id="64" st_id="15" stage="1" lat="1">
<core></core>
<MemPortIdVec></MemPortIdVec>
<condition id="-1">
<or_exp><and_exp></and_exp></or_exp>
</condition>

<node id="37" bw="128" op_0_bw="128" op_1_bw="128">
<![CDATA[
.preheader5.preheader.0:32  %cipher_state_27 = call fastcc i128 @Cipher_ShiftRows(i128 %cipher_state_26)

]]></node>
<StgValue><ssdm name="cipher_state_27"/></StgValue>
</operation>

<operation id="65" st_id="15" stage="1" lat="1">
<core></core>
<MemPortIdVec></MemPortIdVec>
<condition id="-1">
<or_exp><and_exp></and_exp></or_exp>
</condition>

<node id="38" bw="128" op_0_bw="128" op_1_bw="128">
<![CDATA[
.preheader5.preheader.0:33  %cipher_state_28 = call fastcc i128 @Cipher_MixColumns(i128 %cipher_state_27)

]]></node>
<StgValue><ssdm name="cipher_state_28"/></StgValue>
</operation>

<operation id="66" st_id="15" stage="2" lat="2">
<core></core>
<MemPortIdVec></MemPortIdVec>
<condition id="-1">
<or_exp><and_exp></and_exp></or_exp>
</condition>

<node id="39" bw="128" op_0_bw="128" op_1_bw="128" op_2_bw="128" op_3_bw="5">
<![CDATA[
.preheader5.preheader.0:34  %cipher_state_29 = call fastcc i128 @Cipher_AddRoundKey(i128 %cipher_state_28, [11 x i128]* %w, i5 7)

]]></node>
<StgValue><ssdm name="cipher_state_29"/></StgValue>
</operation>
</state>

<state id="16" st_id="16">

<operation id="67" st_id="16" stage="1" lat="2">
<core></core>
<MemPortIdVec></MemPortIdVec>
<condition id="-1">
<or_exp><and_exp></and_exp></or_exp>
</condition>

<node id="39" bw="128" op_0_bw="128" op_1_bw="128" op_2_bw="128" op_3_bw="5">
<![CDATA[
.preheader5.preheader.0:34  %cipher_state_29 = call fastcc i128 @Cipher_AddRoundKey(i128 %cipher_state_28, [11 x i128]* %w, i5 7)

]]></node>
<StgValue><ssdm name="cipher_state_29"/></StgValue>
</operation>

<operation id="68" st_id="16" stage="2" lat="2">
<core></core>
<MemPortIdVec></MemPortIdVec>
<condition id="-1">
<or_exp><and_exp></and_exp></or_exp>
</condition>

<node id="40" bw="128" op_0_bw="128" op_1_bw="128">
<![CDATA[
.preheader5.preheader.0:35  %cipher_state_30 = call fastcc i128 @Cipher_SubBytes(i128 %cipher_state_29)

]]></node>
<StgValue><ssdm name="cipher_state_30"/></StgValue>
</operation>
</state>

<state id="17" st_id="17">

<operation id="69" st_id="17" stage="1" lat="2">
<core></core>
<MemPortIdVec></MemPortIdVec>
<condition id="-1">
<or_exp><and_exp></and_exp></or_exp>
</condition>

<node id="40" bw="128" op_0_bw="128" op_1_bw="128">
<![CDATA[
.preheader5.preheader.0:35  %cipher_state_30 = call fastcc i128 @Cipher_SubBytes(i128 %cipher_state_29)

]]></node>
<StgValue><ssdm name="cipher_state_30"/></StgValue>
</operation>

<operation id="70" st_id="17" stage="1" lat="1">
<core></core>
<MemPortIdVec></MemPortIdVec>
<condition id="-1">
<or_exp><and_exp></and_exp></or_exp>
</condition>

<node id="41" bw="128" op_0_bw="128" op_1_bw="128">
<![CDATA[
.preheader5.preheader.0:36  %cipher_state_31 = call fastcc i128 @Cipher_ShiftRows(i128 %cipher_state_30)

]]></node>
<StgValue><ssdm name="cipher_state_31"/></StgValue>
</operation>

<operation id="71" st_id="17" stage="1" lat="1">
<core></core>
<MemPortIdVec></MemPortIdVec>
<condition id="-1">
<or_exp><and_exp></and_exp></or_exp>
</condition>

<node id="42" bw="128" op_0_bw="128" op_1_bw="128">
<![CDATA[
.preheader5.preheader.0:37  %cipher_state_32 = call fastcc i128 @Cipher_MixColumns(i128 %cipher_state_31)

]]></node>
<StgValue><ssdm name="cipher_state_32"/></StgValue>
</operation>

<operation id="72" st_id="17" stage="2" lat="2">
<core></core>
<MemPortIdVec></MemPortIdVec>
<condition id="-1">
<or_exp><and_exp></and_exp></or_exp>
</condition>

<node id="43" bw="128" op_0_bw="128" op_1_bw="128" op_2_bw="128" op_3_bw="5">
<![CDATA[
.preheader5.preheader.0:38  %cipher_state_33 = call fastcc i128 @Cipher_AddRoundKey(i128 %cipher_state_32, [11 x i128]* %w, i5 8)

]]></node>
<StgValue><ssdm name="cipher_state_33"/></StgValue>
</operation>
</state>

<state id="18" st_id="18">

<operation id="73" st_id="18" stage="1" lat="2">
<core></core>
<MemPortIdVec></MemPortIdVec>
<condition id="-1">
<or_exp><and_exp></and_exp></or_exp>
</condition>

<node id="43" bw="128" op_0_bw="128" op_1_bw="128" op_2_bw="128" op_3_bw="5">
<![CDATA[
.preheader5.preheader.0:38  %cipher_state_33 = call fastcc i128 @Cipher_AddRoundKey(i128 %cipher_state_32, [11 x i128]* %w, i5 8)

]]></node>
<StgValue><ssdm name="cipher_state_33"/></StgValue>
</operation>

<operation id="74" st_id="18" stage="2" lat="2">
<core></core>
<MemPortIdVec></MemPortIdVec>
<condition id="-1">
<or_exp><and_exp></and_exp></or_exp>
</condition>

<node id="44" bw="128" op_0_bw="128" op_1_bw="128">
<![CDATA[
.preheader5.preheader.0:39  %cipher_state_34 = call fastcc i128 @Cipher_SubBytes(i128 %cipher_state_33)

]]></node>
<StgValue><ssdm name="cipher_state_34"/></StgValue>
</operation>
</state>

<state id="19" st_id="19">

<operation id="75" st_id="19" stage="1" lat="2">
<core></core>
<MemPortIdVec></MemPortIdVec>
<condition id="-1">
<or_exp><and_exp></and_exp></or_exp>
</condition>

<node id="44" bw="128" op_0_bw="128" op_1_bw="128">
<![CDATA[
.preheader5.preheader.0:39  %cipher_state_34 = call fastcc i128 @Cipher_SubBytes(i128 %cipher_state_33)

]]></node>
<StgValue><ssdm name="cipher_state_34"/></StgValue>
</operation>

<operation id="76" st_id="19" stage="1" lat="1">
<core></core>
<MemPortIdVec></MemPortIdVec>
<condition id="-1">
<or_exp><and_exp></and_exp></or_exp>
</condition>

<node id="45" bw="128" op_0_bw="128" op_1_bw="128">
<![CDATA[
.preheader5.preheader.0:40  %cipher_state35 = call fastcc i128 @Cipher_ShiftRows(i128 %cipher_state_34)

]]></node>
<StgValue><ssdm name="cipher_state35"/></StgValue>
</operation>

<operation id="77" st_id="19" stage="1" lat="1">
<core></core>
<MemPortIdVec></MemPortIdVec>
<condition id="-1">
<or_exp><and_exp></and_exp></or_exp>
</condition>

<node id="46" bw="128" op_0_bw="128" op_1_bw="128">
<![CDATA[
.preheader5.preheader.0:41  %cipher_state_36 = call fastcc i128 @Cipher_MixColumns(i128 %cipher_state35)

]]></node>
<StgValue><ssdm name="cipher_state_36"/></StgValue>
</operation>

<operation id="78" st_id="19" stage="2" lat="2">
<core></core>
<MemPortIdVec></MemPortIdVec>
<condition id="-1">
<or_exp><and_exp></and_exp></or_exp>
</condition>

<node id="47" bw="128" op_0_bw="128" op_1_bw="128" op_2_bw="128" op_3_bw="5">
<![CDATA[
.preheader5.preheader.0:42  %cipher_state_37 = call fastcc i128 @Cipher_AddRoundKey(i128 %cipher_state_36, [11 x i128]* %w, i5 9)

]]></node>
<StgValue><ssdm name="cipher_state_37"/></StgValue>
</operation>
</state>

<state id="20" st_id="20">

<operation id="79" st_id="20" stage="1" lat="2">
<core></core>
<MemPortIdVec></MemPortIdVec>
<condition id="-1">
<or_exp><and_exp></and_exp></or_exp>
</condition>

<node id="47" bw="128" op_0_bw="128" op_1_bw="128" op_2_bw="128" op_3_bw="5">
<![CDATA[
.preheader5.preheader.0:42  %cipher_state_37 = call fastcc i128 @Cipher_AddRoundKey(i128 %cipher_state_36, [11 x i128]* %w, i5 9)

]]></node>
<StgValue><ssdm name="cipher_state_37"/></StgValue>
</operation>

<operation id="80" st_id="20" stage="2" lat="2">
<core></core>
<MemPortIdVec></MemPortIdVec>
<condition id="-1">
<or_exp><and_exp></and_exp></or_exp>
</condition>

<node id="48" bw="128" op_0_bw="128" op_1_bw="128">
<![CDATA[
.preheader5.preheader.0:43  %cipher_state_38 = call fastcc i128 @Cipher_SubBytes(i128 %cipher_state_37)

]]></node>
<StgValue><ssdm name="cipher_state_38"/></StgValue>
</operation>
</state>

<state id="21" st_id="21">

<operation id="81" st_id="21" stage="1" lat="2">
<core></core>
<MemPortIdVec></MemPortIdVec>
<condition id="-1">
<or_exp><and_exp></and_exp></or_exp>
</condition>

<node id="48" bw="128" op_0_bw="128" op_1_bw="128">
<![CDATA[
.preheader5.preheader.0:43  %cipher_state_38 = call fastcc i128 @Cipher_SubBytes(i128 %cipher_state_37)

]]></node>
<StgValue><ssdm name="cipher_state_38"/></StgValue>
</operation>

<operation id="82" st_id="21" stage="1" lat="1">
<core></core>
<MemPortIdVec></MemPortIdVec>
<condition id="-1">
<or_exp><and_exp></and_exp></or_exp>
</condition>

<node id="49" bw="128" op_0_bw="128" op_1_bw="128">
<![CDATA[
.preheader5.preheader.0:44  %cipher_state_39 = call fastcc i128 @Cipher_ShiftRows(i128 %cipher_state_38)

]]></node>
<StgValue><ssdm name="cipher_state_39"/></StgValue>
</operation>

<operation id="83" st_id="21" stage="2" lat="2">
<core></core>
<MemPortIdVec></MemPortIdVec>
<condition id="-1">
<or_exp><and_exp></and_exp></or_exp>
</condition>

<node id="50" bw="128" op_0_bw="128" op_1_bw="128" op_2_bw="128" op_3_bw="5">
<![CDATA[
.preheader5.preheader.0:45  %cipher_state_40 = call fastcc i128 @Cipher_AddRoundKey(i128 %cipher_state_39, [11 x i128]* %w, i5 10)

]]></node>
<StgValue><ssdm name="cipher_state_40"/></StgValue>
</operation>
</state>

<state id="22" st_id="22">

<operation id="84" st_id="22" stage="1" lat="1">
<core>NULL</core>
<MemPortIdVec></MemPortIdVec>
<condition id="-1">
<or_exp><and_exp></and_exp></or_exp>
</condition>

<node id="5" bw="0" op_0_bw="0" op_1_bw="128">
<![CDATA[
.preheader5.preheader.0:0  call void (...)* @_ssdm_op_SpecBitsMap([11 x i128]* %w), !map !7

]]></node>
<StgValue><ssdm name=""/></StgValue>
</operation>

<operation id="85" st_id="22" stage="1" lat="1">
<core>NULL</core>
<MemPortIdVec></MemPortIdVec>
<condition id="-1">
<or_exp><and_exp></and_exp></or_exp>
</condition>

<node id="6" bw="0" op_0_bw="0" op_1_bw="128">
<![CDATA[
.preheader5.preheader.0:1  call void (...)* @_ssdm_op_SpecBitsMap(i128* %out_r), !map !89

]]></node>
<StgValue><ssdm name=""/></StgValue>
</operation>

<operation id="86" st_id="22" stage="1" lat="1">
<core>NULL</core>
<MemPortIdVec></MemPortIdVec>
<condition id="-1">
<or_exp><and_exp></and_exp></or_exp>
</condition>

<node id="7" bw="0" op_0_bw="0" op_1_bw="128">
<![CDATA[
.preheader5.preheader.0:2  call void (...)* @_ssdm_op_SpecBitsMap(i128* %in_r), !map !154

]]></node>
<StgValue><ssdm name=""/></StgValue>
</operation>

<operation id="87" st_id="22" stage="1" lat="1">
<core>NULL</core>
<MemPortIdVec></MemPortIdVec>
<condition id="-1">
<or_exp><and_exp></and_exp></or_exp>
</condition>

<node id="8" bw="0" op_0_bw="0" op_1_bw="8">
<![CDATA[
.preheader5.preheader.0:3  call void (...)* @_ssdm_op_SpecTopModule([7 x i8]* @str) nounwind

]]></node>
<StgValue><ssdm name=""/></StgValue>
</operation>

<operation id="88" st_id="22" stage="1" lat="1">
<core>NULL</core>
<MemPortIdVec></MemPortIdVec>
<condition id="-1">
<or_exp><and_exp></and_exp></or_exp>
</condition>

<node id="9" bw="0" op_0_bw="0" op_1_bw="32" op_2_bw="32" op_3_bw="32" op_4_bw="32" op_5_bw="8">
<![CDATA[
.preheader5.preheader.0:4  call void (...)* @_ssdm_op_SpecPipeline(i32 1, i32 1, i32 1, i32 0, [1 x i8]* @p_str1) nounwind

]]></node>
<StgValue><ssdm name=""/></StgValue>
</operation>

<operation id="89" st_id="22" stage="1" lat="2">
<core></core>
<MemPortIdVec></MemPortIdVec>
<condition id="-1">
<or_exp><and_exp></and_exp></or_exp>
</condition>

<node id="50" bw="128" op_0_bw="128" op_1_bw="128" op_2_bw="128" op_3_bw="5">
<![CDATA[
.preheader5.preheader.0:45  %cipher_state_40 = call fastcc i128 @Cipher_AddRoundKey(i128 %cipher_state_39, [11 x i128]* %w, i5 10)

]]></node>
<StgValue><ssdm name="cipher_state_40"/></StgValue>
</operation>

<operation id="90" st_id="22" stage="1" lat="1">
<core>NULL</core>
<MemPortIdVec></MemPortIdVec>
<condition id="-1">
<or_exp><and_exp></and_exp></or_exp>
</condition>

<node id="51" bw="0" op_0_bw="0" op_1_bw="128" op_2_bw="128">
<![CDATA[
.preheader5.preheader.0:46  call void @_ssdm_op_Write.ap_auto.i128P(i128* %out_r, i128 %cipher_state_40)

]]></node>
<StgValue><ssdm name=""/></StgValue>
</operation>

<operation id="91" st_id="22" stage="1" lat="1">
<core>NULL</core>
<MemPortIdVec></MemPortIdVec>
<condition id="-1">
<or_exp><and_exp></and_exp></or_exp>
</condition>

<node id="52" bw="0">
<![CDATA[
.preheader5.preheader.0:47  ret void

]]></node>
<StgValue><ssdm name=""/></StgValue>
</operation>
</state>
</state_list>


<ports>
<port id="135" name="in_r" dir="0" iftype="0">
<core>NULL</core><StgValue><ssdm name="in_r"/></StgValue>
</port>
<port id="136" name="out_r" dir="1" iftype="0">
<core>NULL</core><StgValue><ssdm name="out_r"/></StgValue>
</port>
<port id="137" name="w" dir="0" iftype="1">
<core>RAM</core><StgValue><ssdm name="w"/><MemPortTyVec>1 3 </MemPortTyVec>
</StgValue>
</port>
<port id="138" name="S_Box" dir="0" iftype="1">
<core>ROM_nP</core><StgValue><ssdm name="S_Box"/><MemPortTyVec>1 1 1 1 1 1 1 1 1 1 1 1 1 1 1 1 </MemPortTyVec>
</StgValue>
</port>
</ports>


<dataflows>
<dataflow id="140" from="_ssdm_op_Read.ap_auto.i128P" to="cipher_state" fromId="139" toId="23">
</dataflow>
<dataflow id="141" from="in_r" to="cipher_state" fromId="135" toId="23">
</dataflow>
<dataflow id="143" from="Cipher_AddRoundKey" to="cipher_state_1" fromId="142" toId="24">
</dataflow>
<dataflow id="144" from="cipher_state" to="cipher_state_1" fromId="23" toId="24">
</dataflow>
<dataflow id="145" from="w" to="cipher_state_1" fromId="137" toId="24">
</dataflow>
<dataflow id="147" from="stg_146" to="cipher_state_1" fromId="146" toId="24">
</dataflow>
<dataflow id="148" from="Cipher_AddRoundKey" to="cipher_state_1" fromId="142" toId="25">
</dataflow>
<dataflow id="149" from="cipher_state" to="cipher_state_1" fromId="23" toId="25">
</dataflow>
<dataflow id="150" from="w" to="cipher_state_1" fromId="137" toId="25">
</dataflow>
<dataflow id="151" from="stg_146" to="cipher_state_1" fromId="146" toId="25">
</dataflow>
<dataflow id="153" from="Cipher_SubBytes" to="cipher_state_2" fromId="152" toId="26">
</dataflow>
<dataflow id="154" from="cipher_state_1" to="cipher_state_2" fromId="25" toId="26">
</dataflow>
<dataflow id="155" from="S_Box" to="cipher_state_2" fromId="138" toId="26">
</dataflow>
<dataflow id="156" from="Cipher_SubBytes" to="cipher_state_2" fromId="152" toId="27">
</dataflow>
<dataflow id="157" from="cipher_state_1" to="cipher_state_2" fromId="25" toId="27">
</dataflow>
<dataflow id="158" from="S_Box" to="cipher_state_2" fromId="138" toId="27">
</dataflow>
<dataflow id="160" from="Cipher_ShiftRows" to="cipher_state_3" fromId="159" toId="28">
</dataflow>
<dataflow id="161" from="cipher_state_2" to="cipher_state_3" fromId="27" toId="28">
</dataflow>
<dataflow id="163" from="Cipher_MixColumns" to="cipher_state_4" fromId="162" toId="29">
</dataflow>
<dataflow id="164" from="cipher_state_3" to="cipher_state_4" fromId="28" toId="29">
</dataflow>
<dataflow id="165" from="Cipher_AddRoundKey" to="cipher_state_5" fromId="142" toId="30">
</dataflow>
<dataflow id="166" from="cipher_state_4" to="cipher_state_5" fromId="29" toId="30">
</dataflow>
<dataflow id="167" from="w" to="cipher_state_5" fromId="137" toId="30">
</dataflow>
<dataflow id="169" from="stg_168" to="cipher_state_5" fromId="168" toId="30">
</dataflow>
<dataflow id="170" from="Cipher_AddRoundKey" to="cipher_state_5" fromId="142" toId="31">
</dataflow>
<dataflow id="171" from="cipher_state_4" to="cipher_state_5" fromId="29" toId="31">
</dataflow>
<dataflow id="172" from="w" to="cipher_state_5" fromId="137" toId="31">
</dataflow>
<dataflow id="173" from="stg_168" to="cipher_state_5" fromId="168" toId="31">
</dataflow>
<dataflow id="174" from="Cipher_SubBytes" to="cipher_state_6" fromId="152" toId="32">
</dataflow>
<dataflow id="175" from="cipher_state_5" to="cipher_state_6" fromId="31" toId="32">
</dataflow>
<dataflow id="176" from="S_Box" to="cipher_state_6" fromId="138" toId="32">
</dataflow>
<dataflow id="177" from="Cipher_SubBytes" to="cipher_state_6" fromId="152" toId="33">
</dataflow>
<dataflow id="178" from="cipher_state_5" to="cipher_state_6" fromId="31" toId="33">
</dataflow>
<dataflow id="179" from="S_Box" to="cipher_state_6" fromId="138" toId="33">
</dataflow>
<dataflow id="180" from="Cipher_ShiftRows" to="cipher_state_7" fromId="159" toId="34">
</dataflow>
<dataflow id="181" from="cipher_state_6" to="cipher_state_7" fromId="33" toId="34">
</dataflow>
<dataflow id="182" from="Cipher_MixColumns" to="cipher_state_8" fromId="162" toId="35">
</dataflow>
<dataflow id="183" from="cipher_state_7" to="cipher_state_8" fromId="34" toId="35">
</dataflow>
<dataflow id="184" from="Cipher_AddRoundKey" to="cipher_state_9" fromId="142" toId="36">
</dataflow>
<dataflow id="185" from="cipher_state_8" to="cipher_state_9" fromId="35" toId="36">
</dataflow>
<dataflow id="186" from="w" to="cipher_state_9" fromId="137" toId="36">
</dataflow>
<dataflow id="188" from="stg_187" to="cipher_state_9" fromId="187" toId="36">
</dataflow>
<dataflow id="189" from="Cipher_AddRoundKey" to="cipher_state_9" fromId="142" toId="37">
</dataflow>
<dataflow id="190" from="cipher_state_8" to="cipher_state_9" fromId="35" toId="37">
</dataflow>
<dataflow id="191" from="w" to="cipher_state_9" fromId="137" toId="37">
</dataflow>
<dataflow id="192" from="stg_187" to="cipher_state_9" fromId="187" toId="37">
</dataflow>
<dataflow id="193" from="Cipher_SubBytes" to="cipher_state_10" fromId="152" toId="38">
</dataflow>
<dataflow id="194" from="cipher_state_9" to="cipher_state_10" fromId="37" toId="38">
</dataflow>
<dataflow id="195" from="S_Box" to="cipher_state_10" fromId="138" toId="38">
</dataflow>
<dataflow id="196" from="Cipher_SubBytes" to="cipher_state_10" fromId="152" toId="39">
</dataflow>
<dataflow id="197" from="cipher_state_9" to="cipher_state_10" fromId="37" toId="39">
</dataflow>
<dataflow id="198" from="S_Box" to="cipher_state_10" fromId="138" toId="39">
</dataflow>
<dataflow id="199" from="Cipher_ShiftRows" to="cipher_state_11" fromId="159" toId="40">
</dataflow>
<dataflow id="200" from="cipher_state_10" to="cipher_state_11" fromId="39" toId="40">
</dataflow>
<dataflow id="201" from="Cipher_MixColumns" to="cipher_state_12" fromId="162" toId="41">
</dataflow>
<dataflow id="202" from="cipher_state_11" to="cipher_state_12" fromId="40" toId="41">
</dataflow>
<dataflow id="203" from="Cipher_AddRoundKey" to="cipher_state_13" fromId="142" toId="42">
</dataflow>
<dataflow id="204" from="cipher_state_12" to="cipher_state_13" fromId="41" toId="42">
</dataflow>
<dataflow id="205" from="w" to="cipher_state_13" fromId="137" toId="42">
</dataflow>
<dataflow id="207" from="stg_206" to="cipher_state_13" fromId="206" toId="42">
</dataflow>
<dataflow id="208" from="Cipher_AddRoundKey" to="cipher_state_13" fromId="142" toId="43">
</dataflow>
<dataflow id="209" from="cipher_state_12" to="cipher_state_13" fromId="41" toId="43">
</dataflow>
<dataflow id="210" from="w" to="cipher_state_13" fromId="137" toId="43">
</dataflow>
<dataflow id="211" from="stg_206" to="cipher_state_13" fromId="206" toId="43">
</dataflow>
<dataflow id="212" from="Cipher_SubBytes" to="cipher_state_14" fromId="152" toId="44">
</dataflow>
<dataflow id="213" from="cipher_state_13" to="cipher_state_14" fromId="43" toId="44">
</dataflow>
<dataflow id="214" from="S_Box" to="cipher_state_14" fromId="138" toId="44">
</dataflow>
<dataflow id="215" from="Cipher_SubBytes" to="cipher_state_14" fromId="152" toId="45">
</dataflow>
<dataflow id="216" from="cipher_state_13" to="cipher_state_14" fromId="43" toId="45">
</dataflow>
<dataflow id="217" from="S_Box" to="cipher_state_14" fromId="138" toId="45">
</dataflow>
<dataflow id="218" from="Cipher_ShiftRows" to="cipher_state_15" fromId="159" toId="46">
</dataflow>
<dataflow id="219" from="cipher_state_14" to="cipher_state_15" fromId="45" toId="46">
</dataflow>
<dataflow id="220" from="Cipher_MixColumns" to="cipher_state_16" fromId="162" toId="47">
</dataflow>
<dataflow id="221" from="cipher_state_15" to="cipher_state_16" fromId="46" toId="47">
</dataflow>
<dataflow id="222" from="Cipher_AddRoundKey" to="cipher_state_17" fromId="142" toId="48">
</dataflow>
<dataflow id="223" from="cipher_state_16" to="cipher_state_17" fromId="47" toId="48">
</dataflow>
<dataflow id="224" from="w" to="cipher_state_17" fromId="137" toId="48">
</dataflow>
<dataflow id="226" from="stg_225" to="cipher_state_17" fromId="225" toId="48">
</dataflow>
<dataflow id="227" from="Cipher_AddRoundKey" to="cipher_state_17" fromId="142" toId="49">
</dataflow>
<dataflow id="228" from="cipher_state_16" to="cipher_state_17" fromId="47" toId="49">
</dataflow>
<dataflow id="229" from="w" to="cipher_state_17" fromId="137" toId="49">
</dataflow>
<dataflow id="230" from="stg_225" to="cipher_state_17" fromId="225" toId="49">
</dataflow>
<dataflow id="231" from="Cipher_SubBytes" to="cipher_state_18" fromId="152" toId="50">
</dataflow>
<dataflow id="232" from="cipher_state_17" to="cipher_state_18" fromId="49" toId="50">
</dataflow>
<dataflow id="233" from="S_Box" to="cipher_state_18" fromId="138" toId="50">
</dataflow>
<dataflow id="234" from="Cipher_SubBytes" to="cipher_state_18" fromId="152" toId="51">
</dataflow>
<dataflow id="235" from="cipher_state_17" to="cipher_state_18" fromId="49" toId="51">
</dataflow>
<dataflow id="236" from="S_Box" to="cipher_state_18" fromId="138" toId="51">
</dataflow>
<dataflow id="237" from="Cipher_ShiftRows" to="cipher_state_19" fromId="159" toId="52">
</dataflow>
<dataflow id="238" from="cipher_state_18" to="cipher_state_19" fromId="51" toId="52">
</dataflow>
<dataflow id="239" from="Cipher_MixColumns" to="cipher_state_20" fromId="162" toId="53">
</dataflow>
<dataflow id="240" from="cipher_state_19" to="cipher_state_20" fromId="52" toId="53">
</dataflow>
<dataflow id="241" from="Cipher_AddRoundKey" to="cipher_state_21" fromId="142" toId="54">
</dataflow>
<dataflow id="242" from="cipher_state_20" to="cipher_state_21" fromId="53" toId="54">
</dataflow>
<dataflow id="243" from="w" to="cipher_state_21" fromId="137" toId="54">
</dataflow>
<dataflow id="245" from="stg_244" to="cipher_state_21" fromId="244" toId="54">
</dataflow>
<dataflow id="246" from="Cipher_AddRoundKey" to="cipher_state_21" fromId="142" toId="55">
</dataflow>
<dataflow id="247" from="cipher_state_20" to="cipher_state_21" fromId="53" toId="55">
</dataflow>
<dataflow id="248" from="w" to="cipher_state_21" fromId="137" toId="55">
</dataflow>
<dataflow id="249" from="stg_244" to="cipher_state_21" fromId="244" toId="55">
</dataflow>
<dataflow id="250" from="Cipher_SubBytes" to="cipher_state_22" fromId="152" toId="56">
</dataflow>
<dataflow id="251" from="cipher_state_21" to="cipher_state_22" fromId="55" toId="56">
</dataflow>
<dataflow id="252" from="S_Box" to="cipher_state_22" fromId="138" toId="56">
</dataflow>
<dataflow id="253" from="Cipher_SubBytes" to="cipher_state_22" fromId="152" toId="57">
</dataflow>
<dataflow id="254" from="cipher_state_21" to="cipher_state_22" fromId="55" toId="57">
</dataflow>
<dataflow id="255" from="S_Box" to="cipher_state_22" fromId="138" toId="57">
</dataflow>
<dataflow id="256" from="Cipher_ShiftRows" to="cipher_state_23" fromId="159" toId="58">
</dataflow>
<dataflow id="257" from="cipher_state_22" to="cipher_state_23" fromId="57" toId="58">
</dataflow>
<dataflow id="258" from="Cipher_MixColumns" to="cipher_state_24" fromId="162" toId="59">
</dataflow>
<dataflow id="259" from="cipher_state_23" to="cipher_state_24" fromId="58" toId="59">
</dataflow>
<dataflow id="260" from="Cipher_AddRoundKey" to="cipher_state_25" fromId="142" toId="60">
</dataflow>
<dataflow id="261" from="cipher_state_24" to="cipher_state_25" fromId="59" toId="60">
</dataflow>
<dataflow id="262" from="w" to="cipher_state_25" fromId="137" toId="60">
</dataflow>
<dataflow id="264" from="stg_263" to="cipher_state_25" fromId="263" toId="60">
</dataflow>
<dataflow id="265" from="Cipher_AddRoundKey" to="cipher_state_25" fromId="142" toId="61">
</dataflow>
<dataflow id="266" from="cipher_state_24" to="cipher_state_25" fromId="59" toId="61">
</dataflow>
<dataflow id="267" from="w" to="cipher_state_25" fromId="137" toId="61">
</dataflow>
<dataflow id="268" from="stg_263" to="cipher_state_25" fromId="263" toId="61">
</dataflow>
<dataflow id="269" from="Cipher_SubBytes" to="cipher_state_26" fromId="152" toId="62">
</dataflow>
<dataflow id="270" from="cipher_state_25" to="cipher_state_26" fromId="61" toId="62">
</dataflow>
<dataflow id="271" from="S_Box" to="cipher_state_26" fromId="138" toId="62">
</dataflow>
<dataflow id="272" from="Cipher_SubBytes" to="cipher_state_26" fromId="152" toId="63">
</dataflow>
<dataflow id="273" from="cipher_state_25" to="cipher_state_26" fromId="61" toId="63">
</dataflow>
<dataflow id="274" from="S_Box" to="cipher_state_26" fromId="138" toId="63">
</dataflow>
<dataflow id="275" from="Cipher_ShiftRows" to="cipher_state_27" fromId="159" toId="64">
</dataflow>
<dataflow id="276" from="cipher_state_26" to="cipher_state_27" fromId="63" toId="64">
</dataflow>
<dataflow id="277" from="Cipher_MixColumns" to="cipher_state_28" fromId="162" toId="65">
</dataflow>
<dataflow id="278" from="cipher_state_27" to="cipher_state_28" fromId="64" toId="65">
</dataflow>
<dataflow id="279" from="Cipher_AddRoundKey" to="cipher_state_29" fromId="142" toId="66">
</dataflow>
<dataflow id="280" from="cipher_state_28" to="cipher_state_29" fromId="65" toId="66">
</dataflow>
<dataflow id="281" from="w" to="cipher_state_29" fromId="137" toId="66">
</dataflow>
<dataflow id="283" from="stg_282" to="cipher_state_29" fromId="282" toId="66">
</dataflow>
<dataflow id="284" from="Cipher_AddRoundKey" to="cipher_state_29" fromId="142" toId="67">
</dataflow>
<dataflow id="285" from="cipher_state_28" to="cipher_state_29" fromId="65" toId="67">
</dataflow>
<dataflow id="286" from="w" to="cipher_state_29" fromId="137" toId="67">
</dataflow>
<dataflow id="287" from="stg_282" to="cipher_state_29" fromId="282" toId="67">
</dataflow>
<dataflow id="288" from="Cipher_SubBytes" to="cipher_state_30" fromId="152" toId="68">
</dataflow>
<dataflow id="289" from="cipher_state_29" to="cipher_state_30" fromId="67" toId="68">
</dataflow>
<dataflow id="290" from="S_Box" to="cipher_state_30" fromId="138" toId="68">
</dataflow>
<dataflow id="291" from="Cipher_SubBytes" to="cipher_state_30" fromId="152" toId="69">
</dataflow>
<dataflow id="292" from="cipher_state_29" to="cipher_state_30" fromId="67" toId="69">
</dataflow>
<dataflow id="293" from="S_Box" to="cipher_state_30" fromId="138" toId="69">
</dataflow>
<dataflow id="294" from="Cipher_ShiftRows" to="cipher_state_31" fromId="159" toId="70">
</dataflow>
<dataflow id="295" from="cipher_state_30" to="cipher_state_31" fromId="69" toId="70">
</dataflow>
<dataflow id="296" from="Cipher_MixColumns" to="cipher_state_32" fromId="162" toId="71">
</dataflow>
<dataflow id="297" from="cipher_state_31" to="cipher_state_32" fromId="70" toId="71">
</dataflow>
<dataflow id="298" from="Cipher_AddRoundKey" to="cipher_state_33" fromId="142" toId="72">
</dataflow>
<dataflow id="299" from="cipher_state_32" to="cipher_state_33" fromId="71" toId="72">
</dataflow>
<dataflow id="300" from="w" to="cipher_state_33" fromId="137" toId="72">
</dataflow>
<dataflow id="302" from="stg_301" to="cipher_state_33" fromId="301" toId="72">
</dataflow>
<dataflow id="303" from="Cipher_AddRoundKey" to="cipher_state_33" fromId="142" toId="73">
</dataflow>
<dataflow id="304" from="cipher_state_32" to="cipher_state_33" fromId="71" toId="73">
</dataflow>
<dataflow id="305" from="w" to="cipher_state_33" fromId="137" toId="73">
</dataflow>
<dataflow id="306" from="stg_301" to="cipher_state_33" fromId="301" toId="73">
</dataflow>
<dataflow id="307" from="Cipher_SubBytes" to="cipher_state_34" fromId="152" toId="74">
</dataflow>
<dataflow id="308" from="cipher_state_33" to="cipher_state_34" fromId="73" toId="74">
</dataflow>
<dataflow id="309" from="S_Box" to="cipher_state_34" fromId="138" toId="74">
</dataflow>
<dataflow id="310" from="Cipher_SubBytes" to="cipher_state_34" fromId="152" toId="75">
</dataflow>
<dataflow id="311" from="cipher_state_33" to="cipher_state_34" fromId="73" toId="75">
</dataflow>
<dataflow id="312" from="S_Box" to="cipher_state_34" fromId="138" toId="75">
</dataflow>
<dataflow id="313" from="Cipher_ShiftRows" to="cipher_state35" fromId="159" toId="76">
</dataflow>
<dataflow id="314" from="cipher_state_34" to="cipher_state35" fromId="75" toId="76">
</dataflow>
<dataflow id="315" from="Cipher_MixColumns" to="cipher_state_36" fromId="162" toId="77">
</dataflow>
<dataflow id="316" from="cipher_state35" to="cipher_state_36" fromId="76" toId="77">
</dataflow>
<dataflow id="317" from="Cipher_AddRoundKey" to="cipher_state_37" fromId="142" toId="78">
</dataflow>
<dataflow id="318" from="cipher_state_36" to="cipher_state_37" fromId="77" toId="78">
</dataflow>
<dataflow id="319" from="w" to="cipher_state_37" fromId="137" toId="78">
</dataflow>
<dataflow id="321" from="stg_320" to="cipher_state_37" fromId="320" toId="78">
</dataflow>
<dataflow id="322" from="Cipher_AddRoundKey" to="cipher_state_37" fromId="142" toId="79">
</dataflow>
<dataflow id="323" from="cipher_state_36" to="cipher_state_37" fromId="77" toId="79">
</dataflow>
<dataflow id="324" from="w" to="cipher_state_37" fromId="137" toId="79">
</dataflow>
<dataflow id="325" from="stg_320" to="cipher_state_37" fromId="320" toId="79">
</dataflow>
<dataflow id="326" from="Cipher_SubBytes" to="cipher_state_38" fromId="152" toId="80">
</dataflow>
<dataflow id="327" from="cipher_state_37" to="cipher_state_38" fromId="79" toId="80">
</dataflow>
<dataflow id="328" from="S_Box" to="cipher_state_38" fromId="138" toId="80">
</dataflow>
<dataflow id="329" from="Cipher_SubBytes" to="cipher_state_38" fromId="152" toId="81">
</dataflow>
<dataflow id="330" from="cipher_state_37" to="cipher_state_38" fromId="79" toId="81">
</dataflow>
<dataflow id="331" from="S_Box" to="cipher_state_38" fromId="138" toId="81">
</dataflow>
<dataflow id="332" from="Cipher_ShiftRows" to="cipher_state_39" fromId="159" toId="82">
</dataflow>
<dataflow id="333" from="cipher_state_38" to="cipher_state_39" fromId="81" toId="82">
</dataflow>
<dataflow id="334" from="Cipher_AddRoundKey" to="cipher_state_40" fromId="142" toId="83">
</dataflow>
<dataflow id="335" from="cipher_state_39" to="cipher_state_40" fromId="82" toId="83">
</dataflow>
<dataflow id="336" from="w" to="cipher_state_40" fromId="137" toId="83">
</dataflow>
<dataflow id="338" from="stg_337" to="cipher_state_40" fromId="337" toId="83">
</dataflow>
<dataflow id="340" from="_ssdm_op_SpecBitsMap" to="stg_84" fromId="339" toId="84">
</dataflow>
<dataflow id="341" from="w" to="stg_84" fromId="137" toId="84">
</dataflow>
<dataflow id="342" from="_ssdm_op_SpecBitsMap" to="stg_85" fromId="339" toId="85">
</dataflow>
<dataflow id="343" from="out_r" to="stg_85" fromId="136" toId="85">
</dataflow>
<dataflow id="344" from="_ssdm_op_SpecBitsMap" to="stg_86" fromId="339" toId="86">
</dataflow>
<dataflow id="345" from="in_r" to="stg_86" fromId="135" toId="86">
</dataflow>
<dataflow id="347" from="_ssdm_op_SpecTopModule" to="stg_87" fromId="346" toId="87">
</dataflow>
<dataflow id="349" from="str" to="stg_87" fromId="348" toId="87">
</dataflow>
<dataflow id="351" from="_ssdm_op_SpecPipeline" to="stg_88" fromId="350" toId="88">
</dataflow>
<dataflow id="353" from="stg_352" to="stg_88" fromId="352" toId="88">
</dataflow>
<dataflow id="354" from="stg_352" to="stg_88" fromId="352" toId="88">
</dataflow>
<dataflow id="355" from="stg_352" to="stg_88" fromId="352" toId="88">
</dataflow>
<dataflow id="357" from="stg_356" to="stg_88" fromId="356" toId="88">
</dataflow>
<dataflow id="359" from="p_str1" to="stg_88" fromId="358" toId="88">
</dataflow>
<dataflow id="360" from="Cipher_AddRoundKey" to="cipher_state_40" fromId="142" toId="89">
</dataflow>
<dataflow id="361" from="cipher_state_39" to="cipher_state_40" fromId="82" toId="89">
</dataflow>
<dataflow id="362" from="w" to="cipher_state_40" fromId="137" toId="89">
</dataflow>
<dataflow id="363" from="stg_337" to="cipher_state_40" fromId="337" toId="89">
</dataflow>
<dataflow id="365" from="_ssdm_op_Write.ap_auto.i128P" to="stg_90" fromId="364" toId="90">
</dataflow>
<dataflow id="366" from="out_r" to="stg_90" fromId="136" toId="90">
</dataflow>
<dataflow id="367" from="cipher_state_40" to="stg_90" fromId="89" toId="90">
</dataflow>
</dataflows>


</stg>
