<stg><name>Cipher_ShiftRows</name>


<trans_list>
</trans_list>



<state_list>

<state id="1" st_id="1">

<operation id="2" st_id="1" stage="1" lat="1">
<core>NULL</core>
<MemPortIdVec></MemPortIdVec>
<condition id="-1">
<or_exp><and_exp></and_exp></or_exp>
</condition>

<node id="2" bw="128" op_0_bw="128" op_1_bw="128">
<![CDATA[
:0  %state_i_read_2 = call i128 @_ssdm_op_Read.ap_none.i128(i128 %state_i_read)

]]></node>
<StgValue><ssdm name="state_i_read_2"/></StgValue>
</operation>

<operation id="3" st_id="1" stage="1" lat="1">
<core>NULL</core>
<MemPortIdVec></MemPortIdVec>
<condition id="-1">
<or_exp><and_exp></and_exp></or_exp>
</condition>

<node id="3" bw="0" op_0_bw="0" op_1_bw="32" op_2_bw="8" op_3_bw="32" op_4_bw="32" op_5_bw="32" op_6_bw="32" op_7_bw="8" op_8_bw="8" op_9_bw="8">
<![CDATA[
:1  call void (...)* @_ssdm_op_SpecInterface(i32 0, [13 x i8]* @p_str4, i32 0, i32 0, i32 0, i32 0, [1 x i8]* @p_str1, [1 x i8]* @p_str1, [1 x i8]* @p_str1) nounwind

]]></node>
<StgValue><ssdm name=""/></StgValue>
</operation>

<operation id="4" st_id="1" stage="1" lat="1">
<core>NULL</core>
<MemPortIdVec></MemPortIdVec>
<condition id="-1">
<or_exp><and_exp></and_exp></or_exp>
</condition>

<node id="4" bw="0" op_0_bw="0" op_1_bw="32" op_2_bw="32" op_3_bw="32" op_4_bw="32" op_5_bw="8">
<![CDATA[
:2  call void (...)* @_ssdm_op_SpecPipeline(i32 1, i32 1, i32 1, i32 0, [1 x i8]* @p_str1) nounwind

]]></node>
<StgValue><ssdm name=""/></StgValue>
</operation>

<operation id="5" st_id="1" stage="1" lat="1">
<core>NULL</core>
<MemPortIdVec></MemPortIdVec>
<condition id="-1">
<or_exp><and_exp></and_exp></or_exp>
</condition>

<node id="5" bw="0" op_0_bw="0" op_1_bw="128" op_2_bw="8" op_3_bw="32" op_4_bw="32" op_5_bw="32" op_6_bw="32" op_7_bw="8" op_8_bw="8" op_9_bw="8">
<![CDATA[
:3  call void (...)* @_ssdm_op_SpecInterface(i128 %state_i_read, [8 x i8]* @p_str2, i32 0, i32 0, i32 0, i32 0, [1 x i8]* @p_str1, [1 x i8]* @p_str1, [1 x i8]* @p_str1) nounwind

]]></node>
<StgValue><ssdm name=""/></StgValue>
</operation>

<operation id="6" st_id="1" stage="1" lat="1">
<core>NULL</core>
<MemPortIdVec></MemPortIdVec>
<condition id="-1">
<or_exp><and_exp></and_exp></or_exp>
</condition>

<node id="6" bw="0" op_0_bw="0" op_1_bw="32" op_2_bw="128" op_3_bw="8" op_4_bw="32" op_5_bw="32" op_6_bw="32" op_7_bw="32" op_8_bw="8" op_9_bw="8" op_10_bw="8">
<![CDATA[
:4  call void (...)* @_ssdm_op_SpecInterface(i32 0, i128 %state_i_read, [8 x i8]* @p_str2, i32 0, i32 0, i32 0, i32 0, [1 x i8]* @p_str1, [1 x i8]* @p_str1, [1 x i8]* @p_str1)

]]></node>
<StgValue><ssdm name=""/></StgValue>
</operation>

<operation id="7" st_id="1" stage="1" lat="1">
<core>NULL</core>
<MemPortIdVec></MemPortIdVec>
<condition id="-1">
<or_exp><and_exp></and_exp></or_exp>
</condition>

<node id="7" bw="8" op_0_bw="8" op_1_bw="128" op_2_bw="32" op_3_bw="32">
<![CDATA[
:5  %tmp = call i8 @_ssdm_op_PartSelect.i8.i128.i32.i32(i128 %state_i_read_2, i32 40, i32 47)

]]></node>
<StgValue><ssdm name="tmp"/></StgValue>
</operation>

<operation id="8" st_id="1" stage="1" lat="1">
<core>NULL</core>
<MemPortIdVec></MemPortIdVec>
<condition id="-1">
<or_exp><and_exp></and_exp></or_exp>
</condition>

<node id="8" bw="8" op_0_bw="8" op_1_bw="128" op_2_bw="32" op_3_bw="32">
<![CDATA[
:6  %tmp_s = call i8 @_ssdm_op_PartSelect.i8.i128.i32.i32(i128 %state_i_read_2, i32 72, i32 79)

]]></node>
<StgValue><ssdm name="tmp_s"/></StgValue>
</operation>

<operation id="9" st_id="1" stage="1" lat="1">
<core>NULL</core>
<MemPortIdVec></MemPortIdVec>
<condition id="-1">
<or_exp><and_exp></and_exp></or_exp>
</condition>

<node id="9" bw="8" op_0_bw="8" op_1_bw="128" op_2_bw="32" op_3_bw="32">
<![CDATA[
:7  %tmp_16 = call i8 @_ssdm_op_PartSelect.i8.i128.i32.i32(i128 %state_i_read_2, i32 104, i32 111)

]]></node>
<StgValue><ssdm name="tmp_16"/></StgValue>
</operation>

<operation id="10" st_id="1" stage="1" lat="1">
<core>NULL</core>
<MemPortIdVec></MemPortIdVec>
<condition id="-1">
<or_exp><and_exp></and_exp></or_exp>
</condition>

<node id="10" bw="32" op_0_bw="128">
<![CDATA[
:8  %tmp_12 = trunc i128 %state_i_read_2 to i32

]]></node>
<StgValue><ssdm name="tmp_12"/></StgValue>
</operation>

<operation id="11" st_id="1" stage="1" lat="1">
<core>NULL</core>
<MemPortIdVec></MemPortIdVec>
<condition id="-1">
<or_exp><and_exp></and_exp></or_exp>
</condition>

<node id="11" bw="8" op_0_bw="8" op_1_bw="128" op_2_bw="32" op_3_bw="32">
<![CDATA[
:9  %tmp_17 = call i8 @_ssdm_op_PartSelect.i8.i128.i32.i32(i128 %state_i_read_2, i32 8, i32 15)

]]></node>
<StgValue><ssdm name="tmp_17"/></StgValue>
</operation>

<operation id="12" st_id="1" stage="1" lat="1">
<core>NULL</core>
<MemPortIdVec></MemPortIdVec>
<condition id="-1">
<or_exp><and_exp></and_exp></or_exp>
</condition>

<node id="12" bw="32" op_0_bw="32" op_1_bw="128" op_2_bw="32" op_3_bw="32">
<![CDATA[
:10  %tmp_18 = call i32 @_ssdm_op_PartSelect.i32.i128.i32.i32(i128 %state_i_read_2, i32 32, i32 63)

]]></node>
<StgValue><ssdm name="tmp_18"/></StgValue>
</operation>

<operation id="13" st_id="1" stage="1" lat="1">
<core>NULL</core>
<MemPortIdVec></MemPortIdVec>
<condition id="-1">
<or_exp><and_exp></and_exp></or_exp>
</condition>

<node id="13" bw="32" op_0_bw="32" op_1_bw="128" op_2_bw="32" op_3_bw="32">
<![CDATA[
:11  %tmp_19 = call i32 @_ssdm_op_PartSelect.i32.i128.i32.i32(i128 %state_i_read_2, i32 64, i32 95)

]]></node>
<StgValue><ssdm name="tmp_19"/></StgValue>
</operation>

<operation id="14" st_id="1" stage="1" lat="1">
<core>NULL</core>
<MemPortIdVec></MemPortIdVec>
<condition id="-1">
<or_exp><and_exp></and_exp></or_exp>
</condition>

<node id="14" bw="32" op_0_bw="32" op_1_bw="128" op_2_bw="32" op_3_bw="32">
<![CDATA[
:12  %tmp_20 = call i32 @_ssdm_op_PartSelect.i32.i128.i32.i32(i128 %state_i_read_2, i32 96, i32 127)

]]></node>
<StgValue><ssdm name="tmp_20"/></StgValue>
</operation>

<operation id="15" st_id="1" stage="1" lat="1">
<core>NULL</core>
<MemPortIdVec></MemPortIdVec>
<condition id="-1">
<or_exp><and_exp></and_exp></or_exp>
</condition>

<node id="15" bw="8" op_0_bw="8" op_1_bw="128" op_2_bw="32" op_3_bw="32">
<![CDATA[
:13  %tmp_21 = call i8 @_ssdm_op_PartSelect.i8.i128.i32.i32(i128 %state_i_read_2, i32 80, i32 87)

]]></node>
<StgValue><ssdm name="tmp_21"/></StgValue>
</operation>

<operation id="16" st_id="1" stage="1" lat="1">
<core>NULL</core>
<MemPortIdVec></MemPortIdVec>
<condition id="-1">
<or_exp><and_exp></and_exp></or_exp>
</condition>

<node id="16" bw="8" op_0_bw="8" op_1_bw="128" op_2_bw="32" op_3_bw="32">
<![CDATA[
:14  %tmp_22 = call i8 @_ssdm_op_PartSelect.i8.i128.i32.i32(i128 %state_i_read_2, i32 112, i32 119)

]]></node>
<StgValue><ssdm name="tmp_22"/></StgValue>
</operation>

<operation id="17" st_id="1" stage="1" lat="1">
<core>NULL</core>
<MemPortIdVec></MemPortIdVec>
<condition id="-1">
<or_exp><and_exp></and_exp></or_exp>
</condition>

<node id="17" bw="8" op_0_bw="8" op_1_bw="128" op_2_bw="32" op_3_bw="32">
<![CDATA[
:15  %tmp_23 = call i8 @_ssdm_op_PartSelect.i8.i128.i32.i32(i128 %state_i_read_2, i32 16, i32 23)

]]></node>
<StgValue><ssdm name="tmp_23"/></StgValue>
</operation>

<operation id="18" st_id="1" stage="1" lat="1">
<core>NULL</core>
<MemPortIdVec></MemPortIdVec>
<condition id="-1">
<or_exp><and_exp></and_exp></or_exp>
</condition>

<node id="18" bw="8" op_0_bw="8" op_1_bw="128" op_2_bw="32" op_3_bw="32">
<![CDATA[
:16  %tmp_24 = call i8 @_ssdm_op_PartSelect.i8.i128.i32.i32(i128 %state_i_read_2, i32 48, i32 55)

]]></node>
<StgValue><ssdm name="tmp_24"/></StgValue>
</operation>

<operation id="19" st_id="1" stage="1" lat="1">
<core>NULL</core>
<MemPortIdVec></MemPortIdVec>
<condition id="-1">
<or_exp><and_exp></and_exp></or_exp>
</condition>

<node id="19" bw="8" op_0_bw="8" op_1_bw="128" op_2_bw="32" op_3_bw="32">
<![CDATA[
:17  %tmp_25 = call i8 @_ssdm_op_PartSelect.i8.i128.i32.i32(i128 %state_i_read_2, i32 120, i32 127)

]]></node>
<StgValue><ssdm name="tmp_25"/></StgValue>
</operation>

<operation id="20" st_id="1" stage="1" lat="1">
<core>NULL</core>
<MemPortIdVec></MemPortIdVec>
<condition id="-1">
<or_exp><and_exp></and_exp></or_exp>
</condition>

<node id="20" bw="8" op_0_bw="8" op_1_bw="128" op_2_bw="32" op_3_bw="32">
<![CDATA[
:18  %tmp_26 = call i8 @_ssdm_op_PartSelect.i8.i128.i32.i32(i128 %state_i_read_2, i32 24, i32 31)

]]></node>
<StgValue><ssdm name="tmp_26"/></StgValue>
</operation>

<operation id="21" st_id="1" stage="1" lat="1">
<core>NULL</core>
<MemPortIdVec></MemPortIdVec>
<condition id="-1">
<or_exp><and_exp></and_exp></or_exp>
</condition>

<node id="21" bw="8" op_0_bw="8" op_1_bw="128" op_2_bw="32" op_3_bw="32">
<![CDATA[
:19  %tmp_27 = call i8 @_ssdm_op_PartSelect.i8.i128.i32.i32(i128 %state_i_read_2, i32 56, i32 63)

]]></node>
<StgValue><ssdm name="tmp_27"/></StgValue>
</operation>

<operation id="22" st_id="1" stage="1" lat="1">
<core>NULL</core>
<MemPortIdVec></MemPortIdVec>
<condition id="-1">
<or_exp><and_exp></and_exp></or_exp>
</condition>

<node id="22" bw="8" op_0_bw="8" op_1_bw="128" op_2_bw="32" op_3_bw="32">
<![CDATA[
:20  %tmp_28 = call i8 @_ssdm_op_PartSelect.i8.i128.i32.i32(i128 %state_i_read_2, i32 88, i32 95)

]]></node>
<StgValue><ssdm name="tmp_28"/></StgValue>
</operation>

<operation id="23" st_id="1" stage="1" lat="1">
<core>NULL</core>
<MemPortIdVec></MemPortIdVec>
<condition id="-1">
<or_exp><and_exp></and_exp></or_exp>
</condition>

<node id="23" bw="24" op_0_bw="24" op_1_bw="8" op_2_bw="8" op_3_bw="8">
<![CDATA[
:21  %tmp_29 = call i24 @_ssdm_op_BitConcatenate.i24.i8.i8.i8(i8 %tmp_25, i8 %tmp_21, i8 %tmp)

]]></node>
<StgValue><ssdm name="tmp_29"/></StgValue>
</operation>

<operation id="24" st_id="1" stage="1" lat="1">
<core>NULL</core>
<MemPortIdVec></MemPortIdVec>
<condition id="-1">
<or_exp><and_exp></and_exp></or_exp>
</condition>

<node id="24" bw="32" op_0_bw="32" op_1_bw="32" op_2_bw="24" op_3_bw="32" op_4_bw="32">
<![CDATA[
:22  %tmp_30 = call i32 @_ssdm_op_PartSet.i32.i32.i24.i32.i32(i32 %tmp_12, i24 %tmp_29, i32 8, i32 31)

]]></node>
<StgValue><ssdm name="tmp_30"/></StgValue>
</operation>

<operation id="25" st_id="1" stage="1" lat="1">
<core>NULL</core>
<MemPortIdVec></MemPortIdVec>
<condition id="-1">
<or_exp><and_exp></and_exp></or_exp>
</condition>

<node id="25" bw="24" op_0_bw="24" op_1_bw="8" op_2_bw="8" op_3_bw="8">
<![CDATA[
:23  %tmp_31 = call i24 @_ssdm_op_BitConcatenate.i24.i8.i8.i8(i8 %tmp_26, i8 %tmp_22, i8 %tmp_s)

]]></node>
<StgValue><ssdm name="tmp_31"/></StgValue>
</operation>

<operation id="26" st_id="1" stage="1" lat="1">
<core>NULL</core>
<MemPortIdVec></MemPortIdVec>
<condition id="-1">
<or_exp><and_exp></and_exp></or_exp>
</condition>

<node id="26" bw="32" op_0_bw="32" op_1_bw="32" op_2_bw="24" op_3_bw="32" op_4_bw="32">
<![CDATA[
:24  %tmp_32 = call i32 @_ssdm_op_PartSet.i32.i32.i24.i32.i32(i32 %tmp_18, i24 %tmp_31, i32 8, i32 31)

]]></node>
<StgValue><ssdm name="tmp_32"/></StgValue>
</operation>

<operation id="27" st_id="1" stage="1" lat="1">
<core>NULL</core>
<MemPortIdVec></MemPortIdVec>
<condition id="-1">
<or_exp><and_exp></and_exp></or_exp>
</condition>

<node id="27" bw="24" op_0_bw="24" op_1_bw="8" op_2_bw="8" op_3_bw="8">
<![CDATA[
:25  %tmp_33 = call i24 @_ssdm_op_BitConcatenate.i24.i8.i8.i8(i8 %tmp_27, i8 %tmp_23, i8 %tmp_16)

]]></node>
<StgValue><ssdm name="tmp_33"/></StgValue>
</operation>

<operation id="28" st_id="1" stage="1" lat="1">
<core>NULL</core>
<MemPortIdVec></MemPortIdVec>
<condition id="-1">
<or_exp><and_exp></and_exp></or_exp>
</condition>

<node id="28" bw="32" op_0_bw="32" op_1_bw="32" op_2_bw="24" op_3_bw="32" op_4_bw="32">
<![CDATA[
:26  %tmp_34 = call i32 @_ssdm_op_PartSet.i32.i32.i24.i32.i32(i32 %tmp_19, i24 %tmp_33, i32 8, i32 31)

]]></node>
<StgValue><ssdm name="tmp_34"/></StgValue>
</operation>

<operation id="29" st_id="1" stage="1" lat="1">
<core>NULL</core>
<MemPortIdVec></MemPortIdVec>
<condition id="-1">
<or_exp><and_exp></and_exp></or_exp>
</condition>

<node id="29" bw="24" op_0_bw="24" op_1_bw="8" op_2_bw="8" op_3_bw="8">
<![CDATA[
:27  %tmp_35 = call i24 @_ssdm_op_BitConcatenate.i24.i8.i8.i8(i8 %tmp_28, i8 %tmp_24, i8 %tmp_17)

]]></node>
<StgValue><ssdm name="tmp_35"/></StgValue>
</operation>

<operation id="30" st_id="1" stage="1" lat="1">
<core>NULL</core>
<MemPortIdVec></MemPortIdVec>
<condition id="-1">
<or_exp><and_exp></and_exp></or_exp>
</condition>

<node id="30" bw="32" op_0_bw="32" op_1_bw="32" op_2_bw="24" op_3_bw="32" op_4_bw="32">
<![CDATA[
:28  %tmp_36 = call i32 @_ssdm_op_PartSet.i32.i32.i24.i32.i32(i32 %tmp_20, i24 %tmp_35, i32 8, i32 31)

]]></node>
<StgValue><ssdm name="tmp_36"/></StgValue>
</operation>

<operation id="31" st_id="1" stage="1" lat="1">
<core>NULL</core>
<MemPortIdVec></MemPortIdVec>
<condition id="-1">
<or_exp><and_exp></and_exp></or_exp>
</condition>

<node id="31" bw="128" op_0_bw="128" op_1_bw="32" op_2_bw="32" op_3_bw="32" op_4_bw="32">
<![CDATA[
:29  %tmp_37 = call i128 @_ssdm_op_BitConcatenate.i128.i32.i32.i32.i32(i32 %tmp_36, i32 %tmp_34, i32 %tmp_32, i32 %tmp_30)

]]></node>
<StgValue><ssdm name="tmp_37"/></StgValue>
</operation>

<operation id="32" st_id="1" stage="1" lat="1">
<core>NULL</core>
<MemPortIdVec></MemPortIdVec>
<condition id="-1">
<or_exp><and_exp></and_exp></or_exp>
</condition>

<node id="32" bw="0" op_0_bw="128">
<![CDATA[
:30  ret i128 %tmp_37

]]></node>
<StgValue><ssdm name=""/></StgValue>
</operation>
</state>
</state_list>


<ports>
<port id="34" name="state_i_read" dir="0" iftype="0">
<core>NULL</core><StgValue><ssdm name="state_i_read"/></StgValue>
</port>
</ports>


<dataflows>
<dataflow id="36" from="_ssdm_op_Read.ap_none.i128" to="state_i_read_2" fromId="35" toId="2">
</dataflow>
<dataflow id="37" from="state_i_read" to="state_i_read_2" fromId="34" toId="2">
</dataflow>
<dataflow id="39" from="_ssdm_op_SpecInterface" to="stg_3" fromId="38" toId="3">
</dataflow>
<dataflow id="41" from="stg_40" to="stg_3" fromId="40" toId="3">
</dataflow>
<dataflow id="43" from="p_str4" to="stg_3" fromId="42" toId="3">
</dataflow>
<dataflow id="44" from="stg_40" to="stg_3" fromId="40" toId="3">
</dataflow>
<dataflow id="45" from="stg_40" to="stg_3" fromId="40" toId="3">
</dataflow>
<dataflow id="46" from="stg_40" to="stg_3" fromId="40" toId="3">
</dataflow>
<dataflow id="47" from="stg_40" to="stg_3" fromId="40" toId="3">
</dataflow>
<dataflow id="49" from="p_str1" to="stg_3" fromId="48" toId="3">
</dataflow>
<dataflow id="50" from="p_str1" to="stg_3" fromId="48" toId="3">
</dataflow>
<dataflow id="51" from="p_str1" to="stg_3" fromId="48" toId="3">
</dataflow>
<dataflow id="53" from="_ssdm_op_SpecPipeline" to="stg_4" fromId="52" toId="4">
</dataflow>
<dataflow id="55" from="stg_54" to="stg_4" fromId="54" toId="4">
</dataflow>
<dataflow id="56" from="stg_54" to="stg_4" fromId="54" toId="4">
</dataflow>
<dataflow id="57" from="stg_54" to="stg_4" fromId="54" toId="4">
</dataflow>
<dataflow id="58" from="stg_40" to="stg_4" fromId="40" toId="4">
</dataflow>
<dataflow id="59" from="p_str1" to="stg_4" fromId="48" toId="4">
</dataflow>
<dataflow id="60" from="_ssdm_op_SpecInterface" to="stg_5" fromId="38" toId="5">
</dataflow>
<dataflow id="61" from="state_i_read" to="stg_5" fromId="34" toId="5">
</dataflow>
<dataflow id="63" from="p_str2" to="stg_5" fromId="62" toId="5">
</dataflow>
<dataflow id="64" from="stg_40" to="stg_5" fromId="40" toId="5">
</dataflow>
<dataflow id="65" from="stg_40" to="stg_5" fromId="40" toId="5">
</dataflow>
<dataflow id="66" from="stg_40" to="stg_5" fromId="40" toId="5">
</dataflow>
<dataflow id="67" from="stg_40" to="stg_5" fromId="40" toId="5">
</dataflow>
<dataflow id="68" from="p_str1" to="stg_5" fromId="48" toId="5">
</dataflow>
<dataflow id="69" from="p_str1" to="stg_5" fromId="48" toId="5">
</dataflow>
<dataflow id="70" from="p_str1" to="stg_5" fromId="48" toId="5">
</dataflow>
<dataflow id="71" from="_ssdm_op_SpecInterface" to="stg_6" fromId="38" toId="6">
</dataflow>
<dataflow id="72" from="stg_40" to="stg_6" fromId="40" toId="6">
</dataflow>
<dataflow id="73" from="state_i_read" to="stg_6" fromId="34" toId="6">
</dataflow>
<dataflow id="74" from="p_str2" to="stg_6" fromId="62" toId="6">
</dataflow>
<dataflow id="75" from="stg_40" to="stg_6" fromId="40" toId="6">
</dataflow>
<dataflow id="76" from="stg_40" to="stg_6" fromId="40" toId="6">
</dataflow>
<dataflow id="77" from="stg_40" to="stg_6" fromId="40" toId="6">
</dataflow>
<dataflow id="78" from="stg_40" to="stg_6" fromId="40" toId="6">
</dataflow>
<dataflow id="79" from="p_str1" to="stg_6" fromId="48" toId="6">
</dataflow>
<dataflow id="80" from="p_str1" to="stg_6" fromId="48" toId="6">
</dataflow>
<dataflow id="81" from="p_str1" to="stg_6" fromId="48" toId="6">
</dataflow>
<dataflow id="83" from="_ssdm_op_PartSelect.i8.i128.i32.i32" to="tmp" fromId="82" toId="7">
</dataflow>
<dataflow id="84" from="state_i_read_2" to="tmp" fromId="2" toId="7">
</dataflow>
<dataflow id="86" from="stg_85" to="tmp" fromId="85" toId="7">
</dataflow>
<dataflow id="88" from="stg_87" to="tmp" fromId="87" toId="7">
</dataflow>
<dataflow id="89" from="_ssdm_op_PartSelect.i8.i128.i32.i32" to="tmp_s" fromId="82" toId="8">
</dataflow>
<dataflow id="90" from="state_i_read_2" to="tmp_s" fromId="2" toId="8">
</dataflow>
<dataflow id="92" from="stg_91" to="tmp_s" fromId="91" toId="8">
</dataflow>
<dataflow id="94" from="stg_93" to="tmp_s" fromId="93" toId="8">
</dataflow>
<dataflow id="95" from="_ssdm_op_PartSelect.i8.i128.i32.i32" to="tmp_16" fromId="82" toId="9">
</dataflow>
<dataflow id="96" from="state_i_read_2" to="tmp_16" fromId="2" toId="9">
</dataflow>
<dataflow id="98" from="stg_97" to="tmp_16" fromId="97" toId="9">
</dataflow>
<dataflow id="100" from="stg_99" to="tmp_16" fromId="99" toId="9">
</dataflow>
<dataflow id="101" from="state_i_read_2" to="tmp_12" fromId="2" toId="10">
</dataflow>
<dataflow id="102" from="_ssdm_op_PartSelect.i8.i128.i32.i32" to="tmp_17" fromId="82" toId="11">
</dataflow>
<dataflow id="103" from="state_i_read_2" to="tmp_17" fromId="2" toId="11">
</dataflow>
<dataflow id="105" from="stg_104" to="tmp_17" fromId="104" toId="11">
</dataflow>
<dataflow id="107" from="stg_106" to="tmp_17" fromId="106" toId="11">
</dataflow>
<dataflow id="109" from="_ssdm_op_PartSelect.i32.i128.i32.i32" to="tmp_18" fromId="108" toId="12">
</dataflow>
<dataflow id="110" from="state_i_read_2" to="tmp_18" fromId="2" toId="12">
</dataflow>
<dataflow id="112" from="stg_111" to="tmp_18" fromId="111" toId="12">
</dataflow>
<dataflow id="114" from="stg_113" to="tmp_18" fromId="113" toId="12">
</dataflow>
<dataflow id="115" from="_ssdm_op_PartSelect.i32.i128.i32.i32" to="tmp_19" fromId="108" toId="13">
</dataflow>
<dataflow id="116" from="state_i_read_2" to="tmp_19" fromId="2" toId="13">
</dataflow>
<dataflow id="118" from="stg_117" to="tmp_19" fromId="117" toId="13">
</dataflow>
<dataflow id="120" from="stg_119" to="tmp_19" fromId="119" toId="13">
</dataflow>
<dataflow id="121" from="_ssdm_op_PartSelect.i32.i128.i32.i32" to="tmp_20" fromId="108" toId="14">
</dataflow>
<dataflow id="122" from="state_i_read_2" to="tmp_20" fromId="2" toId="14">
</dataflow>
<dataflow id="124" from="stg_123" to="tmp_20" fromId="123" toId="14">
</dataflow>
<dataflow id="126" from="stg_125" to="tmp_20" fromId="125" toId="14">
</dataflow>
<dataflow id="127" from="_ssdm_op_PartSelect.i8.i128.i32.i32" to="tmp_21" fromId="82" toId="15">
</dataflow>
<dataflow id="128" from="state_i_read_2" to="tmp_21" fromId="2" toId="15">
</dataflow>
<dataflow id="130" from="stg_129" to="tmp_21" fromId="129" toId="15">
</dataflow>
<dataflow id="132" from="stg_131" to="tmp_21" fromId="131" toId="15">
</dataflow>
<dataflow id="133" from="_ssdm_op_PartSelect.i8.i128.i32.i32" to="tmp_22" fromId="82" toId="16">
</dataflow>
<dataflow id="134" from="state_i_read_2" to="tmp_22" fromId="2" toId="16">
</dataflow>
<dataflow id="136" from="stg_135" to="tmp_22" fromId="135" toId="16">
</dataflow>
<dataflow id="138" from="stg_137" to="tmp_22" fromId="137" toId="16">
</dataflow>
<dataflow id="139" from="_ssdm_op_PartSelect.i8.i128.i32.i32" to="tmp_23" fromId="82" toId="17">
</dataflow>
<dataflow id="140" from="state_i_read_2" to="tmp_23" fromId="2" toId="17">
</dataflow>
<dataflow id="142" from="stg_141" to="tmp_23" fromId="141" toId="17">
</dataflow>
<dataflow id="144" from="stg_143" to="tmp_23" fromId="143" toId="17">
</dataflow>
<dataflow id="145" from="_ssdm_op_PartSelect.i8.i128.i32.i32" to="tmp_24" fromId="82" toId="18">
</dataflow>
<dataflow id="146" from="state_i_read_2" to="tmp_24" fromId="2" toId="18">
</dataflow>
<dataflow id="148" from="stg_147" to="tmp_24" fromId="147" toId="18">
</dataflow>
<dataflow id="150" from="stg_149" to="tmp_24" fromId="149" toId="18">
</dataflow>
<dataflow id="151" from="_ssdm_op_PartSelect.i8.i128.i32.i32" to="tmp_25" fromId="82" toId="19">
</dataflow>
<dataflow id="152" from="state_i_read_2" to="tmp_25" fromId="2" toId="19">
</dataflow>
<dataflow id="154" from="stg_153" to="tmp_25" fromId="153" toId="19">
</dataflow>
<dataflow id="155" from="stg_125" to="tmp_25" fromId="125" toId="19">
</dataflow>
<dataflow id="156" from="_ssdm_op_PartSelect.i8.i128.i32.i32" to="tmp_26" fromId="82" toId="20">
</dataflow>
<dataflow id="157" from="state_i_read_2" to="tmp_26" fromId="2" toId="20">
</dataflow>
<dataflow id="159" from="stg_158" to="tmp_26" fromId="158" toId="20">
</dataflow>
<dataflow id="161" from="stg_160" to="tmp_26" fromId="160" toId="20">
</dataflow>
<dataflow id="162" from="_ssdm_op_PartSelect.i8.i128.i32.i32" to="tmp_27" fromId="82" toId="21">
</dataflow>
<dataflow id="163" from="state_i_read_2" to="tmp_27" fromId="2" toId="21">
</dataflow>
<dataflow id="165" from="stg_164" to="tmp_27" fromId="164" toId="21">
</dataflow>
<dataflow id="166" from="stg_113" to="tmp_27" fromId="113" toId="21">
</dataflow>
<dataflow id="167" from="_ssdm_op_PartSelect.i8.i128.i32.i32" to="tmp_28" fromId="82" toId="22">
</dataflow>
<dataflow id="168" from="state_i_read_2" to="tmp_28" fromId="2" toId="22">
</dataflow>
<dataflow id="170" from="stg_169" to="tmp_28" fromId="169" toId="22">
</dataflow>
<dataflow id="171" from="stg_119" to="tmp_28" fromId="119" toId="22">
</dataflow>
<dataflow id="173" from="_ssdm_op_BitConcatenate.i24.i8.i8.i8" to="tmp_29" fromId="172" toId="23">
</dataflow>
<dataflow id="174" from="tmp_25" to="tmp_29" fromId="19" toId="23">
</dataflow>
<dataflow id="175" from="tmp_21" to="tmp_29" fromId="15" toId="23">
</dataflow>
<dataflow id="176" from="tmp" to="tmp_29" fromId="7" toId="23">
</dataflow>
<dataflow id="178" from="_ssdm_op_PartSet.i32.i32.i24.i32.i32" to="tmp_30" fromId="177" toId="24">
</dataflow>
<dataflow id="179" from="tmp_12" to="tmp_30" fromId="10" toId="24">
</dataflow>
<dataflow id="180" from="tmp_29" to="tmp_30" fromId="23" toId="24">
</dataflow>
<dataflow id="181" from="stg_104" to="tmp_30" fromId="104" toId="24">
</dataflow>
<dataflow id="182" from="stg_160" to="tmp_30" fromId="160" toId="24">
</dataflow>
<dataflow id="183" from="_ssdm_op_BitConcatenate.i24.i8.i8.i8" to="tmp_31" fromId="172" toId="25">
</dataflow>
<dataflow id="184" from="tmp_26" to="tmp_31" fromId="20" toId="25">
</dataflow>
<dataflow id="185" from="tmp_22" to="tmp_31" fromId="16" toId="25">
</dataflow>
<dataflow id="186" from="tmp_s" to="tmp_31" fromId="8" toId="25">
</dataflow>
<dataflow id="187" from="_ssdm_op_PartSet.i32.i32.i24.i32.i32" to="tmp_32" fromId="177" toId="26">
</dataflow>
<dataflow id="188" from="tmp_18" to="tmp_32" fromId="12" toId="26">
</dataflow>
<dataflow id="189" from="tmp_31" to="tmp_32" fromId="25" toId="26">
</dataflow>
<dataflow id="190" from="stg_104" to="tmp_32" fromId="104" toId="26">
</dataflow>
<dataflow id="191" from="stg_160" to="tmp_32" fromId="160" toId="26">
</dataflow>
<dataflow id="192" from="_ssdm_op_BitConcatenate.i24.i8.i8.i8" to="tmp_33" fromId="172" toId="27">
</dataflow>
<dataflow id="193" from="tmp_27" to="tmp_33" fromId="21" toId="27">
</dataflow>
<dataflow id="194" from="tmp_23" to="tmp_33" fromId="17" toId="27">
</dataflow>
<dataflow id="195" from="tmp_16" to="tmp_33" fromId="9" toId="27">
</dataflow>
<dataflow id="196" from="_ssdm_op_PartSet.i32.i32.i24.i32.i32" to="tmp_34" fromId="177" toId="28">
</dataflow>
<dataflow id="197" from="tmp_19" to="tmp_34" fromId="13" toId="28">
</dataflow>
<dataflow id="198" from="tmp_33" to="tmp_34" fromId="27" toId="28">
</dataflow>
<dataflow id="199" from="stg_104" to="tmp_34" fromId="104" toId="28">
</dataflow>
<dataflow id="200" from="stg_160" to="tmp_34" fromId="160" toId="28">
</dataflow>
<dataflow id="201" from="_ssdm_op_BitConcatenate.i24.i8.i8.i8" to="tmp_35" fromId="172" toId="29">
</dataflow>
<dataflow id="202" from="tmp_28" to="tmp_35" fromId="22" toId="29">
</dataflow>
<dataflow id="203" from="tmp_24" to="tmp_35" fromId="18" toId="29">
</dataflow>
<dataflow id="204" from="tmp_17" to="tmp_35" fromId="11" toId="29">
</dataflow>
<dataflow id="205" from="_ssdm_op_PartSet.i32.i32.i24.i32.i32" to="tmp_36" fromId="177" toId="30">
</dataflow>
<dataflow id="206" from="tmp_20" to="tmp_36" fromId="14" toId="30">
</dataflow>
<dataflow id="207" from="tmp_35" to="tmp_36" fromId="29" toId="30">
</dataflow>
<dataflow id="208" from="stg_104" to="tmp_36" fromId="104" toId="30">
</dataflow>
<dataflow id="209" from="stg_160" to="tmp_36" fromId="160" toId="30">
</dataflow>
<dataflow id="211" from="_ssdm_op_BitConcatenate.i128.i32.i32.i32.i32" to="tmp_37" fromId="210" toId="31">
</dataflow>
<dataflow id="212" from="tmp_36" to="tmp_37" fromId="30" toId="31">
</dataflow>
<dataflow id="213" from="tmp_34" to="tmp_37" fromId="28" toId="31">
</dataflow>
<dataflow id="214" from="tmp_32" to="tmp_37" fromId="26" toId="31">
</dataflow>
<dataflow id="215" from="tmp_30" to="tmp_37" fromId="24" toId="31">
</dataflow>
<dataflow id="216" from="tmp_37" to="stg_32" fromId="31" toId="32">
</dataflow>
</dataflows>


</stg>
