<stg><name>Cipher_SubBytes</name>


<trans_list>

<trans id="92" from="1" to="2">
<condition id="1">
<or_exp><and_exp></and_exp></or_exp>
</condition>
</trans>
</trans_list>



<state_list>

<state id="1" st_id="1">

<operation id="3" st_id="1" stage="1" lat="1">
<core>NULL</core>
<MemPortIdVec></MemPortIdVec>
<condition id="-1">
<or_exp><and_exp></and_exp></or_exp>
</condition>

<node id="3" bw="128" op_0_bw="128" op_1_bw="128">
<![CDATA[
.preheader.preheader.0:0  %state_i_read_1 = call i128 @_ssdm_op_Read.ap_none.i128(i128 %state_i_read)

]]></node>
<StgValue><ssdm name="state_i_read_1"/></StgValue>
</operation>

<operation id="4" st_id="1" stage="1" lat="1">
<core>NULL</core>
<MemPortIdVec></MemPortIdVec>
<condition id="-1">
<or_exp><and_exp></and_exp></or_exp>
</condition>

<node id="8" bw="8" op_0_bw="128">
<![CDATA[
.preheader.preheader.0:5  %tmp = trunc i128 %state_i_read_1 to i8

]]></node>
<StgValue><ssdm name="tmp"/></StgValue>
</operation>

<operation id="5" st_id="1" stage="1" lat="1">
<core>NULL</core>
<MemPortIdVec></MemPortIdVec>
<condition id="-1">
<or_exp><and_exp></and_exp></or_exp>
</condition>

<node id="9" bw="64" op_0_bw="8">
<![CDATA[
.preheader.preheader.0:6  %tmp_16 = zext i8 %tmp to i64

]]></node>
<StgValue><ssdm name="tmp_16"/></StgValue>
</operation>

<operation id="6" st_id="1" stage="1" lat="1">
<core>NULL</core>
<MemPortIdVec></MemPortIdVec>
<condition id="-1">
<or_exp><and_exp></and_exp></or_exp>
</condition>

<node id="10" bw="8" op_0_bw="8" op_1_bw="64" op_2_bw="64">
<![CDATA[
.preheader.preheader.0:7  %S_Box_addr = getelementptr inbounds [256 x i8]* @S_Box, i64 0, i64 %tmp_16

]]></node>
<StgValue><ssdm name="S_Box_addr"/></StgValue>
</operation>

<operation id="7" st_id="1" stage="2" lat="2">
<core>ROM_nP</core>
<MemPortIdVec>0 </MemPortIdVec>
<condition id="-1">
<or_exp><and_exp></and_exp></or_exp>
</condition>

<node id="11" bw="8" op_0_bw="8">
<![CDATA[
.preheader.preheader.0:8  %S_Box_load = load i8* %S_Box_addr, align 1

]]></node>
<StgValue><ssdm name="S_Box_load"/></StgValue>
</operation>

<operation id="8" st_id="1" stage="1" lat="1">
<core>NULL</core>
<MemPortIdVec></MemPortIdVec>
<condition id="-1">
<or_exp><and_exp></and_exp></or_exp>
</condition>

<node id="12" bw="8" op_0_bw="8" op_1_bw="128" op_2_bw="32" op_3_bw="32">
<![CDATA[
.preheader.preheader.0:9  %tmp_1 = call i8 @_ssdm_op_PartSelect.i8.i128.i32.i32(i128 %state_i_read_1, i32 32, i32 39)

]]></node>
<StgValue><ssdm name="tmp_1"/></StgValue>
</operation>

<operation id="9" st_id="1" stage="1" lat="1">
<core>NULL</core>
<MemPortIdVec></MemPortIdVec>
<condition id="-1">
<or_exp><and_exp></and_exp></or_exp>
</condition>

<node id="13" bw="64" op_0_bw="8">
<![CDATA[
.preheader.preheader.0:10  %tmp_23_0_1 = zext i8 %tmp_1 to i64

]]></node>
<StgValue><ssdm name="tmp_23_0_1"/></StgValue>
</operation>

<operation id="10" st_id="1" stage="1" lat="1">
<core>NULL</core>
<MemPortIdVec></MemPortIdVec>
<condition id="-1">
<or_exp><and_exp></and_exp></or_exp>
</condition>

<node id="14" bw="8" op_0_bw="8" op_1_bw="64" op_2_bw="64">
<![CDATA[
.preheader.preheader.0:11  %S_Box_addr_1 = getelementptr inbounds [256 x i8]* @S_Box, i64 0, i64 %tmp_23_0_1

]]></node>
<StgValue><ssdm name="S_Box_addr_1"/></StgValue>
</operation>

<operation id="11" st_id="1" stage="2" lat="2">
<core>ROM_nP</core>
<MemPortIdVec>1 </MemPortIdVec>
<condition id="-1">
<or_exp><and_exp></and_exp></or_exp>
</condition>

<node id="15" bw="8" op_0_bw="8">
<![CDATA[
.preheader.preheader.0:12  %S_Box_load_1 = load i8* %S_Box_addr_1, align 1

]]></node>
<StgValue><ssdm name="S_Box_load_1"/></StgValue>
</operation>

<operation id="12" st_id="1" stage="1" lat="1">
<core>NULL</core>
<MemPortIdVec></MemPortIdVec>
<condition id="-1">
<or_exp><and_exp></and_exp></or_exp>
</condition>

<node id="16" bw="8" op_0_bw="8" op_1_bw="128" op_2_bw="32" op_3_bw="32">
<![CDATA[
.preheader.preheader.0:13  %tmp_2 = call i8 @_ssdm_op_PartSelect.i8.i128.i32.i32(i128 %state_i_read_1, i32 64, i32 71)

]]></node>
<StgValue><ssdm name="tmp_2"/></StgValue>
</operation>

<operation id="13" st_id="1" stage="1" lat="1">
<core>NULL</core>
<MemPortIdVec></MemPortIdVec>
<condition id="-1">
<or_exp><and_exp></and_exp></or_exp>
</condition>

<node id="17" bw="64" op_0_bw="8">
<![CDATA[
.preheader.preheader.0:14  %tmp_23_0_2 = zext i8 %tmp_2 to i64

]]></node>
<StgValue><ssdm name="tmp_23_0_2"/></StgValue>
</operation>

<operation id="14" st_id="1" stage="1" lat="1">
<core>NULL</core>
<MemPortIdVec></MemPortIdVec>
<condition id="-1">
<or_exp><and_exp></and_exp></or_exp>
</condition>

<node id="18" bw="8" op_0_bw="8" op_1_bw="64" op_2_bw="64">
<![CDATA[
.preheader.preheader.0:15  %S_Box_addr_2 = getelementptr inbounds [256 x i8]* @S_Box, i64 0, i64 %tmp_23_0_2

]]></node>
<StgValue><ssdm name="S_Box_addr_2"/></StgValue>
</operation>

<operation id="15" st_id="1" stage="2" lat="2">
<core>ROM_nP</core>
<MemPortIdVec>2 </MemPortIdVec>
<condition id="-1">
<or_exp><and_exp></and_exp></or_exp>
</condition>

<node id="19" bw="8" op_0_bw="8">
<![CDATA[
.preheader.preheader.0:16  %S_Box_load_2 = load i8* %S_Box_addr_2, align 1

]]></node>
<StgValue><ssdm name="S_Box_load_2"/></StgValue>
</operation>

<operation id="16" st_id="1" stage="1" lat="1">
<core>NULL</core>
<MemPortIdVec></MemPortIdVec>
<condition id="-1">
<or_exp><and_exp></and_exp></or_exp>
</condition>

<node id="20" bw="8" op_0_bw="8" op_1_bw="128" op_2_bw="32" op_3_bw="32">
<![CDATA[
.preheader.preheader.0:17  %tmp_3 = call i8 @_ssdm_op_PartSelect.i8.i128.i32.i32(i128 %state_i_read_1, i32 96, i32 103)

]]></node>
<StgValue><ssdm name="tmp_3"/></StgValue>
</operation>

<operation id="17" st_id="1" stage="1" lat="1">
<core>NULL</core>
<MemPortIdVec></MemPortIdVec>
<condition id="-1">
<or_exp><and_exp></and_exp></or_exp>
</condition>

<node id="21" bw="64" op_0_bw="8">
<![CDATA[
.preheader.preheader.0:18  %tmp_23_0_3 = zext i8 %tmp_3 to i64

]]></node>
<StgValue><ssdm name="tmp_23_0_3"/></StgValue>
</operation>

<operation id="18" st_id="1" stage="1" lat="1">
<core>NULL</core>
<MemPortIdVec></MemPortIdVec>
<condition id="-1">
<or_exp><and_exp></and_exp></or_exp>
</condition>

<node id="22" bw="8" op_0_bw="8" op_1_bw="64" op_2_bw="64">
<![CDATA[
.preheader.preheader.0:19  %S_Box_addr_3 = getelementptr inbounds [256 x i8]* @S_Box, i64 0, i64 %tmp_23_0_3

]]></node>
<StgValue><ssdm name="S_Box_addr_3"/></StgValue>
</operation>

<operation id="19" st_id="1" stage="2" lat="2">
<core>ROM_nP</core>
<MemPortIdVec>3 </MemPortIdVec>
<condition id="-1">
<or_exp><and_exp></and_exp></or_exp>
</condition>

<node id="23" bw="8" op_0_bw="8">
<![CDATA[
.preheader.preheader.0:20  %S_Box_load_3 = load i8* %S_Box_addr_3, align 1

]]></node>
<StgValue><ssdm name="S_Box_load_3"/></StgValue>
</operation>

<operation id="20" st_id="1" stage="1" lat="1">
<core>NULL</core>
<MemPortIdVec></MemPortIdVec>
<condition id="-1">
<or_exp><and_exp></and_exp></or_exp>
</condition>

<node id="24" bw="8" op_0_bw="8" op_1_bw="128" op_2_bw="32" op_3_bw="32">
<![CDATA[
.preheader.preheader.0:21  %tmp_4 = call i8 @_ssdm_op_PartSelect.i8.i128.i32.i32(i128 %state_i_read_1, i32 8, i32 15)

]]></node>
<StgValue><ssdm name="tmp_4"/></StgValue>
</operation>

<operation id="21" st_id="1" stage="1" lat="1">
<core>NULL</core>
<MemPortIdVec></MemPortIdVec>
<condition id="-1">
<or_exp><and_exp></and_exp></or_exp>
</condition>

<node id="25" bw="64" op_0_bw="8">
<![CDATA[
.preheader.preheader.0:22  %tmp_23_1 = zext i8 %tmp_4 to i64

]]></node>
<StgValue><ssdm name="tmp_23_1"/></StgValue>
</operation>

<operation id="22" st_id="1" stage="1" lat="1">
<core>NULL</core>
<MemPortIdVec></MemPortIdVec>
<condition id="-1">
<or_exp><and_exp></and_exp></or_exp>
</condition>

<node id="26" bw="8" op_0_bw="8" op_1_bw="64" op_2_bw="64">
<![CDATA[
.preheader.preheader.0:23  %S_Box_addr_4 = getelementptr inbounds [256 x i8]* @S_Box, i64 0, i64 %tmp_23_1

]]></node>
<StgValue><ssdm name="S_Box_addr_4"/></StgValue>
</operation>

<operation id="23" st_id="1" stage="2" lat="2">
<core>ROM_nP</core>
<MemPortIdVec>4 </MemPortIdVec>
<condition id="-1">
<or_exp><and_exp></and_exp></or_exp>
</condition>

<node id="27" bw="8" op_0_bw="8">
<![CDATA[
.preheader.preheader.0:24  %S_Box_load_4 = load i8* %S_Box_addr_4, align 1

]]></node>
<StgValue><ssdm name="S_Box_load_4"/></StgValue>
</operation>

<operation id="24" st_id="1" stage="1" lat="1">
<core>NULL</core>
<MemPortIdVec></MemPortIdVec>
<condition id="-1">
<or_exp><and_exp></and_exp></or_exp>
</condition>

<node id="28" bw="8" op_0_bw="8" op_1_bw="128" op_2_bw="32" op_3_bw="32">
<![CDATA[
.preheader.preheader.0:25  %tmp_5 = call i8 @_ssdm_op_PartSelect.i8.i128.i32.i32(i128 %state_i_read_1, i32 40, i32 47)

]]></node>
<StgValue><ssdm name="tmp_5"/></StgValue>
</operation>

<operation id="25" st_id="1" stage="1" lat="1">
<core>NULL</core>
<MemPortIdVec></MemPortIdVec>
<condition id="-1">
<or_exp><and_exp></and_exp></or_exp>
</condition>

<node id="29" bw="64" op_0_bw="8">
<![CDATA[
.preheader.preheader.0:26  %tmp_23_1_1 = zext i8 %tmp_5 to i64

]]></node>
<StgValue><ssdm name="tmp_23_1_1"/></StgValue>
</operation>

<operation id="26" st_id="1" stage="1" lat="1">
<core>NULL</core>
<MemPortIdVec></MemPortIdVec>
<condition id="-1">
<or_exp><and_exp></and_exp></or_exp>
</condition>

<node id="30" bw="8" op_0_bw="8" op_1_bw="64" op_2_bw="64">
<![CDATA[
.preheader.preheader.0:27  %S_Box_addr_5 = getelementptr inbounds [256 x i8]* @S_Box, i64 0, i64 %tmp_23_1_1

]]></node>
<StgValue><ssdm name="S_Box_addr_5"/></StgValue>
</operation>

<operation id="27" st_id="1" stage="2" lat="2">
<core>ROM_nP</core>
<MemPortIdVec>5 </MemPortIdVec>
<condition id="-1">
<or_exp><and_exp></and_exp></or_exp>
</condition>

<node id="31" bw="8" op_0_bw="8">
<![CDATA[
.preheader.preheader.0:28  %S_Box_load_5 = load i8* %S_Box_addr_5, align 1

]]></node>
<StgValue><ssdm name="S_Box_load_5"/></StgValue>
</operation>

<operation id="28" st_id="1" stage="1" lat="1">
<core>NULL</core>
<MemPortIdVec></MemPortIdVec>
<condition id="-1">
<or_exp><and_exp></and_exp></or_exp>
</condition>

<node id="32" bw="8" op_0_bw="8" op_1_bw="128" op_2_bw="32" op_3_bw="32">
<![CDATA[
.preheader.preheader.0:29  %tmp_6 = call i8 @_ssdm_op_PartSelect.i8.i128.i32.i32(i128 %state_i_read_1, i32 72, i32 79)

]]></node>
<StgValue><ssdm name="tmp_6"/></StgValue>
</operation>

<operation id="29" st_id="1" stage="1" lat="1">
<core>NULL</core>
<MemPortIdVec></MemPortIdVec>
<condition id="-1">
<or_exp><and_exp></and_exp></or_exp>
</condition>

<node id="33" bw="64" op_0_bw="8">
<![CDATA[
.preheader.preheader.0:30  %tmp_23_1_2 = zext i8 %tmp_6 to i64

]]></node>
<StgValue><ssdm name="tmp_23_1_2"/></StgValue>
</operation>

<operation id="30" st_id="1" stage="1" lat="1">
<core>NULL</core>
<MemPortIdVec></MemPortIdVec>
<condition id="-1">
<or_exp><and_exp></and_exp></or_exp>
</condition>

<node id="34" bw="8" op_0_bw="8" op_1_bw="64" op_2_bw="64">
<![CDATA[
.preheader.preheader.0:31  %S_Box_addr_6 = getelementptr inbounds [256 x i8]* @S_Box, i64 0, i64 %tmp_23_1_2

]]></node>
<StgValue><ssdm name="S_Box_addr_6"/></StgValue>
</operation>

<operation id="31" st_id="1" stage="2" lat="2">
<core>ROM_nP</core>
<MemPortIdVec>6 </MemPortIdVec>
<condition id="-1">
<or_exp><and_exp></and_exp></or_exp>
</condition>

<node id="35" bw="8" op_0_bw="8">
<![CDATA[
.preheader.preheader.0:32  %S_Box_load_6 = load i8* %S_Box_addr_6, align 1

]]></node>
<StgValue><ssdm name="S_Box_load_6"/></StgValue>
</operation>

<operation id="32" st_id="1" stage="1" lat="1">
<core>NULL</core>
<MemPortIdVec></MemPortIdVec>
<condition id="-1">
<or_exp><and_exp></and_exp></or_exp>
</condition>

<node id="36" bw="8" op_0_bw="8" op_1_bw="128" op_2_bw="32" op_3_bw="32">
<![CDATA[
.preheader.preheader.0:33  %tmp_7 = call i8 @_ssdm_op_PartSelect.i8.i128.i32.i32(i128 %state_i_read_1, i32 104, i32 111)

]]></node>
<StgValue><ssdm name="tmp_7"/></StgValue>
</operation>

<operation id="33" st_id="1" stage="1" lat="1">
<core>NULL</core>
<MemPortIdVec></MemPortIdVec>
<condition id="-1">
<or_exp><and_exp></and_exp></or_exp>
</condition>

<node id="37" bw="64" op_0_bw="8">
<![CDATA[
.preheader.preheader.0:34  %tmp_23_1_3 = zext i8 %tmp_7 to i64

]]></node>
<StgValue><ssdm name="tmp_23_1_3"/></StgValue>
</operation>

<operation id="34" st_id="1" stage="1" lat="1">
<core>NULL</core>
<MemPortIdVec></MemPortIdVec>
<condition id="-1">
<or_exp><and_exp></and_exp></or_exp>
</condition>

<node id="38" bw="8" op_0_bw="8" op_1_bw="64" op_2_bw="64">
<![CDATA[
.preheader.preheader.0:35  %S_Box_addr_7 = getelementptr inbounds [256 x i8]* @S_Box, i64 0, i64 %tmp_23_1_3

]]></node>
<StgValue><ssdm name="S_Box_addr_7"/></StgValue>
</operation>

<operation id="35" st_id="1" stage="2" lat="2">
<core>ROM_nP</core>
<MemPortIdVec>7 </MemPortIdVec>
<condition id="-1">
<or_exp><and_exp></and_exp></or_exp>
</condition>

<node id="39" bw="8" op_0_bw="8">
<![CDATA[
.preheader.preheader.0:36  %S_Box_load_7 = load i8* %S_Box_addr_7, align 1

]]></node>
<StgValue><ssdm name="S_Box_load_7"/></StgValue>
</operation>

<operation id="36" st_id="1" stage="1" lat="1">
<core>NULL</core>
<MemPortIdVec></MemPortIdVec>
<condition id="-1">
<or_exp><and_exp></and_exp></or_exp>
</condition>

<node id="40" bw="8" op_0_bw="8" op_1_bw="128" op_2_bw="32" op_3_bw="32">
<![CDATA[
.preheader.preheader.0:37  %tmp_8 = call i8 @_ssdm_op_PartSelect.i8.i128.i32.i32(i128 %state_i_read_1, i32 16, i32 23)

]]></node>
<StgValue><ssdm name="tmp_8"/></StgValue>
</operation>

<operation id="37" st_id="1" stage="1" lat="1">
<core>NULL</core>
<MemPortIdVec></MemPortIdVec>
<condition id="-1">
<or_exp><and_exp></and_exp></or_exp>
</condition>

<node id="41" bw="64" op_0_bw="8">
<![CDATA[
.preheader.preheader.0:38  %tmp_23_2 = zext i8 %tmp_8 to i64

]]></node>
<StgValue><ssdm name="tmp_23_2"/></StgValue>
</operation>

<operation id="38" st_id="1" stage="1" lat="1">
<core>NULL</core>
<MemPortIdVec></MemPortIdVec>
<condition id="-1">
<or_exp><and_exp></and_exp></or_exp>
</condition>

<node id="42" bw="8" op_0_bw="8" op_1_bw="64" op_2_bw="64">
<![CDATA[
.preheader.preheader.0:39  %S_Box_addr_8 = getelementptr inbounds [256 x i8]* @S_Box, i64 0, i64 %tmp_23_2

]]></node>
<StgValue><ssdm name="S_Box_addr_8"/></StgValue>
</operation>

<operation id="39" st_id="1" stage="2" lat="2">
<core>ROM_nP</core>
<MemPortIdVec>8 </MemPortIdVec>
<condition id="-1">
<or_exp><and_exp></and_exp></or_exp>
</condition>

<node id="43" bw="8" op_0_bw="8">
<![CDATA[
.preheader.preheader.0:40  %S_Box_load_8 = load i8* %S_Box_addr_8, align 1

]]></node>
<StgValue><ssdm name="S_Box_load_8"/></StgValue>
</operation>

<operation id="40" st_id="1" stage="1" lat="1">
<core>NULL</core>
<MemPortIdVec></MemPortIdVec>
<condition id="-1">
<or_exp><and_exp></and_exp></or_exp>
</condition>

<node id="44" bw="8" op_0_bw="8" op_1_bw="128" op_2_bw="32" op_3_bw="32">
<![CDATA[
.preheader.preheader.0:41  %tmp_9 = call i8 @_ssdm_op_PartSelect.i8.i128.i32.i32(i128 %state_i_read_1, i32 48, i32 55)

]]></node>
<StgValue><ssdm name="tmp_9"/></StgValue>
</operation>

<operation id="41" st_id="1" stage="1" lat="1">
<core>NULL</core>
<MemPortIdVec></MemPortIdVec>
<condition id="-1">
<or_exp><and_exp></and_exp></or_exp>
</condition>

<node id="45" bw="64" op_0_bw="8">
<![CDATA[
.preheader.preheader.0:42  %tmp_23_2_1 = zext i8 %tmp_9 to i64

]]></node>
<StgValue><ssdm name="tmp_23_2_1"/></StgValue>
</operation>

<operation id="42" st_id="1" stage="1" lat="1">
<core>NULL</core>
<MemPortIdVec></MemPortIdVec>
<condition id="-1">
<or_exp><and_exp></and_exp></or_exp>
</condition>

<node id="46" bw="8" op_0_bw="8" op_1_bw="64" op_2_bw="64">
<![CDATA[
.preheader.preheader.0:43  %S_Box_addr_9 = getelementptr inbounds [256 x i8]* @S_Box, i64 0, i64 %tmp_23_2_1

]]></node>
<StgValue><ssdm name="S_Box_addr_9"/></StgValue>
</operation>

<operation id="43" st_id="1" stage="2" lat="2">
<core>ROM_nP</core>
<MemPortIdVec>9 </MemPortIdVec>
<condition id="-1">
<or_exp><and_exp></and_exp></or_exp>
</condition>

<node id="47" bw="8" op_0_bw="8">
<![CDATA[
.preheader.preheader.0:44  %S_Box_load_9 = load i8* %S_Box_addr_9, align 1

]]></node>
<StgValue><ssdm name="S_Box_load_9"/></StgValue>
</operation>

<operation id="44" st_id="1" stage="1" lat="1">
<core>NULL</core>
<MemPortIdVec></MemPortIdVec>
<condition id="-1">
<or_exp><and_exp></and_exp></or_exp>
</condition>

<node id="48" bw="8" op_0_bw="8" op_1_bw="128" op_2_bw="32" op_3_bw="32">
<![CDATA[
.preheader.preheader.0:45  %tmp_10 = call i8 @_ssdm_op_PartSelect.i8.i128.i32.i32(i128 %state_i_read_1, i32 80, i32 87)

]]></node>
<StgValue><ssdm name="tmp_10"/></StgValue>
</operation>

<operation id="45" st_id="1" stage="1" lat="1">
<core>NULL</core>
<MemPortIdVec></MemPortIdVec>
<condition id="-1">
<or_exp><and_exp></and_exp></or_exp>
</condition>

<node id="49" bw="64" op_0_bw="8">
<![CDATA[
.preheader.preheader.0:46  %tmp_23_2_2 = zext i8 %tmp_10 to i64

]]></node>
<StgValue><ssdm name="tmp_23_2_2"/></StgValue>
</operation>

<operation id="46" st_id="1" stage="1" lat="1">
<core>NULL</core>
<MemPortIdVec></MemPortIdVec>
<condition id="-1">
<or_exp><and_exp></and_exp></or_exp>
</condition>

<node id="50" bw="8" op_0_bw="8" op_1_bw="64" op_2_bw="64">
<![CDATA[
.preheader.preheader.0:47  %S_Box_addr_10 = getelementptr inbounds [256 x i8]* @S_Box, i64 0, i64 %tmp_23_2_2

]]></node>
<StgValue><ssdm name="S_Box_addr_10"/></StgValue>
</operation>

<operation id="47" st_id="1" stage="2" lat="2">
<core>ROM_nP</core>
<MemPortIdVec>10 </MemPortIdVec>
<condition id="-1">
<or_exp><and_exp></and_exp></or_exp>
</condition>

<node id="51" bw="8" op_0_bw="8">
<![CDATA[
.preheader.preheader.0:48  %S_Box_load_10 = load i8* %S_Box_addr_10, align 1

]]></node>
<StgValue><ssdm name="S_Box_load_10"/></StgValue>
</operation>

<operation id="48" st_id="1" stage="1" lat="1">
<core>NULL</core>
<MemPortIdVec></MemPortIdVec>
<condition id="-1">
<or_exp><and_exp></and_exp></or_exp>
</condition>

<node id="52" bw="8" op_0_bw="8" op_1_bw="128" op_2_bw="32" op_3_bw="32">
<![CDATA[
.preheader.preheader.0:49  %tmp_11 = call i8 @_ssdm_op_PartSelect.i8.i128.i32.i32(i128 %state_i_read_1, i32 112, i32 119)

]]></node>
<StgValue><ssdm name="tmp_11"/></StgValue>
</operation>

<operation id="49" st_id="1" stage="1" lat="1">
<core>NULL</core>
<MemPortIdVec></MemPortIdVec>
<condition id="-1">
<or_exp><and_exp></and_exp></or_exp>
</condition>

<node id="53" bw="64" op_0_bw="8">
<![CDATA[
.preheader.preheader.0:50  %tmp_23_2_3 = zext i8 %tmp_11 to i64

]]></node>
<StgValue><ssdm name="tmp_23_2_3"/></StgValue>
</operation>

<operation id="50" st_id="1" stage="1" lat="1">
<core>NULL</core>
<MemPortIdVec></MemPortIdVec>
<condition id="-1">
<or_exp><and_exp></and_exp></or_exp>
</condition>

<node id="54" bw="8" op_0_bw="8" op_1_bw="64" op_2_bw="64">
<![CDATA[
.preheader.preheader.0:51  %S_Box_addr_11 = getelementptr inbounds [256 x i8]* @S_Box, i64 0, i64 %tmp_23_2_3

]]></node>
<StgValue><ssdm name="S_Box_addr_11"/></StgValue>
</operation>

<operation id="51" st_id="1" stage="2" lat="2">
<core>ROM_nP</core>
<MemPortIdVec>11 </MemPortIdVec>
<condition id="-1">
<or_exp><and_exp></and_exp></or_exp>
</condition>

<node id="55" bw="8" op_0_bw="8">
<![CDATA[
.preheader.preheader.0:52  %S_Box_load_11 = load i8* %S_Box_addr_11, align 1

]]></node>
<StgValue><ssdm name="S_Box_load_11"/></StgValue>
</operation>

<operation id="52" st_id="1" stage="1" lat="1">
<core>NULL</core>
<MemPortIdVec></MemPortIdVec>
<condition id="-1">
<or_exp><and_exp></and_exp></or_exp>
</condition>

<node id="56" bw="8" op_0_bw="8" op_1_bw="128" op_2_bw="32" op_3_bw="32">
<![CDATA[
.preheader.preheader.0:53  %tmp_s = call i8 @_ssdm_op_PartSelect.i8.i128.i32.i32(i128 %state_i_read_1, i32 24, i32 31)

]]></node>
<StgValue><ssdm name="tmp_s"/></StgValue>
</operation>

<operation id="53" st_id="1" stage="1" lat="1">
<core>NULL</core>
<MemPortIdVec></MemPortIdVec>
<condition id="-1">
<or_exp><and_exp></and_exp></or_exp>
</condition>

<node id="57" bw="64" op_0_bw="8">
<![CDATA[
.preheader.preheader.0:54  %tmp_23_3 = zext i8 %tmp_s to i64

]]></node>
<StgValue><ssdm name="tmp_23_3"/></StgValue>
</operation>

<operation id="54" st_id="1" stage="1" lat="1">
<core>NULL</core>
<MemPortIdVec></MemPortIdVec>
<condition id="-1">
<or_exp><and_exp></and_exp></or_exp>
</condition>

<node id="58" bw="8" op_0_bw="8" op_1_bw="64" op_2_bw="64">
<![CDATA[
.preheader.preheader.0:55  %S_Box_addr_12 = getelementptr inbounds [256 x i8]* @S_Box, i64 0, i64 %tmp_23_3

]]></node>
<StgValue><ssdm name="S_Box_addr_12"/></StgValue>
</operation>

<operation id="55" st_id="1" stage="2" lat="2">
<core>ROM_nP</core>
<MemPortIdVec>12 </MemPortIdVec>
<condition id="-1">
<or_exp><and_exp></and_exp></or_exp>
</condition>

<node id="59" bw="8" op_0_bw="8">
<![CDATA[
.preheader.preheader.0:56  %S_Box_load_12 = load i8* %S_Box_addr_12, align 1

]]></node>
<StgValue><ssdm name="S_Box_load_12"/></StgValue>
</operation>

<operation id="56" st_id="1" stage="1" lat="1">
<core>NULL</core>
<MemPortIdVec></MemPortIdVec>
<condition id="-1">
<or_exp><and_exp></and_exp></or_exp>
</condition>

<node id="60" bw="8" op_0_bw="8" op_1_bw="128" op_2_bw="32" op_3_bw="32">
<![CDATA[
.preheader.preheader.0:57  %tmp_12 = call i8 @_ssdm_op_PartSelect.i8.i128.i32.i32(i128 %state_i_read_1, i32 56, i32 63)

]]></node>
<StgValue><ssdm name="tmp_12"/></StgValue>
</operation>

<operation id="57" st_id="1" stage="1" lat="1">
<core>NULL</core>
<MemPortIdVec></MemPortIdVec>
<condition id="-1">
<or_exp><and_exp></and_exp></or_exp>
</condition>

<node id="61" bw="64" op_0_bw="8">
<![CDATA[
.preheader.preheader.0:58  %tmp_23_3_1 = zext i8 %tmp_12 to i64

]]></node>
<StgValue><ssdm name="tmp_23_3_1"/></StgValue>
</operation>

<operation id="58" st_id="1" stage="1" lat="1">
<core>NULL</core>
<MemPortIdVec></MemPortIdVec>
<condition id="-1">
<or_exp><and_exp></and_exp></or_exp>
</condition>

<node id="62" bw="8" op_0_bw="8" op_1_bw="64" op_2_bw="64">
<![CDATA[
.preheader.preheader.0:59  %S_Box_addr_13 = getelementptr inbounds [256 x i8]* @S_Box, i64 0, i64 %tmp_23_3_1

]]></node>
<StgValue><ssdm name="S_Box_addr_13"/></StgValue>
</operation>

<operation id="59" st_id="1" stage="2" lat="2">
<core>ROM_nP</core>
<MemPortIdVec>13 </MemPortIdVec>
<condition id="-1">
<or_exp><and_exp></and_exp></or_exp>
</condition>

<node id="63" bw="8" op_0_bw="8">
<![CDATA[
.preheader.preheader.0:60  %S_Box_load_13 = load i8* %S_Box_addr_13, align 1

]]></node>
<StgValue><ssdm name="S_Box_load_13"/></StgValue>
</operation>

<operation id="60" st_id="1" stage="1" lat="1">
<core>NULL</core>
<MemPortIdVec></MemPortIdVec>
<condition id="-1">
<or_exp><and_exp></and_exp></or_exp>
</condition>

<node id="64" bw="8" op_0_bw="8" op_1_bw="128" op_2_bw="32" op_3_bw="32">
<![CDATA[
.preheader.preheader.0:61  %tmp_13 = call i8 @_ssdm_op_PartSelect.i8.i128.i32.i32(i128 %state_i_read_1, i32 88, i32 95)

]]></node>
<StgValue><ssdm name="tmp_13"/></StgValue>
</operation>

<operation id="61" st_id="1" stage="1" lat="1">
<core>NULL</core>
<MemPortIdVec></MemPortIdVec>
<condition id="-1">
<or_exp><and_exp></and_exp></or_exp>
</condition>

<node id="65" bw="64" op_0_bw="8">
<![CDATA[
.preheader.preheader.0:62  %tmp_23_3_2 = zext i8 %tmp_13 to i64

]]></node>
<StgValue><ssdm name="tmp_23_3_2"/></StgValue>
</operation>

<operation id="62" st_id="1" stage="1" lat="1">
<core>NULL</core>
<MemPortIdVec></MemPortIdVec>
<condition id="-1">
<or_exp><and_exp></and_exp></or_exp>
</condition>

<node id="66" bw="8" op_0_bw="8" op_1_bw="64" op_2_bw="64">
<![CDATA[
.preheader.preheader.0:63  %S_Box_addr_14 = getelementptr inbounds [256 x i8]* @S_Box, i64 0, i64 %tmp_23_3_2

]]></node>
<StgValue><ssdm name="S_Box_addr_14"/></StgValue>
</operation>

<operation id="63" st_id="1" stage="2" lat="2">
<core>ROM_nP</core>
<MemPortIdVec>14 </MemPortIdVec>
<condition id="-1">
<or_exp><and_exp></and_exp></or_exp>
</condition>

<node id="67" bw="8" op_0_bw="8">
<![CDATA[
.preheader.preheader.0:64  %S_Box_load_14 = load i8* %S_Box_addr_14, align 1

]]></node>
<StgValue><ssdm name="S_Box_load_14"/></StgValue>
</operation>

<operation id="64" st_id="1" stage="1" lat="1">
<core>NULL</core>
<MemPortIdVec></MemPortIdVec>
<condition id="-1">
<or_exp><and_exp></and_exp></or_exp>
</condition>

<node id="68" bw="8" op_0_bw="8" op_1_bw="128" op_2_bw="32" op_3_bw="32">
<![CDATA[
.preheader.preheader.0:65  %tmp_14 = call i8 @_ssdm_op_PartSelect.i8.i128.i32.i32(i128 %state_i_read_1, i32 120, i32 127)

]]></node>
<StgValue><ssdm name="tmp_14"/></StgValue>
</operation>

<operation id="65" st_id="1" stage="1" lat="1">
<core>NULL</core>
<MemPortIdVec></MemPortIdVec>
<condition id="-1">
<or_exp><and_exp></and_exp></or_exp>
</condition>

<node id="69" bw="64" op_0_bw="8">
<![CDATA[
.preheader.preheader.0:66  %tmp_23_3_3 = zext i8 %tmp_14 to i64

]]></node>
<StgValue><ssdm name="tmp_23_3_3"/></StgValue>
</operation>

<operation id="66" st_id="1" stage="1" lat="1">
<core>NULL</core>
<MemPortIdVec></MemPortIdVec>
<condition id="-1">
<or_exp><and_exp></and_exp></or_exp>
</condition>

<node id="70" bw="8" op_0_bw="8" op_1_bw="64" op_2_bw="64">
<![CDATA[
.preheader.preheader.0:67  %S_Box_addr_15 = getelementptr inbounds [256 x i8]* @S_Box, i64 0, i64 %tmp_23_3_3

]]></node>
<StgValue><ssdm name="S_Box_addr_15"/></StgValue>
</operation>

<operation id="67" st_id="1" stage="2" lat="2">
<core>ROM_nP</core>
<MemPortIdVec>15 </MemPortIdVec>
<condition id="-1">
<or_exp><and_exp></and_exp></or_exp>
</condition>

<node id="71" bw="8" op_0_bw="8">
<![CDATA[
.preheader.preheader.0:68  %S_Box_load_15 = load i8* %S_Box_addr_15, align 1

]]></node>
<StgValue><ssdm name="S_Box_load_15"/></StgValue>
</operation>
</state>

<state id="2" st_id="2">

<operation id="68" st_id="2" stage="1" lat="1">
<core>NULL</core>
<MemPortIdVec></MemPortIdVec>
<condition id="-1">
<or_exp><and_exp></and_exp></or_exp>
</condition>

<node id="4" bw="0" op_0_bw="0" op_1_bw="32" op_2_bw="8" op_3_bw="32" op_4_bw="32" op_5_bw="32" op_6_bw="32" op_7_bw="8" op_8_bw="8" op_9_bw="8">
<![CDATA[
.preheader.preheader.0:1  call void (...)* @_ssdm_op_SpecInterface(i32 0, [11 x i8]* @p_str, i32 0, i32 0, i32 0, i32 0, [1 x i8]* @p_str1, [1 x i8]* @p_str1, [1 x i8]* @p_str1) nounwind

]]></node>
<StgValue><ssdm name=""/></StgValue>
</operation>

<operation id="69" st_id="2" stage="1" lat="1">
<core>NULL</core>
<MemPortIdVec></MemPortIdVec>
<condition id="-1">
<or_exp><and_exp></and_exp></or_exp>
</condition>

<node id="5" bw="0" op_0_bw="0" op_1_bw="32" op_2_bw="32" op_3_bw="32" op_4_bw="32" op_5_bw="8">
<![CDATA[
.preheader.preheader.0:2  call void (...)* @_ssdm_op_SpecPipeline(i32 1, i32 1, i32 1, i32 0, [1 x i8]* @p_str1) nounwind

]]></node>
<StgValue><ssdm name=""/></StgValue>
</operation>

<operation id="70" st_id="2" stage="1" lat="1">
<core>NULL</core>
<MemPortIdVec></MemPortIdVec>
<condition id="-1">
<or_exp><and_exp></and_exp></or_exp>
</condition>

<node id="6" bw="0" op_0_bw="0" op_1_bw="128" op_2_bw="8" op_3_bw="32" op_4_bw="32" op_5_bw="32" op_6_bw="32" op_7_bw="8" op_8_bw="8" op_9_bw="8">
<![CDATA[
.preheader.preheader.0:3  call void (...)* @_ssdm_op_SpecInterface(i128 %state_i_read, [8 x i8]* @p_str2, i32 0, i32 0, i32 0, i32 0, [1 x i8]* @p_str1, [1 x i8]* @p_str1, [1 x i8]* @p_str1) nounwind

]]></node>
<StgValue><ssdm name=""/></StgValue>
</operation>

<operation id="71" st_id="2" stage="1" lat="1">
<core>NULL</core>
<MemPortIdVec></MemPortIdVec>
<condition id="-1">
<or_exp><and_exp></and_exp></or_exp>
</condition>

<node id="7" bw="0" op_0_bw="0" op_1_bw="32" op_2_bw="128" op_3_bw="8" op_4_bw="32" op_5_bw="32" op_6_bw="32" op_7_bw="32" op_8_bw="8" op_9_bw="8" op_10_bw="8">
<![CDATA[
.preheader.preheader.0:4  call void (...)* @_ssdm_op_SpecInterface(i32 0, i128 %state_i_read, [8 x i8]* @p_str2, i32 0, i32 0, i32 0, i32 0, [1 x i8]* @p_str1, [1 x i8]* @p_str1, [1 x i8]* @p_str1)

]]></node>
<StgValue><ssdm name=""/></StgValue>
</operation>

<operation id="72" st_id="2" stage="1" lat="2">
<core>ROM_nP</core>
<MemPortIdVec>0 </MemPortIdVec>
<condition id="-1">
<or_exp><and_exp></and_exp></or_exp>
</condition>

<node id="11" bw="8" op_0_bw="8">
<![CDATA[
.preheader.preheader.0:8  %S_Box_load = load i8* %S_Box_addr, align 1

]]></node>
<StgValue><ssdm name="S_Box_load"/></StgValue>
</operation>

<operation id="73" st_id="2" stage="1" lat="2">
<core>ROM_nP</core>
<MemPortIdVec>1 </MemPortIdVec>
<condition id="-1">
<or_exp><and_exp></and_exp></or_exp>
</condition>

<node id="15" bw="8" op_0_bw="8">
<![CDATA[
.preheader.preheader.0:12  %S_Box_load_1 = load i8* %S_Box_addr_1, align 1

]]></node>
<StgValue><ssdm name="S_Box_load_1"/></StgValue>
</operation>

<operation id="74" st_id="2" stage="1" lat="2">
<core>ROM_nP</core>
<MemPortIdVec>2 </MemPortIdVec>
<condition id="-1">
<or_exp><and_exp></and_exp></or_exp>
</condition>

<node id="19" bw="8" op_0_bw="8">
<![CDATA[
.preheader.preheader.0:16  %S_Box_load_2 = load i8* %S_Box_addr_2, align 1

]]></node>
<StgValue><ssdm name="S_Box_load_2"/></StgValue>
</operation>

<operation id="75" st_id="2" stage="1" lat="2">
<core>ROM_nP</core>
<MemPortIdVec>3 </MemPortIdVec>
<condition id="-1">
<or_exp><and_exp></and_exp></or_exp>
</condition>

<node id="23" bw="8" op_0_bw="8">
<![CDATA[
.preheader.preheader.0:20  %S_Box_load_3 = load i8* %S_Box_addr_3, align 1

]]></node>
<StgValue><ssdm name="S_Box_load_3"/></StgValue>
</operation>

<operation id="76" st_id="2" stage="1" lat="2">
<core>ROM_nP</core>
<MemPortIdVec>4 </MemPortIdVec>
<condition id="-1">
<or_exp><and_exp></and_exp></or_exp>
</condition>

<node id="27" bw="8" op_0_bw="8">
<![CDATA[
.preheader.preheader.0:24  %S_Box_load_4 = load i8* %S_Box_addr_4, align 1

]]></node>
<StgValue><ssdm name="S_Box_load_4"/></StgValue>
</operation>

<operation id="77" st_id="2" stage="1" lat="2">
<core>ROM_nP</core>
<MemPortIdVec>5 </MemPortIdVec>
<condition id="-1">
<or_exp><and_exp></and_exp></or_exp>
</condition>

<node id="31" bw="8" op_0_bw="8">
<![CDATA[
.preheader.preheader.0:28  %S_Box_load_5 = load i8* %S_Box_addr_5, align 1

]]></node>
<StgValue><ssdm name="S_Box_load_5"/></StgValue>
</operation>

<operation id="78" st_id="2" stage="1" lat="2">
<core>ROM_nP</core>
<MemPortIdVec>6 </MemPortIdVec>
<condition id="-1">
<or_exp><and_exp></and_exp></or_exp>
</condition>

<node id="35" bw="8" op_0_bw="8">
<![CDATA[
.preheader.preheader.0:32  %S_Box_load_6 = load i8* %S_Box_addr_6, align 1

]]></node>
<StgValue><ssdm name="S_Box_load_6"/></StgValue>
</operation>

<operation id="79" st_id="2" stage="1" lat="2">
<core>ROM_nP</core>
<MemPortIdVec>7 </MemPortIdVec>
<condition id="-1">
<or_exp><and_exp></and_exp></or_exp>
</condition>

<node id="39" bw="8" op_0_bw="8">
<![CDATA[
.preheader.preheader.0:36  %S_Box_load_7 = load i8* %S_Box_addr_7, align 1

]]></node>
<StgValue><ssdm name="S_Box_load_7"/></StgValue>
</operation>

<operation id="80" st_id="2" stage="1" lat="2">
<core>ROM_nP</core>
<MemPortIdVec>8 </MemPortIdVec>
<condition id="-1">
<or_exp><and_exp></and_exp></or_exp>
</condition>

<node id="43" bw="8" op_0_bw="8">
<![CDATA[
.preheader.preheader.0:40  %S_Box_load_8 = load i8* %S_Box_addr_8, align 1

]]></node>
<StgValue><ssdm name="S_Box_load_8"/></StgValue>
</operation>

<operation id="81" st_id="2" stage="1" lat="2">
<core>ROM_nP</core>
<MemPortIdVec>9 </MemPortIdVec>
<condition id="-1">
<or_exp><and_exp></and_exp></or_exp>
</condition>

<node id="47" bw="8" op_0_bw="8">
<![CDATA[
.preheader.preheader.0:44  %S_Box_load_9 = load i8* %S_Box_addr_9, align 1

]]></node>
<StgValue><ssdm name="S_Box_load_9"/></StgValue>
</operation>

<operation id="82" st_id="2" stage="1" lat="2">
<core>ROM_nP</core>
<MemPortIdVec>10 </MemPortIdVec>
<condition id="-1">
<or_exp><and_exp></and_exp></or_exp>
</condition>

<node id="51" bw="8" op_0_bw="8">
<![CDATA[
.preheader.preheader.0:48  %S_Box_load_10 = load i8* %S_Box_addr_10, align 1

]]></node>
<StgValue><ssdm name="S_Box_load_10"/></StgValue>
</operation>

<operation id="83" st_id="2" stage="1" lat="2">
<core>ROM_nP</core>
<MemPortIdVec>11 </MemPortIdVec>
<condition id="-1">
<or_exp><and_exp></and_exp></or_exp>
</condition>

<node id="55" bw="8" op_0_bw="8">
<![CDATA[
.preheader.preheader.0:52  %S_Box_load_11 = load i8* %S_Box_addr_11, align 1

]]></node>
<StgValue><ssdm name="S_Box_load_11"/></StgValue>
</operation>

<operation id="84" st_id="2" stage="1" lat="2">
<core>ROM_nP</core>
<MemPortIdVec>12 </MemPortIdVec>
<condition id="-1">
<or_exp><and_exp></and_exp></or_exp>
</condition>

<node id="59" bw="8" op_0_bw="8">
<![CDATA[
.preheader.preheader.0:56  %S_Box_load_12 = load i8* %S_Box_addr_12, align 1

]]></node>
<StgValue><ssdm name="S_Box_load_12"/></StgValue>
</operation>

<operation id="85" st_id="2" stage="1" lat="2">
<core>ROM_nP</core>
<MemPortIdVec>13 </MemPortIdVec>
<condition id="-1">
<or_exp><and_exp></and_exp></or_exp>
</condition>

<node id="63" bw="8" op_0_bw="8">
<![CDATA[
.preheader.preheader.0:60  %S_Box_load_13 = load i8* %S_Box_addr_13, align 1

]]></node>
<StgValue><ssdm name="S_Box_load_13"/></StgValue>
</operation>

<operation id="86" st_id="2" stage="1" lat="2">
<core>ROM_nP</core>
<MemPortIdVec>14 </MemPortIdVec>
<condition id="-1">
<or_exp><and_exp></and_exp></or_exp>
</condition>

<node id="67" bw="8" op_0_bw="8">
<![CDATA[
.preheader.preheader.0:64  %S_Box_load_14 = load i8* %S_Box_addr_14, align 1

]]></node>
<StgValue><ssdm name="S_Box_load_14"/></StgValue>
</operation>

<operation id="87" st_id="2" stage="1" lat="2">
<core>ROM_nP</core>
<MemPortIdVec>15 </MemPortIdVec>
<condition id="-1">
<or_exp><and_exp></and_exp></or_exp>
</condition>

<node id="71" bw="8" op_0_bw="8">
<![CDATA[
.preheader.preheader.0:68  %S_Box_load_15 = load i8* %S_Box_addr_15, align 1

]]></node>
<StgValue><ssdm name="S_Box_load_15"/></StgValue>
</operation>

<operation id="88" st_id="2" stage="1" lat="1">
<core>NULL</core>
<MemPortIdVec></MemPortIdVec>
<condition id="-1">
<or_exp><and_exp></and_exp></or_exp>
</condition>

<node id="72" bw="128" op_0_bw="128" op_1_bw="8" op_2_bw="8" op_3_bw="8" op_4_bw="8" op_5_bw="8" op_6_bw="8" op_7_bw="8" op_8_bw="8" op_9_bw="8" op_10_bw="8" op_11_bw="8" op_12_bw="8" op_13_bw="8" op_14_bw="8" op_15_bw="8" op_16_bw="8">
<![CDATA[
.preheader.preheader.0:69  %tmp_15 = call i128 @_ssdm_op_BitConcatenate.i128.i8.i8.i8.i8.i8.i8.i8.i8.i8.i8.i8.i8.i8.i8.i8.i8(i8 %S_Box_load_15, i8 %S_Box_load_11, i8 %S_Box_load_7, i8 %S_Box_load_3, i8 %S_Box_load_14, i8 %S_Box_load_10, i8 %S_Box_load_6, i8 %S_Box_load_2, i8 %S_Box_load_13, i8 %S_Box_load_9, i8 %S_Box_load_5, i8 %S_Box_load_1, i8 %S_Box_load_12, i8 %S_Box_load_8, i8 %S_Box_load_4, i8 %S_Box_load)

]]></node>
<StgValue><ssdm name="tmp_15"/></StgValue>
</operation>

<operation id="89" st_id="2" stage="1" lat="1">
<core>NULL</core>
<MemPortIdVec></MemPortIdVec>
<condition id="-1">
<or_exp><and_exp></and_exp></or_exp>
</condition>

<node id="73" bw="0" op_0_bw="128">
<![CDATA[
.preheader.preheader.0:70  ret i128 %tmp_15

]]></node>
<StgValue><ssdm name=""/></StgValue>
</operation>
</state>
</state_list>


<ports>
<port id="93" name="state_i_read" dir="0" iftype="0">
<core>NULL</core><StgValue><ssdm name="state_i_read"/></StgValue>
</port>
<port id="94" name="S_Box" dir="0" iftype="1">
<core>ROM_nP</core><StgValue><ssdm name="S_Box"/><MemPortTyVec>1 1 1 1 1 1 1 1 1 1 1 1 1 1 1 1 </MemPortTyVec>
</StgValue>
</port>
</ports>


<dataflows>
<dataflow id="96" from="_ssdm_op_Read.ap_none.i128" to="state_i_read_1" fromId="95" toId="3">
</dataflow>
<dataflow id="97" from="state_i_read" to="state_i_read_1" fromId="93" toId="3">
</dataflow>
<dataflow id="98" from="state_i_read_1" to="tmp" fromId="3" toId="4">
</dataflow>
<dataflow id="99" from="tmp" to="tmp_16" fromId="4" toId="5">
</dataflow>
<dataflow id="100" from="S_Box" to="S_Box_addr" fromId="94" toId="6">
</dataflow>
<dataflow id="102" from="stg_101" to="S_Box_addr" fromId="101" toId="6">
</dataflow>
<dataflow id="103" from="tmp_16" to="S_Box_addr" fromId="5" toId="6">
</dataflow>
<dataflow id="104" from="S_Box_addr" to="S_Box_load" fromId="6" toId="7">
</dataflow>
<dataflow id="106" from="_ssdm_op_PartSelect.i8.i128.i32.i32" to="tmp_1" fromId="105" toId="8">
</dataflow>
<dataflow id="107" from="state_i_read_1" to="tmp_1" fromId="3" toId="8">
</dataflow>
<dataflow id="109" from="stg_108" to="tmp_1" fromId="108" toId="8">
</dataflow>
<dataflow id="111" from="stg_110" to="tmp_1" fromId="110" toId="8">
</dataflow>
<dataflow id="112" from="tmp_1" to="tmp_23_0_1" fromId="8" toId="9">
</dataflow>
<dataflow id="113" from="S_Box" to="S_Box_addr_1" fromId="94" toId="10">
</dataflow>
<dataflow id="114" from="stg_101" to="S_Box_addr_1" fromId="101" toId="10">
</dataflow>
<dataflow id="115" from="tmp_23_0_1" to="S_Box_addr_1" fromId="9" toId="10">
</dataflow>
<dataflow id="116" from="S_Box_addr_1" to="S_Box_load_1" fromId="10" toId="11">
</dataflow>
<dataflow id="117" from="_ssdm_op_PartSelect.i8.i128.i32.i32" to="tmp_2" fromId="105" toId="12">
</dataflow>
<dataflow id="118" from="state_i_read_1" to="tmp_2" fromId="3" toId="12">
</dataflow>
<dataflow id="120" from="stg_119" to="tmp_2" fromId="119" toId="12">
</dataflow>
<dataflow id="122" from="stg_121" to="tmp_2" fromId="121" toId="12">
</dataflow>
<dataflow id="123" from="tmp_2" to="tmp_23_0_2" fromId="12" toId="13">
</dataflow>
<dataflow id="124" from="S_Box" to="S_Box_addr_2" fromId="94" toId="14">
</dataflow>
<dataflow id="125" from="stg_101" to="S_Box_addr_2" fromId="101" toId="14">
</dataflow>
<dataflow id="126" from="tmp_23_0_2" to="S_Box_addr_2" fromId="13" toId="14">
</dataflow>
<dataflow id="127" from="S_Box_addr_2" to="S_Box_load_2" fromId="14" toId="15">
</dataflow>
<dataflow id="128" from="_ssdm_op_PartSelect.i8.i128.i32.i32" to="tmp_3" fromId="105" toId="16">
</dataflow>
<dataflow id="129" from="state_i_read_1" to="tmp_3" fromId="3" toId="16">
</dataflow>
<dataflow id="131" from="stg_130" to="tmp_3" fromId="130" toId="16">
</dataflow>
<dataflow id="133" from="stg_132" to="tmp_3" fromId="132" toId="16">
</dataflow>
<dataflow id="134" from="tmp_3" to="tmp_23_0_3" fromId="16" toId="17">
</dataflow>
<dataflow id="135" from="S_Box" to="S_Box_addr_3" fromId="94" toId="18">
</dataflow>
<dataflow id="136" from="stg_101" to="S_Box_addr_3" fromId="101" toId="18">
</dataflow>
<dataflow id="137" from="tmp_23_0_3" to="S_Box_addr_3" fromId="17" toId="18">
</dataflow>
<dataflow id="138" from="S_Box_addr_3" to="S_Box_load_3" fromId="18" toId="19">
</dataflow>
<dataflow id="139" from="_ssdm_op_PartSelect.i8.i128.i32.i32" to="tmp_4" fromId="105" toId="20">
</dataflow>
<dataflow id="140" from="state_i_read_1" to="tmp_4" fromId="3" toId="20">
</dataflow>
<dataflow id="142" from="stg_141" to="tmp_4" fromId="141" toId="20">
</dataflow>
<dataflow id="144" from="stg_143" to="tmp_4" fromId="143" toId="20">
</dataflow>
<dataflow id="145" from="tmp_4" to="tmp_23_1" fromId="20" toId="21">
</dataflow>
<dataflow id="146" from="S_Box" to="S_Box_addr_4" fromId="94" toId="22">
</dataflow>
<dataflow id="147" from="stg_101" to="S_Box_addr_4" fromId="101" toId="22">
</dataflow>
<dataflow id="148" from="tmp_23_1" to="S_Box_addr_4" fromId="21" toId="22">
</dataflow>
<dataflow id="149" from="S_Box_addr_4" to="S_Box_load_4" fromId="22" toId="23">
</dataflow>
<dataflow id="150" from="_ssdm_op_PartSelect.i8.i128.i32.i32" to="tmp_5" fromId="105" toId="24">
</dataflow>
<dataflow id="151" from="state_i_read_1" to="tmp_5" fromId="3" toId="24">
</dataflow>
<dataflow id="153" from="stg_152" to="tmp_5" fromId="152" toId="24">
</dataflow>
<dataflow id="155" from="stg_154" to="tmp_5" fromId="154" toId="24">
</dataflow>
<dataflow id="156" from="tmp_5" to="tmp_23_1_1" fromId="24" toId="25">
</dataflow>
<dataflow id="157" from="S_Box" to="S_Box_addr_5" fromId="94" toId="26">
</dataflow>
<dataflow id="158" from="stg_101" to="S_Box_addr_5" fromId="101" toId="26">
</dataflow>
<dataflow id="159" from="tmp_23_1_1" to="S_Box_addr_5" fromId="25" toId="26">
</dataflow>
<dataflow id="160" from="S_Box_addr_5" to="S_Box_load_5" fromId="26" toId="27">
</dataflow>
<dataflow id="161" from="_ssdm_op_PartSelect.i8.i128.i32.i32" to="tmp_6" fromId="105" toId="28">
</dataflow>
<dataflow id="162" from="state_i_read_1" to="tmp_6" fromId="3" toId="28">
</dataflow>
<dataflow id="164" from="stg_163" to="tmp_6" fromId="163" toId="28">
</dataflow>
<dataflow id="166" from="stg_165" to="tmp_6" fromId="165" toId="28">
</dataflow>
<dataflow id="167" from="tmp_6" to="tmp_23_1_2" fromId="28" toId="29">
</dataflow>
<dataflow id="168" from="S_Box" to="S_Box_addr_6" fromId="94" toId="30">
</dataflow>
<dataflow id="169" from="stg_101" to="S_Box_addr_6" fromId="101" toId="30">
</dataflow>
<dataflow id="170" from="tmp_23_1_2" to="S_Box_addr_6" fromId="29" toId="30">
</dataflow>
<dataflow id="171" from="S_Box_addr_6" to="S_Box_load_6" fromId="30" toId="31">
</dataflow>
<dataflow id="172" from="_ssdm_op_PartSelect.i8.i128.i32.i32" to="tmp_7" fromId="105" toId="32">
</dataflow>
<dataflow id="173" from="state_i_read_1" to="tmp_7" fromId="3" toId="32">
</dataflow>
<dataflow id="175" from="stg_174" to="tmp_7" fromId="174" toId="32">
</dataflow>
<dataflow id="177" from="stg_176" to="tmp_7" fromId="176" toId="32">
</dataflow>
<dataflow id="178" from="tmp_7" to="tmp_23_1_3" fromId="32" toId="33">
</dataflow>
<dataflow id="179" from="S_Box" to="S_Box_addr_7" fromId="94" toId="34">
</dataflow>
<dataflow id="180" from="stg_101" to="S_Box_addr_7" fromId="101" toId="34">
</dataflow>
<dataflow id="181" from="tmp_23_1_3" to="S_Box_addr_7" fromId="33" toId="34">
</dataflow>
<dataflow id="182" from="S_Box_addr_7" to="S_Box_load_7" fromId="34" toId="35">
</dataflow>
<dataflow id="183" from="_ssdm_op_PartSelect.i8.i128.i32.i32" to="tmp_8" fromId="105" toId="36">
</dataflow>
<dataflow id="184" from="state_i_read_1" to="tmp_8" fromId="3" toId="36">
</dataflow>
<dataflow id="186" from="stg_185" to="tmp_8" fromId="185" toId="36">
</dataflow>
<dataflow id="188" from="stg_187" to="tmp_8" fromId="187" toId="36">
</dataflow>
<dataflow id="189" from="tmp_8" to="tmp_23_2" fromId="36" toId="37">
</dataflow>
<dataflow id="190" from="S_Box" to="S_Box_addr_8" fromId="94" toId="38">
</dataflow>
<dataflow id="191" from="stg_101" to="S_Box_addr_8" fromId="101" toId="38">
</dataflow>
<dataflow id="192" from="tmp_23_2" to="S_Box_addr_8" fromId="37" toId="38">
</dataflow>
<dataflow id="193" from="S_Box_addr_8" to="S_Box_load_8" fromId="38" toId="39">
</dataflow>
<dataflow id="194" from="_ssdm_op_PartSelect.i8.i128.i32.i32" to="tmp_9" fromId="105" toId="40">
</dataflow>
<dataflow id="195" from="state_i_read_1" to="tmp_9" fromId="3" toId="40">
</dataflow>
<dataflow id="197" from="stg_196" to="tmp_9" fromId="196" toId="40">
</dataflow>
<dataflow id="199" from="stg_198" to="tmp_9" fromId="198" toId="40">
</dataflow>
<dataflow id="200" from="tmp_9" to="tmp_23_2_1" fromId="40" toId="41">
</dataflow>
<dataflow id="201" from="S_Box" to="S_Box_addr_9" fromId="94" toId="42">
</dataflow>
<dataflow id="202" from="stg_101" to="S_Box_addr_9" fromId="101" toId="42">
</dataflow>
<dataflow id="203" from="tmp_23_2_1" to="S_Box_addr_9" fromId="41" toId="42">
</dataflow>
<dataflow id="204" from="S_Box_addr_9" to="S_Box_load_9" fromId="42" toId="43">
</dataflow>
<dataflow id="205" from="_ssdm_op_PartSelect.i8.i128.i32.i32" to="tmp_10" fromId="105" toId="44">
</dataflow>
<dataflow id="206" from="state_i_read_1" to="tmp_10" fromId="3" toId="44">
</dataflow>
<dataflow id="208" from="stg_207" to="tmp_10" fromId="207" toId="44">
</dataflow>
<dataflow id="210" from="stg_209" to="tmp_10" fromId="209" toId="44">
</dataflow>
<dataflow id="211" from="tmp_10" to="tmp_23_2_2" fromId="44" toId="45">
</dataflow>
<dataflow id="212" from="S_Box" to="S_Box_addr_10" fromId="94" toId="46">
</dataflow>
<dataflow id="213" from="stg_101" to="S_Box_addr_10" fromId="101" toId="46">
</dataflow>
<dataflow id="214" from="tmp_23_2_2" to="S_Box_addr_10" fromId="45" toId="46">
</dataflow>
<dataflow id="215" from="S_Box_addr_10" to="S_Box_load_10" fromId="46" toId="47">
</dataflow>
<dataflow id="216" from="_ssdm_op_PartSelect.i8.i128.i32.i32" to="tmp_11" fromId="105" toId="48">
</dataflow>
<dataflow id="217" from="state_i_read_1" to="tmp_11" fromId="3" toId="48">
</dataflow>
<dataflow id="219" from="stg_218" to="tmp_11" fromId="218" toId="48">
</dataflow>
<dataflow id="221" from="stg_220" to="tmp_11" fromId="220" toId="48">
</dataflow>
<dataflow id="222" from="tmp_11" to="tmp_23_2_3" fromId="48" toId="49">
</dataflow>
<dataflow id="223" from="S_Box" to="S_Box_addr_11" fromId="94" toId="50">
</dataflow>
<dataflow id="224" from="stg_101" to="S_Box_addr_11" fromId="101" toId="50">
</dataflow>
<dataflow id="225" from="tmp_23_2_3" to="S_Box_addr_11" fromId="49" toId="50">
</dataflow>
<dataflow id="226" from="S_Box_addr_11" to="S_Box_load_11" fromId="50" toId="51">
</dataflow>
<dataflow id="227" from="_ssdm_op_PartSelect.i8.i128.i32.i32" to="tmp_s" fromId="105" toId="52">
</dataflow>
<dataflow id="228" from="state_i_read_1" to="tmp_s" fromId="3" toId="52">
</dataflow>
<dataflow id="230" from="stg_229" to="tmp_s" fromId="229" toId="52">
</dataflow>
<dataflow id="232" from="stg_231" to="tmp_s" fromId="231" toId="52">
</dataflow>
<dataflow id="233" from="tmp_s" to="tmp_23_3" fromId="52" toId="53">
</dataflow>
<dataflow id="234" from="S_Box" to="S_Box_addr_12" fromId="94" toId="54">
</dataflow>
<dataflow id="235" from="stg_101" to="S_Box_addr_12" fromId="101" toId="54">
</dataflow>
<dataflow id="236" from="tmp_23_3" to="S_Box_addr_12" fromId="53" toId="54">
</dataflow>
<dataflow id="237" from="S_Box_addr_12" to="S_Box_load_12" fromId="54" toId="55">
</dataflow>
<dataflow id="238" from="_ssdm_op_PartSelect.i8.i128.i32.i32" to="tmp_12" fromId="105" toId="56">
</dataflow>
<dataflow id="239" from="state_i_read_1" to="tmp_12" fromId="3" toId="56">
</dataflow>
<dataflow id="241" from="stg_240" to="tmp_12" fromId="240" toId="56">
</dataflow>
<dataflow id="243" from="stg_242" to="tmp_12" fromId="242" toId="56">
</dataflow>
<dataflow id="244" from="tmp_12" to="tmp_23_3_1" fromId="56" toId="57">
</dataflow>
<dataflow id="245" from="S_Box" to="S_Box_addr_13" fromId="94" toId="58">
</dataflow>
<dataflow id="246" from="stg_101" to="S_Box_addr_13" fromId="101" toId="58">
</dataflow>
<dataflow id="247" from="tmp_23_3_1" to="S_Box_addr_13" fromId="57" toId="58">
</dataflow>
<dataflow id="248" from="S_Box_addr_13" to="S_Box_load_13" fromId="58" toId="59">
</dataflow>
<dataflow id="249" from="_ssdm_op_PartSelect.i8.i128.i32.i32" to="tmp_13" fromId="105" toId="60">
</dataflow>
<dataflow id="250" from="state_i_read_1" to="tmp_13" fromId="3" toId="60">
</dataflow>
<dataflow id="252" from="stg_251" to="tmp_13" fromId="251" toId="60">
</dataflow>
<dataflow id="254" from="stg_253" to="tmp_13" fromId="253" toId="60">
</dataflow>
<dataflow id="255" from="tmp_13" to="tmp_23_3_2" fromId="60" toId="61">
</dataflow>
<dataflow id="256" from="S_Box" to="S_Box_addr_14" fromId="94" toId="62">
</dataflow>
<dataflow id="257" from="stg_101" to="S_Box_addr_14" fromId="101" toId="62">
</dataflow>
<dataflow id="258" from="tmp_23_3_2" to="S_Box_addr_14" fromId="61" toId="62">
</dataflow>
<dataflow id="259" from="S_Box_addr_14" to="S_Box_load_14" fromId="62" toId="63">
</dataflow>
<dataflow id="260" from="_ssdm_op_PartSelect.i8.i128.i32.i32" to="tmp_14" fromId="105" toId="64">
</dataflow>
<dataflow id="261" from="state_i_read_1" to="tmp_14" fromId="3" toId="64">
</dataflow>
<dataflow id="263" from="stg_262" to="tmp_14" fromId="262" toId="64">
</dataflow>
<dataflow id="265" from="stg_264" to="tmp_14" fromId="264" toId="64">
</dataflow>
<dataflow id="266" from="tmp_14" to="tmp_23_3_3" fromId="64" toId="65">
</dataflow>
<dataflow id="267" from="S_Box" to="S_Box_addr_15" fromId="94" toId="66">
</dataflow>
<dataflow id="268" from="stg_101" to="S_Box_addr_15" fromId="101" toId="66">
</dataflow>
<dataflow id="269" from="tmp_23_3_3" to="S_Box_addr_15" fromId="65" toId="66">
</dataflow>
<dataflow id="270" from="S_Box_addr_15" to="S_Box_load_15" fromId="66" toId="67">
</dataflow>
<dataflow id="272" from="_ssdm_op_SpecInterface" to="stg_68" fromId="271" toId="68">
</dataflow>
<dataflow id="274" from="stg_273" to="stg_68" fromId="273" toId="68">
</dataflow>
<dataflow id="276" from="p_str" to="stg_68" fromId="275" toId="68">
</dataflow>
<dataflow id="277" from="stg_273" to="stg_68" fromId="273" toId="68">
</dataflow>
<dataflow id="278" from="stg_273" to="stg_68" fromId="273" toId="68">
</dataflow>
<dataflow id="279" from="stg_273" to="stg_68" fromId="273" toId="68">
</dataflow>
<dataflow id="280" from="stg_273" to="stg_68" fromId="273" toId="68">
</dataflow>
<dataflow id="282" from="p_str1" to="stg_68" fromId="281" toId="68">
</dataflow>
<dataflow id="283" from="p_str1" to="stg_68" fromId="281" toId="68">
</dataflow>
<dataflow id="284" from="p_str1" to="stg_68" fromId="281" toId="68">
</dataflow>
<dataflow id="286" from="_ssdm_op_SpecPipeline" to="stg_69" fromId="285" toId="69">
</dataflow>
<dataflow id="288" from="stg_287" to="stg_69" fromId="287" toId="69">
</dataflow>
<dataflow id="289" from="stg_287" to="stg_69" fromId="287" toId="69">
</dataflow>
<dataflow id="290" from="stg_287" to="stg_69" fromId="287" toId="69">
</dataflow>
<dataflow id="291" from="stg_273" to="stg_69" fromId="273" toId="69">
</dataflow>
<dataflow id="292" from="p_str1" to="stg_69" fromId="281" toId="69">
</dataflow>
<dataflow id="293" from="_ssdm_op_SpecInterface" to="stg_70" fromId="271" toId="70">
</dataflow>
<dataflow id="294" from="state_i_read" to="stg_70" fromId="93" toId="70">
</dataflow>
<dataflow id="296" from="p_str2" to="stg_70" fromId="295" toId="70">
</dataflow>
<dataflow id="297" from="stg_273" to="stg_70" fromId="273" toId="70">
</dataflow>
<dataflow id="298" from="stg_273" to="stg_70" fromId="273" toId="70">
</dataflow>
<dataflow id="299" from="stg_273" to="stg_70" fromId="273" toId="70">
</dataflow>
<dataflow id="300" from="stg_273" to="stg_70" fromId="273" toId="70">
</dataflow>
<dataflow id="301" from="p_str1" to="stg_70" fromId="281" toId="70">
</dataflow>
<dataflow id="302" from="p_str1" to="stg_70" fromId="281" toId="70">
</dataflow>
<dataflow id="303" from="p_str1" to="stg_70" fromId="281" toId="70">
</dataflow>
<dataflow id="304" from="_ssdm_op_SpecInterface" to="stg_71" fromId="271" toId="71">
</dataflow>
<dataflow id="305" from="stg_273" to="stg_71" fromId="273" toId="71">
</dataflow>
<dataflow id="306" from="state_i_read" to="stg_71" fromId="93" toId="71">
</dataflow>
<dataflow id="307" from="p_str2" to="stg_71" fromId="295" toId="71">
</dataflow>
<dataflow id="308" from="stg_273" to="stg_71" fromId="273" toId="71">
</dataflow>
<dataflow id="309" from="stg_273" to="stg_71" fromId="273" toId="71">
</dataflow>
<dataflow id="310" from="stg_273" to="stg_71" fromId="273" toId="71">
</dataflow>
<dataflow id="311" from="stg_273" to="stg_71" fromId="273" toId="71">
</dataflow>
<dataflow id="312" from="p_str1" to="stg_71" fromId="281" toId="71">
</dataflow>
<dataflow id="313" from="p_str1" to="stg_71" fromId="281" toId="71">
</dataflow>
<dataflow id="314" from="p_str1" to="stg_71" fromId="281" toId="71">
</dataflow>
<dataflow id="315" from="S_Box_addr" to="S_Box_load" fromId="6" toId="72">
</dataflow>
<dataflow id="316" from="S_Box_addr_1" to="S_Box_load_1" fromId="10" toId="73">
</dataflow>
<dataflow id="317" from="S_Box_addr_2" to="S_Box_load_2" fromId="14" toId="74">
</dataflow>
<dataflow id="318" from="S_Box_addr_3" to="S_Box_load_3" fromId="18" toId="75">
</dataflow>
<dataflow id="319" from="S_Box_addr_4" to="S_Box_load_4" fromId="22" toId="76">
</dataflow>
<dataflow id="320" from="S_Box_addr_5" to="S_Box_load_5" fromId="26" toId="77">
</dataflow>
<dataflow id="321" from="S_Box_addr_6" to="S_Box_load_6" fromId="30" toId="78">
</dataflow>
<dataflow id="322" from="S_Box_addr_7" to="S_Box_load_7" fromId="34" toId="79">
</dataflow>
<dataflow id="323" from="S_Box_addr_8" to="S_Box_load_8" fromId="38" toId="80">
</dataflow>
<dataflow id="324" from="S_Box_addr_9" to="S_Box_load_9" fromId="42" toId="81">
</dataflow>
<dataflow id="325" from="S_Box_addr_10" to="S_Box_load_10" fromId="46" toId="82">
</dataflow>
<dataflow id="326" from="S_Box_addr_11" to="S_Box_load_11" fromId="50" toId="83">
</dataflow>
<dataflow id="327" from="S_Box_addr_12" to="S_Box_load_12" fromId="54" toId="84">
</dataflow>
<dataflow id="328" from="S_Box_addr_13" to="S_Box_load_13" fromId="58" toId="85">
</dataflow>
<dataflow id="329" from="S_Box_addr_14" to="S_Box_load_14" fromId="62" toId="86">
</dataflow>
<dataflow id="330" from="S_Box_addr_15" to="S_Box_load_15" fromId="66" toId="87">
</dataflow>
<dataflow id="332" from="_ssdm_op_BitConcatenate.i128.i8.i8.i8.i8.i8.i8.i8.i8.i8.i8.i8.i8.i8.i8.i8.i8" to="tmp_15" fromId="331" toId="88">
</dataflow>
<dataflow id="333" from="S_Box_load_15" to="tmp_15" fromId="87" toId="88">
</dataflow>
<dataflow id="334" from="S_Box_load_11" to="tmp_15" fromId="83" toId="88">
</dataflow>
<dataflow id="335" from="S_Box_load_7" to="tmp_15" fromId="79" toId="88">
</dataflow>
<dataflow id="336" from="S_Box_load_3" to="tmp_15" fromId="75" toId="88">
</dataflow>
<dataflow id="337" from="S_Box_load_14" to="tmp_15" fromId="86" toId="88">
</dataflow>
<dataflow id="338" from="S_Box_load_10" to="tmp_15" fromId="82" toId="88">
</dataflow>
<dataflow id="339" from="S_Box_load_6" to="tmp_15" fromId="78" toId="88">
</dataflow>
<dataflow id="340" from="S_Box_load_2" to="tmp_15" fromId="74" toId="88">
</dataflow>
<dataflow id="341" from="S_Box_load_13" to="tmp_15" fromId="85" toId="88">
</dataflow>
<dataflow id="342" from="S_Box_load_9" to="tmp_15" fromId="81" toId="88">
</dataflow>
<dataflow id="343" from="S_Box_load_5" to="tmp_15" fromId="77" toId="88">
</dataflow>
<dataflow id="344" from="S_Box_load_1" to="tmp_15" fromId="73" toId="88">
</dataflow>
<dataflow id="345" from="S_Box_load_12" to="tmp_15" fromId="84" toId="88">
</dataflow>
<dataflow id="346" from="S_Box_load_8" to="tmp_15" fromId="80" toId="88">
</dataflow>
<dataflow id="347" from="S_Box_load_4" to="tmp_15" fromId="76" toId="88">
</dataflow>
<dataflow id="348" from="S_Box_load" to="tmp_15" fromId="72" toId="88">
</dataflow>
<dataflow id="349" from="tmp_15" to="stg_89" fromId="88" toId="89">
</dataflow>
</dataflows>


</stg>
