<profile>

<section name = "Vivado HLS Report for 'Cipher'" level="0">
<item name = "Date">Tue Jan 31 18:40:47 2017
</item>
<item name = "Version">2015.1 (Build 1215546 on Mon Apr 27 19:24:50 PM 2015)</item>
<item name = "Project">HLS_v2</item>
<item name = "Solution">solution1</item>
<item name = "Product family">zynq</item>
<item name = "Target device">xc7z020clg484-1</item>
</section>

<section name = "Performance Estimates" level="0">
<item name = "Timing (ns)">
<section name = "" level="1">
<item name = "Summary"><table name="" hasTotal="0">
<keys size="4">Clock, Target, Estimated, Uncertainty</keys>
<column name="default">1000000.00, 10.18, 125000.00</column>
</table>
</item>
</section>
</item>
<item name = "Latency (clock cycles)">
<section name = "" level="1">
<item name = "Summary"><table name="" hasTotal="0">
<keys size="6">, min, max, min, max, Type</keys>
<column name="">21, 21, 22, 22, function</column>
</table>
</item>
<item name = "Detail">
<section name = "" level="1">
<item name = "Instance"><table name="" hasTotal="0">
<keys size="7">Instance, Module, min, max, min, max, Type</keys>
<column name="grp_Cipher_MixColumns_fu_70">Cipher_MixColumns, 0, 0, 1, 1, function</column>
<column name="grp_Cipher_AddRoundKey_fu_75">Cipher_AddRoundKey, 1, 1, 1, 1, function</column>
<column name="grp_Cipher_SubBytes_fu_97">Cipher_SubBytes, 1, 1, 1, 1, function</column>
<column name="grp_Cipher_ShiftRows_fu_105">Cipher_ShiftRows, 0, 0, 1, 1, function</column>
</table>
</item>
<item name = "Loop"><table name="" hasTotal="0">
<keys size="8">Loop Name, min, max, Latency, achieved, target, Count, Pipelined</keys>
</table>
</item>
</section>
</item>
</section>
</item>
</section>

<section name = "Utilization Estimates" level="0">
<item name = "Summary"><table name="" hasTotal="1">
<keys size="5">Name, BRAM_18K, DSP48E, FF, LUT</keys>
<column name="Expression">-, -, -, -</column>
<column name="FIFO">-, -, -, -</column>
<column name="Instance">8, -, 132, 896</column>
<column name="Memory">-, -, -, -</column>
<column name="Multiplexer">-, -, -, 163</column>
<column name="Register">-, -, 24, -</column>
<specialColumn name="Available">280, 220, 106400, 53200</specialColumn>
<specialColumn name="Utilization (%)">2, 0, ~0, 1</specialColumn>
</table>
</item>
<item name = "Detail">
<section name = "" level="1">
<item name = "Instance"><table name="" hasTotal="1">
<keys size="6">Instance, Module, BRAM_18K, DSP48E, FF, LUT</keys>
<column name="grp_Cipher_AddRoundKey_fu_75">Cipher_AddRoundKey, 0, 0, 130, 128</column>
<column name="grp_Cipher_MixColumns_fu_70">Cipher_MixColumns, 0, 0, 0, 768</column>
<column name="grp_Cipher_ShiftRows_fu_105">Cipher_ShiftRows, 0, 0, 0, 0</column>
<column name="grp_Cipher_SubBytes_fu_97">Cipher_SubBytes, 8, 0, 2, 0</column>
</table>
</item>
<item name = "Memory"><table name="" hasTotal="1">
<keys size="9">Memory, Module, BRAM_18K, FF, LUT, Words, Bits, Banks, W*Bits*Banks</keys>
</table>
</item>
<item name = "FIFO"><table name="" hasTotal="1">
<keys size="7">Name, BRAM_18K, FF, LUT, Depth, Bits, Size:D*B</keys>
</table>
</item>
<item name = "Expression"><table name="" hasTotal="1">
<keys size="7">Variable Name, Operation, DSP48E, FF, LUT, Bitwidth P0, Bitwidth P1</keys>
</table>
</item>
<item name = "Multiplexer"><table name="" hasTotal="1">
<keys size="5">Name, LUT, Input Size, Bits, Total Bits</keys>
<column name="ap_NS_fsm">18, 23, 1, 23</column>
<column name="grp_Cipher_AddRoundKey_fu_75_ap_start">1, 2, 1, 2</column>
<column name="grp_Cipher_AddRoundKey_fu_75_state_i_read">128, 4, 128, 512</column>
<column name="grp_Cipher_AddRoundKey_fu_75_w_bias_offset">15, 12, 5, 60</column>
<column name="w_ce0">1, 2, 1, 2</column>
</table>
</item>
<item name = "Register"><table name="" hasTotal="1">
<keys size="5">Name, FF, LUT, Bits, Const Bits</keys>
<column name="ap_CS_fsm">22, 0, 22, 0</column>
<column name="grp_Cipher_AddRoundKey_fu_75_ap_start_ap_start_reg">1, 0, 1, 0</column>
<column name="grp_Cipher_SubBytes_fu_97_ap_start_ap_start_reg">1, 0, 1, 0</column>
</table>
</item>
</section>
</item>
</section>

<section name = "Interface" level="0">
<item name = "Summary"><table name="" hasTotal="0">
<keys size="6">RTL Ports, Dir, Bits, Protocol, Source Object, C Type</keys>
<column name="ap_clk">in, 1, ap_ctrl_hs, Cipher, return value</column>
<column name="ap_rst">in, 1, ap_ctrl_hs, Cipher, return value</column>
<column name="ap_start">in, 1, ap_ctrl_hs, Cipher, return value</column>
<column name="ap_done">out, 1, ap_ctrl_hs, Cipher, return value</column>
<column name="ap_idle">out, 1, ap_ctrl_hs, Cipher, return value</column>
<column name="ap_ready">out, 1, ap_ctrl_hs, Cipher, return value</column>
<column name="in_r">in, 128, ap_none, in_r, pointer</column>
<column name="out_r">out, 128, ap_vld, out_r, pointer</column>
<column name="out_r_ap_vld">out, 1, ap_vld, out_r, pointer</column>
<column name="w_address0">out, 4, ap_memory, w, array</column>
<column name="w_ce0">out, 1, ap_memory, w, array</column>
<column name="w_q0">in, 128, ap_memory, w, array</column>
</table>
</item>
</section>
</profile>
