<stg><name>Cipher_AddRoundKey</name>


<trans_list>

<trans id="66" from="1" to="2">
<condition id="1">
<or_exp><and_exp></and_exp></or_exp>
</condition>
</trans>
</trans_list>



<state_list>

<state id="1" st_id="1">

<operation id="3" st_id="1" stage="1" lat="1">
<core>NULL</core>
<MemPortIdVec></MemPortIdVec>
<condition id="-1">
<or_exp><and_exp></and_exp></or_exp>
</condition>

<node id="4" bw="5" op_0_bw="5" op_1_bw="5">
<![CDATA[
.preheader.preheader.0:0  %w_bias_offset_read = call i5 @_ssdm_op_Read.ap_auto.i5(i5 %w_bias_offset)

]]></node>
<StgValue><ssdm name="w_bias_offset_read"/></StgValue>
</operation>

<operation id="4" st_id="1" stage="1" lat="1">
<core>NULL</core>
<MemPortIdVec></MemPortIdVec>
<condition id="-1">
<or_exp><and_exp></and_exp></or_exp>
</condition>

<node id="5" bw="128" op_0_bw="128" op_1_bw="128">
<![CDATA[
.preheader.preheader.0:1  %state_i_read_4 = call i128 @_ssdm_op_Read.ap_none.i128(i128 %state_i_read)

]]></node>
<StgValue><ssdm name="state_i_read_4"/></StgValue>
</operation>

<operation id="5" st_id="1" stage="1" lat="1">
<core>NULL</core>
<MemPortIdVec></MemPortIdVec>
<condition id="-1">
<or_exp><and_exp></and_exp></or_exp>
</condition>

<node id="6" bw="64" op_0_bw="5">
<![CDATA[
.preheader.preheader.0:2  %w_bias_offset_cast = zext i5 %w_bias_offset_read to i64

]]></node>
<StgValue><ssdm name="w_bias_offset_cast"/></StgValue>
</operation>

<operation id="6" st_id="1" stage="1" lat="1">
<core>NULL</core>
<MemPortIdVec></MemPortIdVec>
<condition id="-1">
<or_exp><and_exp></and_exp></or_exp>
</condition>

<node id="7" bw="4" op_0_bw="128" op_1_bw="64" op_2_bw="64">
<![CDATA[
.preheader.preheader.0:3  %w_bias_addr = getelementptr [11 x i128]* %w_bias, i64 0, i64 %w_bias_offset_cast

]]></node>
<StgValue><ssdm name="w_bias_addr"/></StgValue>
</operation>

<operation id="7" st_id="1" stage="1" lat="1">
<core>NULL</core>
<MemPortIdVec></MemPortIdVec>
<condition id="-1">
<or_exp><and_exp></and_exp></or_exp>
</condition>

<node id="13" bw="8" op_0_bw="128">
<![CDATA[
.preheader.preheader.0:9  %tmp = trunc i128 %state_i_read_4 to i8

]]></node>
<StgValue><ssdm name="tmp"/></StgValue>
</operation>

<operation id="8" st_id="1" stage="2" lat="2">
<core>RAM</core>
<MemPortIdVec>0 </MemPortIdVec>
<condition id="-1">
<or_exp><and_exp></and_exp></or_exp>
</condition>

<node id="14" bw="128" op_0_bw="4">
<![CDATA[
.preheader.preheader.0:10  %w_bias_load = load i128* %w_bias_addr, align 8

]]></node>
<StgValue><ssdm name="w_bias_load"/></StgValue>
</operation>

<operation id="9" st_id="1" stage="1" lat="1">
<core>NULL</core>
<MemPortIdVec></MemPortIdVec>
<condition id="-1">
<or_exp><and_exp></and_exp></or_exp>
</condition>

<node id="17" bw="8" op_0_bw="8" op_1_bw="128" op_2_bw="32" op_3_bw="32">
<![CDATA[
.preheader.preheader.0:13  %tmp_s = call i8 @_ssdm_op_PartSelect.i8.i128.i32.i32(i128 %state_i_read_4, i32 32, i32 39)

]]></node>
<StgValue><ssdm name="tmp_s"/></StgValue>
</operation>

<operation id="10" st_id="1" stage="1" lat="1">
<core>NULL</core>
<MemPortIdVec></MemPortIdVec>
<condition id="-1">
<or_exp><and_exp></and_exp></or_exp>
</condition>

<node id="20" bw="8" op_0_bw="8" op_1_bw="128" op_2_bw="32" op_3_bw="32">
<![CDATA[
.preheader.preheader.0:16  %tmp_39 = call i8 @_ssdm_op_PartSelect.i8.i128.i32.i32(i128 %state_i_read_4, i32 64, i32 71)

]]></node>
<StgValue><ssdm name="tmp_39"/></StgValue>
</operation>

<operation id="11" st_id="1" stage="1" lat="1">
<core>NULL</core>
<MemPortIdVec></MemPortIdVec>
<condition id="-1">
<or_exp><and_exp></and_exp></or_exp>
</condition>

<node id="23" bw="8" op_0_bw="8" op_1_bw="128" op_2_bw="32" op_3_bw="32">
<![CDATA[
.preheader.preheader.0:19  %tmp_41 = call i8 @_ssdm_op_PartSelect.i8.i128.i32.i32(i128 %state_i_read_4, i32 96, i32 103)

]]></node>
<StgValue><ssdm name="tmp_41"/></StgValue>
</operation>

<operation id="12" st_id="1" stage="1" lat="1">
<core>NULL</core>
<MemPortIdVec></MemPortIdVec>
<condition id="-1">
<or_exp><and_exp></and_exp></or_exp>
</condition>

<node id="26" bw="8" op_0_bw="8" op_1_bw="128" op_2_bw="32" op_3_bw="32">
<![CDATA[
.preheader.preheader.0:22  %tmp_43 = call i8 @_ssdm_op_PartSelect.i8.i128.i32.i32(i128 %state_i_read_4, i32 8, i32 15)

]]></node>
<StgValue><ssdm name="tmp_43"/></StgValue>
</operation>

<operation id="13" st_id="1" stage="1" lat="1">
<core>NULL</core>
<MemPortIdVec></MemPortIdVec>
<condition id="-1">
<or_exp><and_exp></and_exp></or_exp>
</condition>

<node id="29" bw="8" op_0_bw="8" op_1_bw="128" op_2_bw="32" op_3_bw="32">
<![CDATA[
.preheader.preheader.0:25  %tmp_45 = call i8 @_ssdm_op_PartSelect.i8.i128.i32.i32(i128 %state_i_read_4, i32 40, i32 47)

]]></node>
<StgValue><ssdm name="tmp_45"/></StgValue>
</operation>

<operation id="14" st_id="1" stage="1" lat="1">
<core>NULL</core>
<MemPortIdVec></MemPortIdVec>
<condition id="-1">
<or_exp><and_exp></and_exp></or_exp>
</condition>

<node id="32" bw="8" op_0_bw="8" op_1_bw="128" op_2_bw="32" op_3_bw="32">
<![CDATA[
.preheader.preheader.0:28  %tmp_47 = call i8 @_ssdm_op_PartSelect.i8.i128.i32.i32(i128 %state_i_read_4, i32 72, i32 79)

]]></node>
<StgValue><ssdm name="tmp_47"/></StgValue>
</operation>

<operation id="15" st_id="1" stage="1" lat="1">
<core>NULL</core>
<MemPortIdVec></MemPortIdVec>
<condition id="-1">
<or_exp><and_exp></and_exp></or_exp>
</condition>

<node id="35" bw="8" op_0_bw="8" op_1_bw="128" op_2_bw="32" op_3_bw="32">
<![CDATA[
.preheader.preheader.0:31  %tmp_49 = call i8 @_ssdm_op_PartSelect.i8.i128.i32.i32(i128 %state_i_read_4, i32 104, i32 111)

]]></node>
<StgValue><ssdm name="tmp_49"/></StgValue>
</operation>

<operation id="16" st_id="1" stage="1" lat="1">
<core>NULL</core>
<MemPortIdVec></MemPortIdVec>
<condition id="-1">
<or_exp><and_exp></and_exp></or_exp>
</condition>

<node id="38" bw="8" op_0_bw="8" op_1_bw="128" op_2_bw="32" op_3_bw="32">
<![CDATA[
.preheader.preheader.0:34  %tmp_51 = call i8 @_ssdm_op_PartSelect.i8.i128.i32.i32(i128 %state_i_read_4, i32 16, i32 23)

]]></node>
<StgValue><ssdm name="tmp_51"/></StgValue>
</operation>

<operation id="17" st_id="1" stage="1" lat="1">
<core>NULL</core>
<MemPortIdVec></MemPortIdVec>
<condition id="-1">
<or_exp><and_exp></and_exp></or_exp>
</condition>

<node id="41" bw="8" op_0_bw="8" op_1_bw="128" op_2_bw="32" op_3_bw="32">
<![CDATA[
.preheader.preheader.0:37  %tmp_53 = call i8 @_ssdm_op_PartSelect.i8.i128.i32.i32(i128 %state_i_read_4, i32 48, i32 55)

]]></node>
<StgValue><ssdm name="tmp_53"/></StgValue>
</operation>

<operation id="18" st_id="1" stage="1" lat="1">
<core>NULL</core>
<MemPortIdVec></MemPortIdVec>
<condition id="-1">
<or_exp><and_exp></and_exp></or_exp>
</condition>

<node id="44" bw="8" op_0_bw="8" op_1_bw="128" op_2_bw="32" op_3_bw="32">
<![CDATA[
.preheader.preheader.0:40  %tmp_55 = call i8 @_ssdm_op_PartSelect.i8.i128.i32.i32(i128 %state_i_read_4, i32 80, i32 87)

]]></node>
<StgValue><ssdm name="tmp_55"/></StgValue>
</operation>

<operation id="19" st_id="1" stage="1" lat="1">
<core>NULL</core>
<MemPortIdVec></MemPortIdVec>
<condition id="-1">
<or_exp><and_exp></and_exp></or_exp>
</condition>

<node id="47" bw="8" op_0_bw="8" op_1_bw="128" op_2_bw="32" op_3_bw="32">
<![CDATA[
.preheader.preheader.0:43  %tmp_57 = call i8 @_ssdm_op_PartSelect.i8.i128.i32.i32(i128 %state_i_read_4, i32 112, i32 119)

]]></node>
<StgValue><ssdm name="tmp_57"/></StgValue>
</operation>

<operation id="20" st_id="1" stage="1" lat="1">
<core>NULL</core>
<MemPortIdVec></MemPortIdVec>
<condition id="-1">
<or_exp><and_exp></and_exp></or_exp>
</condition>

<node id="50" bw="8" op_0_bw="8" op_1_bw="128" op_2_bw="32" op_3_bw="32">
<![CDATA[
.preheader.preheader.0:46  %tmp_59 = call i8 @_ssdm_op_PartSelect.i8.i128.i32.i32(i128 %state_i_read_4, i32 24, i32 31)

]]></node>
<StgValue><ssdm name="tmp_59"/></StgValue>
</operation>

<operation id="21" st_id="1" stage="1" lat="1">
<core>NULL</core>
<MemPortIdVec></MemPortIdVec>
<condition id="-1">
<or_exp><and_exp></and_exp></or_exp>
</condition>

<node id="53" bw="8" op_0_bw="8" op_1_bw="128" op_2_bw="32" op_3_bw="32">
<![CDATA[
.preheader.preheader.0:49  %tmp_61 = call i8 @_ssdm_op_PartSelect.i8.i128.i32.i32(i128 %state_i_read_4, i32 56, i32 63)

]]></node>
<StgValue><ssdm name="tmp_61"/></StgValue>
</operation>

<operation id="22" st_id="1" stage="1" lat="1">
<core>NULL</core>
<MemPortIdVec></MemPortIdVec>
<condition id="-1">
<or_exp><and_exp></and_exp></or_exp>
</condition>

<node id="56" bw="8" op_0_bw="8" op_1_bw="128" op_2_bw="32" op_3_bw="32">
<![CDATA[
.preheader.preheader.0:52  %tmp_63 = call i8 @_ssdm_op_PartSelect.i8.i128.i32.i32(i128 %state_i_read_4, i32 88, i32 95)

]]></node>
<StgValue><ssdm name="tmp_63"/></StgValue>
</operation>

<operation id="23" st_id="1" stage="1" lat="1">
<core>NULL</core>
<MemPortIdVec></MemPortIdVec>
<condition id="-1">
<or_exp><and_exp></and_exp></or_exp>
</condition>

<node id="59" bw="8" op_0_bw="8" op_1_bw="128" op_2_bw="32" op_3_bw="32">
<![CDATA[
.preheader.preheader.0:55  %tmp_65 = call i8 @_ssdm_op_PartSelect.i8.i128.i32.i32(i128 %state_i_read_4, i32 120, i32 127)

]]></node>
<StgValue><ssdm name="tmp_65"/></StgValue>
</operation>
</state>

<state id="2" st_id="2">

<operation id="24" st_id="2" stage="1" lat="1">
<core>NULL</core>
<MemPortIdVec></MemPortIdVec>
<condition id="-1">
<or_exp><and_exp></and_exp></or_exp>
</condition>

<node id="8" bw="0" op_0_bw="0" op_1_bw="32" op_2_bw="8" op_3_bw="32" op_4_bw="32" op_5_bw="32" op_6_bw="32" op_7_bw="8" op_8_bw="8" op_9_bw="8">
<![CDATA[
.preheader.preheader.0:4  call void (...)* @_ssdm_op_SpecInterface(i32 0, [13 x i8]* @p_str4, i32 0, i32 0, i32 0, i32 0, [1 x i8]* @p_str1, [1 x i8]* @p_str1, [1 x i8]* @p_str1) nounwind

]]></node>
<StgValue><ssdm name=""/></StgValue>
</operation>

<operation id="25" st_id="2" stage="1" lat="1">
<core>NULL</core>
<MemPortIdVec></MemPortIdVec>
<condition id="-1">
<or_exp><and_exp></and_exp></or_exp>
</condition>

<node id="9" bw="0" op_0_bw="0" op_1_bw="32" op_2_bw="32" op_3_bw="32" op_4_bw="32" op_5_bw="8">
<![CDATA[
.preheader.preheader.0:5  call void (...)* @_ssdm_op_SpecPipeline(i32 1, i32 1, i32 1, i32 0, [1 x i8]* @p_str1) nounwind

]]></node>
<StgValue><ssdm name=""/></StgValue>
</operation>

<operation id="26" st_id="2" stage="1" lat="1">
<core>NULL</core>
<MemPortIdVec></MemPortIdVec>
<condition id="-1">
<or_exp><and_exp></and_exp></or_exp>
</condition>

<node id="10" bw="0" op_0_bw="0" op_1_bw="128" op_2_bw="8" op_3_bw="32" op_4_bw="32" op_5_bw="32" op_6_bw="32" op_7_bw="8" op_8_bw="8" op_9_bw="8">
<![CDATA[
.preheader.preheader.0:6  call void (...)* @_ssdm_op_SpecInterface([11 x i128]* %w_bias, [8 x i8]* @p_str2, i32 0, i32 0, i32 0, i32 0, [1 x i8]* @p_str1, [1 x i8]* @p_str1, [1 x i8]* @p_str1) nounwind

]]></node>
<StgValue><ssdm name=""/></StgValue>
</operation>

<operation id="27" st_id="2" stage="1" lat="1">
<core>NULL</core>
<MemPortIdVec></MemPortIdVec>
<condition id="-1">
<or_exp><and_exp></and_exp></or_exp>
</condition>

<node id="11" bw="0" op_0_bw="0" op_1_bw="128" op_2_bw="8" op_3_bw="32" op_4_bw="32" op_5_bw="32" op_6_bw="32" op_7_bw="8" op_8_bw="8" op_9_bw="8">
<![CDATA[
.preheader.preheader.0:7  call void (...)* @_ssdm_op_SpecInterface(i128 %state_i_read, [8 x i8]* @p_str2, i32 0, i32 0, i32 0, i32 0, [1 x i8]* @p_str1, [1 x i8]* @p_str1, [1 x i8]* @p_str1) nounwind

]]></node>
<StgValue><ssdm name=""/></StgValue>
</operation>

<operation id="28" st_id="2" stage="1" lat="1">
<core>NULL</core>
<MemPortIdVec></MemPortIdVec>
<condition id="-1">
<or_exp><and_exp></and_exp></or_exp>
</condition>

<node id="12" bw="0" op_0_bw="0" op_1_bw="32" op_2_bw="128" op_3_bw="8" op_4_bw="32" op_5_bw="32" op_6_bw="32" op_7_bw="32" op_8_bw="8" op_9_bw="8" op_10_bw="8">
<![CDATA[
.preheader.preheader.0:8  call void (...)* @_ssdm_op_SpecInterface(i32 0, i128 %state_i_read, [8 x i8]* @p_str2, i32 0, i32 0, i32 0, i32 0, [1 x i8]* @p_str1, [1 x i8]* @p_str1, [1 x i8]* @p_str1)

]]></node>
<StgValue><ssdm name=""/></StgValue>
</operation>

<operation id="29" st_id="2" stage="1" lat="2">
<core>RAM</core>
<MemPortIdVec>0 </MemPortIdVec>
<condition id="-1">
<or_exp><and_exp></and_exp></or_exp>
</condition>

<node id="14" bw="128" op_0_bw="4">
<![CDATA[
.preheader.preheader.0:10  %w_bias_load = load i128* %w_bias_addr, align 8

]]></node>
<StgValue><ssdm name="w_bias_load"/></StgValue>
</operation>

<operation id="30" st_id="2" stage="1" lat="1">
<core>NULL</core>
<MemPortIdVec></MemPortIdVec>
<condition id="-1">
<or_exp><and_exp></and_exp></or_exp>
</condition>

<node id="15" bw="8" op_0_bw="128">
<![CDATA[
.preheader.preheader.0:11  %tmp_13 = trunc i128 %w_bias_load to i8

]]></node>
<StgValue><ssdm name="tmp_13"/></StgValue>
</operation>

<operation id="31" st_id="2" stage="1" lat="1">
<core>LogicGate</core>
<MemPortIdVec></MemPortIdVec>
<condition id="-1">
<or_exp><and_exp></and_exp></or_exp>
</condition>

<node id="16" bw="8" op_0_bw="8" op_1_bw="8">
<![CDATA[
.preheader.preheader.0:12  %tmp_27 = xor i8 %tmp_13, %tmp

]]></node>
<StgValue><ssdm name="tmp_27"/></StgValue>
</operation>

<operation id="32" st_id="2" stage="1" lat="1">
<core>NULL</core>
<MemPortIdVec></MemPortIdVec>
<condition id="-1">
<or_exp><and_exp></and_exp></or_exp>
</condition>

<node id="18" bw="8" op_0_bw="8" op_1_bw="128" op_2_bw="9" op_3_bw="9">
<![CDATA[
.preheader.preheader.0:14  %tmp_38 = call i8 @_ssdm_op_PartSelect.i8.i128.i9.i9(i128 %w_bias_load, i9 32, i9 39)

]]></node>
<StgValue><ssdm name="tmp_38"/></StgValue>
</operation>

<operation id="33" st_id="2" stage="1" lat="1">
<core>LogicGate</core>
<MemPortIdVec></MemPortIdVec>
<condition id="-1">
<or_exp><and_exp></and_exp></or_exp>
</condition>

<node id="19" bw="8" op_0_bw="8" op_1_bw="8">
<![CDATA[
.preheader.preheader.0:15  %tmp_27_0_1 = xor i8 %tmp_38, %tmp_s

]]></node>
<StgValue><ssdm name="tmp_27_0_1"/></StgValue>
</operation>

<operation id="34" st_id="2" stage="1" lat="1">
<core>NULL</core>
<MemPortIdVec></MemPortIdVec>
<condition id="-1">
<or_exp><and_exp></and_exp></or_exp>
</condition>

<node id="21" bw="8" op_0_bw="8" op_1_bw="128" op_2_bw="9" op_3_bw="9">
<![CDATA[
.preheader.preheader.0:17  %tmp_40 = call i8 @_ssdm_op_PartSelect.i8.i128.i9.i9(i128 %w_bias_load, i9 64, i9 71)

]]></node>
<StgValue><ssdm name="tmp_40"/></StgValue>
</operation>

<operation id="35" st_id="2" stage="1" lat="1">
<core>LogicGate</core>
<MemPortIdVec></MemPortIdVec>
<condition id="-1">
<or_exp><and_exp></and_exp></or_exp>
</condition>

<node id="22" bw="8" op_0_bw="8" op_1_bw="8">
<![CDATA[
.preheader.preheader.0:18  %tmp_27_0_2 = xor i8 %tmp_40, %tmp_39

]]></node>
<StgValue><ssdm name="tmp_27_0_2"/></StgValue>
</operation>

<operation id="36" st_id="2" stage="1" lat="1">
<core>NULL</core>
<MemPortIdVec></MemPortIdVec>
<condition id="-1">
<or_exp><and_exp></and_exp></or_exp>
</condition>

<node id="24" bw="8" op_0_bw="8" op_1_bw="128" op_2_bw="9" op_3_bw="9">
<![CDATA[
.preheader.preheader.0:20  %tmp_42 = call i8 @_ssdm_op_PartSelect.i8.i128.i9.i9(i128 %w_bias_load, i9 96, i9 103)

]]></node>
<StgValue><ssdm name="tmp_42"/></StgValue>
</operation>

<operation id="37" st_id="2" stage="1" lat="1">
<core>LogicGate</core>
<MemPortIdVec></MemPortIdVec>
<condition id="-1">
<or_exp><and_exp></and_exp></or_exp>
</condition>

<node id="25" bw="8" op_0_bw="8" op_1_bw="8">
<![CDATA[
.preheader.preheader.0:21  %tmp_27_0_3 = xor i8 %tmp_42, %tmp_41

]]></node>
<StgValue><ssdm name="tmp_27_0_3"/></StgValue>
</operation>

<operation id="38" st_id="2" stage="1" lat="1">
<core>NULL</core>
<MemPortIdVec></MemPortIdVec>
<condition id="-1">
<or_exp><and_exp></and_exp></or_exp>
</condition>

<node id="27" bw="8" op_0_bw="8" op_1_bw="128" op_2_bw="9" op_3_bw="9">
<![CDATA[
.preheader.preheader.0:23  %tmp_44 = call i8 @_ssdm_op_PartSelect.i8.i128.i9.i9(i128 %w_bias_load, i9 8, i9 15)

]]></node>
<StgValue><ssdm name="tmp_44"/></StgValue>
</operation>

<operation id="39" st_id="2" stage="1" lat="1">
<core>LogicGate</core>
<MemPortIdVec></MemPortIdVec>
<condition id="-1">
<or_exp><and_exp></and_exp></or_exp>
</condition>

<node id="28" bw="8" op_0_bw="8" op_1_bw="8">
<![CDATA[
.preheader.preheader.0:24  %tmp_27_1 = xor i8 %tmp_44, %tmp_43

]]></node>
<StgValue><ssdm name="tmp_27_1"/></StgValue>
</operation>

<operation id="40" st_id="2" stage="1" lat="1">
<core>NULL</core>
<MemPortIdVec></MemPortIdVec>
<condition id="-1">
<or_exp><and_exp></and_exp></or_exp>
</condition>

<node id="30" bw="8" op_0_bw="8" op_1_bw="128" op_2_bw="9" op_3_bw="9">
<![CDATA[
.preheader.preheader.0:26  %tmp_46 = call i8 @_ssdm_op_PartSelect.i8.i128.i9.i9(i128 %w_bias_load, i9 40, i9 47)

]]></node>
<StgValue><ssdm name="tmp_46"/></StgValue>
</operation>

<operation id="41" st_id="2" stage="1" lat="1">
<core>LogicGate</core>
<MemPortIdVec></MemPortIdVec>
<condition id="-1">
<or_exp><and_exp></and_exp></or_exp>
</condition>

<node id="31" bw="8" op_0_bw="8" op_1_bw="8">
<![CDATA[
.preheader.preheader.0:27  %tmp_27_1_1 = xor i8 %tmp_46, %tmp_45

]]></node>
<StgValue><ssdm name="tmp_27_1_1"/></StgValue>
</operation>

<operation id="42" st_id="2" stage="1" lat="1">
<core>NULL</core>
<MemPortIdVec></MemPortIdVec>
<condition id="-1">
<or_exp><and_exp></and_exp></or_exp>
</condition>

<node id="33" bw="8" op_0_bw="8" op_1_bw="128" op_2_bw="9" op_3_bw="9">
<![CDATA[
.preheader.preheader.0:29  %tmp_48 = call i8 @_ssdm_op_PartSelect.i8.i128.i9.i9(i128 %w_bias_load, i9 72, i9 79)

]]></node>
<StgValue><ssdm name="tmp_48"/></StgValue>
</operation>

<operation id="43" st_id="2" stage="1" lat="1">
<core>LogicGate</core>
<MemPortIdVec></MemPortIdVec>
<condition id="-1">
<or_exp><and_exp></and_exp></or_exp>
</condition>

<node id="34" bw="8" op_0_bw="8" op_1_bw="8">
<![CDATA[
.preheader.preheader.0:30  %tmp_27_1_2 = xor i8 %tmp_48, %tmp_47

]]></node>
<StgValue><ssdm name="tmp_27_1_2"/></StgValue>
</operation>

<operation id="44" st_id="2" stage="1" lat="1">
<core>NULL</core>
<MemPortIdVec></MemPortIdVec>
<condition id="-1">
<or_exp><and_exp></and_exp></or_exp>
</condition>

<node id="36" bw="8" op_0_bw="8" op_1_bw="128" op_2_bw="9" op_3_bw="9">
<![CDATA[
.preheader.preheader.0:32  %tmp_50 = call i8 @_ssdm_op_PartSelect.i8.i128.i9.i9(i128 %w_bias_load, i9 104, i9 111)

]]></node>
<StgValue><ssdm name="tmp_50"/></StgValue>
</operation>

<operation id="45" st_id="2" stage="1" lat="1">
<core>LogicGate</core>
<MemPortIdVec></MemPortIdVec>
<condition id="-1">
<or_exp><and_exp></and_exp></or_exp>
</condition>

<node id="37" bw="8" op_0_bw="8" op_1_bw="8">
<![CDATA[
.preheader.preheader.0:33  %tmp_27_1_3 = xor i8 %tmp_50, %tmp_49

]]></node>
<StgValue><ssdm name="tmp_27_1_3"/></StgValue>
</operation>

<operation id="46" st_id="2" stage="1" lat="1">
<core>NULL</core>
<MemPortIdVec></MemPortIdVec>
<condition id="-1">
<or_exp><and_exp></and_exp></or_exp>
</condition>

<node id="39" bw="8" op_0_bw="8" op_1_bw="128" op_2_bw="9" op_3_bw="9">
<![CDATA[
.preheader.preheader.0:35  %tmp_52 = call i8 @_ssdm_op_PartSelect.i8.i128.i9.i9(i128 %w_bias_load, i9 16, i9 23)

]]></node>
<StgValue><ssdm name="tmp_52"/></StgValue>
</operation>

<operation id="47" st_id="2" stage="1" lat="1">
<core>LogicGate</core>
<MemPortIdVec></MemPortIdVec>
<condition id="-1">
<or_exp><and_exp></and_exp></or_exp>
</condition>

<node id="40" bw="8" op_0_bw="8" op_1_bw="8">
<![CDATA[
.preheader.preheader.0:36  %tmp_27_2 = xor i8 %tmp_52, %tmp_51

]]></node>
<StgValue><ssdm name="tmp_27_2"/></StgValue>
</operation>

<operation id="48" st_id="2" stage="1" lat="1">
<core>NULL</core>
<MemPortIdVec></MemPortIdVec>
<condition id="-1">
<or_exp><and_exp></and_exp></or_exp>
</condition>

<node id="42" bw="8" op_0_bw="8" op_1_bw="128" op_2_bw="9" op_3_bw="9">
<![CDATA[
.preheader.preheader.0:38  %tmp_54 = call i8 @_ssdm_op_PartSelect.i8.i128.i9.i9(i128 %w_bias_load, i9 48, i9 55)

]]></node>
<StgValue><ssdm name="tmp_54"/></StgValue>
</operation>

<operation id="49" st_id="2" stage="1" lat="1">
<core>LogicGate</core>
<MemPortIdVec></MemPortIdVec>
<condition id="-1">
<or_exp><and_exp></and_exp></or_exp>
</condition>

<node id="43" bw="8" op_0_bw="8" op_1_bw="8">
<![CDATA[
.preheader.preheader.0:39  %tmp_27_2_1 = xor i8 %tmp_54, %tmp_53

]]></node>
<StgValue><ssdm name="tmp_27_2_1"/></StgValue>
</operation>

<operation id="50" st_id="2" stage="1" lat="1">
<core>NULL</core>
<MemPortIdVec></MemPortIdVec>
<condition id="-1">
<or_exp><and_exp></and_exp></or_exp>
</condition>

<node id="45" bw="8" op_0_bw="8" op_1_bw="128" op_2_bw="9" op_3_bw="9">
<![CDATA[
.preheader.preheader.0:41  %tmp_56 = call i8 @_ssdm_op_PartSelect.i8.i128.i9.i9(i128 %w_bias_load, i9 80, i9 87)

]]></node>
<StgValue><ssdm name="tmp_56"/></StgValue>
</operation>

<operation id="51" st_id="2" stage="1" lat="1">
<core>LogicGate</core>
<MemPortIdVec></MemPortIdVec>
<condition id="-1">
<or_exp><and_exp></and_exp></or_exp>
</condition>

<node id="46" bw="8" op_0_bw="8" op_1_bw="8">
<![CDATA[
.preheader.preheader.0:42  %tmp_27_2_2 = xor i8 %tmp_56, %tmp_55

]]></node>
<StgValue><ssdm name="tmp_27_2_2"/></StgValue>
</operation>

<operation id="52" st_id="2" stage="1" lat="1">
<core>NULL</core>
<MemPortIdVec></MemPortIdVec>
<condition id="-1">
<or_exp><and_exp></and_exp></or_exp>
</condition>

<node id="48" bw="8" op_0_bw="8" op_1_bw="128" op_2_bw="9" op_3_bw="9">
<![CDATA[
.preheader.preheader.0:44  %tmp_58 = call i8 @_ssdm_op_PartSelect.i8.i128.i9.i9(i128 %w_bias_load, i9 112, i9 119)

]]></node>
<StgValue><ssdm name="tmp_58"/></StgValue>
</operation>

<operation id="53" st_id="2" stage="1" lat="1">
<core>LogicGate</core>
<MemPortIdVec></MemPortIdVec>
<condition id="-1">
<or_exp><and_exp></and_exp></or_exp>
</condition>

<node id="49" bw="8" op_0_bw="8" op_1_bw="8">
<![CDATA[
.preheader.preheader.0:45  %tmp_27_2_3 = xor i8 %tmp_58, %tmp_57

]]></node>
<StgValue><ssdm name="tmp_27_2_3"/></StgValue>
</operation>

<operation id="54" st_id="2" stage="1" lat="1">
<core>NULL</core>
<MemPortIdVec></MemPortIdVec>
<condition id="-1">
<or_exp><and_exp></and_exp></or_exp>
</condition>

<node id="51" bw="8" op_0_bw="8" op_1_bw="128" op_2_bw="9" op_3_bw="9">
<![CDATA[
.preheader.preheader.0:47  %tmp_60 = call i8 @_ssdm_op_PartSelect.i8.i128.i9.i9(i128 %w_bias_load, i9 24, i9 31)

]]></node>
<StgValue><ssdm name="tmp_60"/></StgValue>
</operation>

<operation id="55" st_id="2" stage="1" lat="1">
<core>LogicGate</core>
<MemPortIdVec></MemPortIdVec>
<condition id="-1">
<or_exp><and_exp></and_exp></or_exp>
</condition>

<node id="52" bw="8" op_0_bw="8" op_1_bw="8">
<![CDATA[
.preheader.preheader.0:48  %tmp_27_3 = xor i8 %tmp_60, %tmp_59

]]></node>
<StgValue><ssdm name="tmp_27_3"/></StgValue>
</operation>

<operation id="56" st_id="2" stage="1" lat="1">
<core>NULL</core>
<MemPortIdVec></MemPortIdVec>
<condition id="-1">
<or_exp><and_exp></and_exp></or_exp>
</condition>

<node id="54" bw="8" op_0_bw="8" op_1_bw="128" op_2_bw="9" op_3_bw="9">
<![CDATA[
.preheader.preheader.0:50  %tmp_62 = call i8 @_ssdm_op_PartSelect.i8.i128.i9.i9(i128 %w_bias_load, i9 56, i9 63)

]]></node>
<StgValue><ssdm name="tmp_62"/></StgValue>
</operation>

<operation id="57" st_id="2" stage="1" lat="1">
<core>LogicGate</core>
<MemPortIdVec></MemPortIdVec>
<condition id="-1">
<or_exp><and_exp></and_exp></or_exp>
</condition>

<node id="55" bw="8" op_0_bw="8" op_1_bw="8">
<![CDATA[
.preheader.preheader.0:51  %tmp_27_3_1 = xor i8 %tmp_62, %tmp_61

]]></node>
<StgValue><ssdm name="tmp_27_3_1"/></StgValue>
</operation>

<operation id="58" st_id="2" stage="1" lat="1">
<core>NULL</core>
<MemPortIdVec></MemPortIdVec>
<condition id="-1">
<or_exp><and_exp></and_exp></or_exp>
</condition>

<node id="57" bw="8" op_0_bw="8" op_1_bw="128" op_2_bw="9" op_3_bw="9">
<![CDATA[
.preheader.preheader.0:53  %tmp_64 = call i8 @_ssdm_op_PartSelect.i8.i128.i9.i9(i128 %w_bias_load, i9 88, i9 95)

]]></node>
<StgValue><ssdm name="tmp_64"/></StgValue>
</operation>

<operation id="59" st_id="2" stage="1" lat="1">
<core>LogicGate</core>
<MemPortIdVec></MemPortIdVec>
<condition id="-1">
<or_exp><and_exp></and_exp></or_exp>
</condition>

<node id="58" bw="8" op_0_bw="8" op_1_bw="8">
<![CDATA[
.preheader.preheader.0:54  %tmp_27_3_2 = xor i8 %tmp_64, %tmp_63

]]></node>
<StgValue><ssdm name="tmp_27_3_2"/></StgValue>
</operation>

<operation id="60" st_id="2" stage="1" lat="1">
<core>NULL</core>
<MemPortIdVec></MemPortIdVec>
<condition id="-1">
<or_exp><and_exp></and_exp></or_exp>
</condition>

<node id="60" bw="8" op_0_bw="8" op_1_bw="128" op_2_bw="9" op_3_bw="9">
<![CDATA[
.preheader.preheader.0:56  %tmp_66 = call i8 @_ssdm_op_PartSelect.i8.i128.i9.i9(i128 %w_bias_load, i9 120, i9 127)

]]></node>
<StgValue><ssdm name="tmp_66"/></StgValue>
</operation>

<operation id="61" st_id="2" stage="1" lat="1">
<core>LogicGate</core>
<MemPortIdVec></MemPortIdVec>
<condition id="-1">
<or_exp><and_exp></and_exp></or_exp>
</condition>

<node id="61" bw="8" op_0_bw="8" op_1_bw="8">
<![CDATA[
.preheader.preheader.0:57  %tmp_27_3_3 = xor i8 %tmp_66, %tmp_65

]]></node>
<StgValue><ssdm name="tmp_27_3_3"/></StgValue>
</operation>

<operation id="62" st_id="2" stage="1" lat="1">
<core>NULL</core>
<MemPortIdVec></MemPortIdVec>
<condition id="-1">
<or_exp><and_exp></and_exp></or_exp>
</condition>

<node id="62" bw="128" op_0_bw="128" op_1_bw="8" op_2_bw="8" op_3_bw="8" op_4_bw="8" op_5_bw="8" op_6_bw="8" op_7_bw="8" op_8_bw="8" op_9_bw="8" op_10_bw="8" op_11_bw="8" op_12_bw="8" op_13_bw="8" op_14_bw="8" op_15_bw="8" op_16_bw="8">
<![CDATA[
.preheader.preheader.0:58  %tmp_67 = call i128 @_ssdm_op_BitConcatenate.i128.i8.i8.i8.i8.i8.i8.i8.i8.i8.i8.i8.i8.i8.i8.i8.i8(i8 %tmp_27_3_3, i8 %tmp_27_2_3, i8 %tmp_27_1_3, i8 %tmp_27_0_3, i8 %tmp_27_3_2, i8 %tmp_27_2_2, i8 %tmp_27_1_2, i8 %tmp_27_0_2, i8 %tmp_27_3_1, i8 %tmp_27_2_1, i8 %tmp_27_1_1, i8 %tmp_27_0_1, i8 %tmp_27_3, i8 %tmp_27_2, i8 %tmp_27_1, i8 %tmp_27)

]]></node>
<StgValue><ssdm name="tmp_67"/></StgValue>
</operation>

<operation id="63" st_id="2" stage="1" lat="1">
<core>NULL</core>
<MemPortIdVec></MemPortIdVec>
<condition id="-1">
<or_exp><and_exp></and_exp></or_exp>
</condition>

<node id="63" bw="0" op_0_bw="128">
<![CDATA[
.preheader.preheader.0:59  ret i128 %tmp_67

]]></node>
<StgValue><ssdm name=""/></StgValue>
</operation>
</state>
</state_list>


<ports>
<port id="67" name="state_i_read" dir="0" iftype="0">
<core>NULL</core><StgValue><ssdm name="state_i_read"/></StgValue>
</port>
<port id="68" name="w_bias" dir="0" iftype="1">
<core>RAM</core><StgValue><ssdm name="w_bias"/><MemPortTyVec>1 3 </MemPortTyVec>
</StgValue>
</port>
<port id="69" name="w_bias_offset" dir="0" iftype="0">
<core>NULL</core><StgValue><ssdm name="w_bias_offset"/></StgValue>
</port>
</ports>


<dataflows>
<dataflow id="71" from="_ssdm_op_Read.ap_auto.i5" to="w_bias_offset_read" fromId="70" toId="3">
</dataflow>
<dataflow id="72" from="w_bias_offset" to="w_bias_offset_read" fromId="69" toId="3">
</dataflow>
<dataflow id="74" from="_ssdm_op_Read.ap_none.i128" to="state_i_read_4" fromId="73" toId="4">
</dataflow>
<dataflow id="75" from="state_i_read" to="state_i_read_4" fromId="67" toId="4">
</dataflow>
<dataflow id="76" from="w_bias_offset_read" to="w_bias_offset_cast" fromId="3" toId="5">
</dataflow>
<dataflow id="77" from="w_bias" to="w_bias_addr" fromId="68" toId="6">
</dataflow>
<dataflow id="79" from="stg_78" to="w_bias_addr" fromId="78" toId="6">
</dataflow>
<dataflow id="80" from="w_bias_offset_cast" to="w_bias_addr" fromId="5" toId="6">
</dataflow>
<dataflow id="81" from="state_i_read_4" to="tmp" fromId="4" toId="7">
</dataflow>
<dataflow id="82" from="w_bias_addr" to="w_bias_load" fromId="6" toId="8">
</dataflow>
<dataflow id="84" from="_ssdm_op_PartSelect.i8.i128.i32.i32" to="tmp_s" fromId="83" toId="9">
</dataflow>
<dataflow id="85" from="state_i_read_4" to="tmp_s" fromId="4" toId="9">
</dataflow>
<dataflow id="87" from="stg_86" to="tmp_s" fromId="86" toId="9">
</dataflow>
<dataflow id="89" from="stg_88" to="tmp_s" fromId="88" toId="9">
</dataflow>
<dataflow id="90" from="_ssdm_op_PartSelect.i8.i128.i32.i32" to="tmp_39" fromId="83" toId="10">
</dataflow>
<dataflow id="91" from="state_i_read_4" to="tmp_39" fromId="4" toId="10">
</dataflow>
<dataflow id="93" from="stg_92" to="tmp_39" fromId="92" toId="10">
</dataflow>
<dataflow id="95" from="stg_94" to="tmp_39" fromId="94" toId="10">
</dataflow>
<dataflow id="96" from="_ssdm_op_PartSelect.i8.i128.i32.i32" to="tmp_41" fromId="83" toId="11">
</dataflow>
<dataflow id="97" from="state_i_read_4" to="tmp_41" fromId="4" toId="11">
</dataflow>
<dataflow id="99" from="stg_98" to="tmp_41" fromId="98" toId="11">
</dataflow>
<dataflow id="101" from="stg_100" to="tmp_41" fromId="100" toId="11">
</dataflow>
<dataflow id="102" from="_ssdm_op_PartSelect.i8.i128.i32.i32" to="tmp_43" fromId="83" toId="12">
</dataflow>
<dataflow id="103" from="state_i_read_4" to="tmp_43" fromId="4" toId="12">
</dataflow>
<dataflow id="105" from="stg_104" to="tmp_43" fromId="104" toId="12">
</dataflow>
<dataflow id="107" from="stg_106" to="tmp_43" fromId="106" toId="12">
</dataflow>
<dataflow id="108" from="_ssdm_op_PartSelect.i8.i128.i32.i32" to="tmp_45" fromId="83" toId="13">
</dataflow>
<dataflow id="109" from="state_i_read_4" to="tmp_45" fromId="4" toId="13">
</dataflow>
<dataflow id="111" from="stg_110" to="tmp_45" fromId="110" toId="13">
</dataflow>
<dataflow id="113" from="stg_112" to="tmp_45" fromId="112" toId="13">
</dataflow>
<dataflow id="114" from="_ssdm_op_PartSelect.i8.i128.i32.i32" to="tmp_47" fromId="83" toId="14">
</dataflow>
<dataflow id="115" from="state_i_read_4" to="tmp_47" fromId="4" toId="14">
</dataflow>
<dataflow id="117" from="stg_116" to="tmp_47" fromId="116" toId="14">
</dataflow>
<dataflow id="119" from="stg_118" to="tmp_47" fromId="118" toId="14">
</dataflow>
<dataflow id="120" from="_ssdm_op_PartSelect.i8.i128.i32.i32" to="tmp_49" fromId="83" toId="15">
</dataflow>
<dataflow id="121" from="state_i_read_4" to="tmp_49" fromId="4" toId="15">
</dataflow>
<dataflow id="123" from="stg_122" to="tmp_49" fromId="122" toId="15">
</dataflow>
<dataflow id="125" from="stg_124" to="tmp_49" fromId="124" toId="15">
</dataflow>
<dataflow id="126" from="_ssdm_op_PartSelect.i8.i128.i32.i32" to="tmp_51" fromId="83" toId="16">
</dataflow>
<dataflow id="127" from="state_i_read_4" to="tmp_51" fromId="4" toId="16">
</dataflow>
<dataflow id="129" from="stg_128" to="tmp_51" fromId="128" toId="16">
</dataflow>
<dataflow id="131" from="stg_130" to="tmp_51" fromId="130" toId="16">
</dataflow>
<dataflow id="132" from="_ssdm_op_PartSelect.i8.i128.i32.i32" to="tmp_53" fromId="83" toId="17">
</dataflow>
<dataflow id="133" from="state_i_read_4" to="tmp_53" fromId="4" toId="17">
</dataflow>
<dataflow id="135" from="stg_134" to="tmp_53" fromId="134" toId="17">
</dataflow>
<dataflow id="137" from="stg_136" to="tmp_53" fromId="136" toId="17">
</dataflow>
<dataflow id="138" from="_ssdm_op_PartSelect.i8.i128.i32.i32" to="tmp_55" fromId="83" toId="18">
</dataflow>
<dataflow id="139" from="state_i_read_4" to="tmp_55" fromId="4" toId="18">
</dataflow>
<dataflow id="141" from="stg_140" to="tmp_55" fromId="140" toId="18">
</dataflow>
<dataflow id="143" from="stg_142" to="tmp_55" fromId="142" toId="18">
</dataflow>
<dataflow id="144" from="_ssdm_op_PartSelect.i8.i128.i32.i32" to="tmp_57" fromId="83" toId="19">
</dataflow>
<dataflow id="145" from="state_i_read_4" to="tmp_57" fromId="4" toId="19">
</dataflow>
<dataflow id="147" from="stg_146" to="tmp_57" fromId="146" toId="19">
</dataflow>
<dataflow id="149" from="stg_148" to="tmp_57" fromId="148" toId="19">
</dataflow>
<dataflow id="150" from="_ssdm_op_PartSelect.i8.i128.i32.i32" to="tmp_59" fromId="83" toId="20">
</dataflow>
<dataflow id="151" from="state_i_read_4" to="tmp_59" fromId="4" toId="20">
</dataflow>
<dataflow id="153" from="stg_152" to="tmp_59" fromId="152" toId="20">
</dataflow>
<dataflow id="155" from="stg_154" to="tmp_59" fromId="154" toId="20">
</dataflow>
<dataflow id="156" from="_ssdm_op_PartSelect.i8.i128.i32.i32" to="tmp_61" fromId="83" toId="21">
</dataflow>
<dataflow id="157" from="state_i_read_4" to="tmp_61" fromId="4" toId="21">
</dataflow>
<dataflow id="159" from="stg_158" to="tmp_61" fromId="158" toId="21">
</dataflow>
<dataflow id="161" from="stg_160" to="tmp_61" fromId="160" toId="21">
</dataflow>
<dataflow id="162" from="_ssdm_op_PartSelect.i8.i128.i32.i32" to="tmp_63" fromId="83" toId="22">
</dataflow>
<dataflow id="163" from="state_i_read_4" to="tmp_63" fromId="4" toId="22">
</dataflow>
<dataflow id="165" from="stg_164" to="tmp_63" fromId="164" toId="22">
</dataflow>
<dataflow id="167" from="stg_166" to="tmp_63" fromId="166" toId="22">
</dataflow>
<dataflow id="168" from="_ssdm_op_PartSelect.i8.i128.i32.i32" to="tmp_65" fromId="83" toId="23">
</dataflow>
<dataflow id="169" from="state_i_read_4" to="tmp_65" fromId="4" toId="23">
</dataflow>
<dataflow id="171" from="stg_170" to="tmp_65" fromId="170" toId="23">
</dataflow>
<dataflow id="173" from="stg_172" to="tmp_65" fromId="172" toId="23">
</dataflow>
<dataflow id="175" from="_ssdm_op_SpecInterface" to="stg_24" fromId="174" toId="24">
</dataflow>
<dataflow id="177" from="stg_176" to="stg_24" fromId="176" toId="24">
</dataflow>
<dataflow id="179" from="p_str4" to="stg_24" fromId="178" toId="24">
</dataflow>
<dataflow id="180" from="stg_176" to="stg_24" fromId="176" toId="24">
</dataflow>
<dataflow id="181" from="stg_176" to="stg_24" fromId="176" toId="24">
</dataflow>
<dataflow id="182" from="stg_176" to="stg_24" fromId="176" toId="24">
</dataflow>
<dataflow id="183" from="stg_176" to="stg_24" fromId="176" toId="24">
</dataflow>
<dataflow id="185" from="p_str1" to="stg_24" fromId="184" toId="24">
</dataflow>
<dataflow id="186" from="p_str1" to="stg_24" fromId="184" toId="24">
</dataflow>
<dataflow id="187" from="p_str1" to="stg_24" fromId="184" toId="24">
</dataflow>
<dataflow id="189" from="_ssdm_op_SpecPipeline" to="stg_25" fromId="188" toId="25">
</dataflow>
<dataflow id="191" from="stg_190" to="stg_25" fromId="190" toId="25">
</dataflow>
<dataflow id="192" from="stg_190" to="stg_25" fromId="190" toId="25">
</dataflow>
<dataflow id="193" from="stg_190" to="stg_25" fromId="190" toId="25">
</dataflow>
<dataflow id="194" from="stg_176" to="stg_25" fromId="176" toId="25">
</dataflow>
<dataflow id="195" from="p_str1" to="stg_25" fromId="184" toId="25">
</dataflow>
<dataflow id="196" from="_ssdm_op_SpecInterface" to="stg_26" fromId="174" toId="26">
</dataflow>
<dataflow id="197" from="w_bias" to="stg_26" fromId="68" toId="26">
</dataflow>
<dataflow id="199" from="p_str2" to="stg_26" fromId="198" toId="26">
</dataflow>
<dataflow id="200" from="stg_176" to="stg_26" fromId="176" toId="26">
</dataflow>
<dataflow id="201" from="stg_176" to="stg_26" fromId="176" toId="26">
</dataflow>
<dataflow id="202" from="stg_176" to="stg_26" fromId="176" toId="26">
</dataflow>
<dataflow id="203" from="stg_176" to="stg_26" fromId="176" toId="26">
</dataflow>
<dataflow id="204" from="p_str1" to="stg_26" fromId="184" toId="26">
</dataflow>
<dataflow id="205" from="p_str1" to="stg_26" fromId="184" toId="26">
</dataflow>
<dataflow id="206" from="p_str1" to="stg_26" fromId="184" toId="26">
</dataflow>
<dataflow id="207" from="_ssdm_op_SpecInterface" to="stg_27" fromId="174" toId="27">
</dataflow>
<dataflow id="208" from="state_i_read" to="stg_27" fromId="67" toId="27">
</dataflow>
<dataflow id="209" from="p_str2" to="stg_27" fromId="198" toId="27">
</dataflow>
<dataflow id="210" from="stg_176" to="stg_27" fromId="176" toId="27">
</dataflow>
<dataflow id="211" from="stg_176" to="stg_27" fromId="176" toId="27">
</dataflow>
<dataflow id="212" from="stg_176" to="stg_27" fromId="176" toId="27">
</dataflow>
<dataflow id="213" from="stg_176" to="stg_27" fromId="176" toId="27">
</dataflow>
<dataflow id="214" from="p_str1" to="stg_27" fromId="184" toId="27">
</dataflow>
<dataflow id="215" from="p_str1" to="stg_27" fromId="184" toId="27">
</dataflow>
<dataflow id="216" from="p_str1" to="stg_27" fromId="184" toId="27">
</dataflow>
<dataflow id="217" from="_ssdm_op_SpecInterface" to="stg_28" fromId="174" toId="28">
</dataflow>
<dataflow id="218" from="stg_176" to="stg_28" fromId="176" toId="28">
</dataflow>
<dataflow id="219" from="state_i_read" to="stg_28" fromId="67" toId="28">
</dataflow>
<dataflow id="220" from="p_str2" to="stg_28" fromId="198" toId="28">
</dataflow>
<dataflow id="221" from="stg_176" to="stg_28" fromId="176" toId="28">
</dataflow>
<dataflow id="222" from="stg_176" to="stg_28" fromId="176" toId="28">
</dataflow>
<dataflow id="223" from="stg_176" to="stg_28" fromId="176" toId="28">
</dataflow>
<dataflow id="224" from="stg_176" to="stg_28" fromId="176" toId="28">
</dataflow>
<dataflow id="225" from="p_str1" to="stg_28" fromId="184" toId="28">
</dataflow>
<dataflow id="226" from="p_str1" to="stg_28" fromId="184" toId="28">
</dataflow>
<dataflow id="227" from="p_str1" to="stg_28" fromId="184" toId="28">
</dataflow>
<dataflow id="228" from="w_bias_addr" to="w_bias_load" fromId="6" toId="29">
</dataflow>
<dataflow id="229" from="w_bias_load" to="tmp_13" fromId="29" toId="30">
</dataflow>
<dataflow id="230" from="tmp_13" to="tmp_27" fromId="30" toId="31">
</dataflow>
<dataflow id="231" from="tmp" to="tmp_27" fromId="7" toId="31">
</dataflow>
<dataflow id="233" from="_ssdm_op_PartSelect.i8.i128.i9.i9" to="tmp_38" fromId="232" toId="32">
</dataflow>
<dataflow id="234" from="w_bias_load" to="tmp_38" fromId="29" toId="32">
</dataflow>
<dataflow id="236" from="stg_235" to="tmp_38" fromId="235" toId="32">
</dataflow>
<dataflow id="238" from="stg_237" to="tmp_38" fromId="237" toId="32">
</dataflow>
<dataflow id="239" from="tmp_38" to="tmp_27_0_1" fromId="32" toId="33">
</dataflow>
<dataflow id="240" from="tmp_s" to="tmp_27_0_1" fromId="9" toId="33">
</dataflow>
<dataflow id="241" from="_ssdm_op_PartSelect.i8.i128.i9.i9" to="tmp_40" fromId="232" toId="34">
</dataflow>
<dataflow id="242" from="w_bias_load" to="tmp_40" fromId="29" toId="34">
</dataflow>
<dataflow id="244" from="stg_243" to="tmp_40" fromId="243" toId="34">
</dataflow>
<dataflow id="246" from="stg_245" to="tmp_40" fromId="245" toId="34">
</dataflow>
<dataflow id="247" from="tmp_40" to="tmp_27_0_2" fromId="34" toId="35">
</dataflow>
<dataflow id="248" from="tmp_39" to="tmp_27_0_2" fromId="10" toId="35">
</dataflow>
<dataflow id="249" from="_ssdm_op_PartSelect.i8.i128.i9.i9" to="tmp_42" fromId="232" toId="36">
</dataflow>
<dataflow id="250" from="w_bias_load" to="tmp_42" fromId="29" toId="36">
</dataflow>
<dataflow id="252" from="stg_251" to="tmp_42" fromId="251" toId="36">
</dataflow>
<dataflow id="254" from="stg_253" to="tmp_42" fromId="253" toId="36">
</dataflow>
<dataflow id="255" from="tmp_42" to="tmp_27_0_3" fromId="36" toId="37">
</dataflow>
<dataflow id="256" from="tmp_41" to="tmp_27_0_3" fromId="11" toId="37">
</dataflow>
<dataflow id="257" from="_ssdm_op_PartSelect.i8.i128.i9.i9" to="tmp_44" fromId="232" toId="38">
</dataflow>
<dataflow id="258" from="w_bias_load" to="tmp_44" fromId="29" toId="38">
</dataflow>
<dataflow id="260" from="stg_259" to="tmp_44" fromId="259" toId="38">
</dataflow>
<dataflow id="262" from="stg_261" to="tmp_44" fromId="261" toId="38">
</dataflow>
<dataflow id="263" from="tmp_44" to="tmp_27_1" fromId="38" toId="39">
</dataflow>
<dataflow id="264" from="tmp_43" to="tmp_27_1" fromId="12" toId="39">
</dataflow>
<dataflow id="265" from="_ssdm_op_PartSelect.i8.i128.i9.i9" to="tmp_46" fromId="232" toId="40">
</dataflow>
<dataflow id="266" from="w_bias_load" to="tmp_46" fromId="29" toId="40">
</dataflow>
<dataflow id="268" from="stg_267" to="tmp_46" fromId="267" toId="40">
</dataflow>
<dataflow id="270" from="stg_269" to="tmp_46" fromId="269" toId="40">
</dataflow>
<dataflow id="271" from="tmp_46" to="tmp_27_1_1" fromId="40" toId="41">
</dataflow>
<dataflow id="272" from="tmp_45" to="tmp_27_1_1" fromId="13" toId="41">
</dataflow>
<dataflow id="273" from="_ssdm_op_PartSelect.i8.i128.i9.i9" to="tmp_48" fromId="232" toId="42">
</dataflow>
<dataflow id="274" from="w_bias_load" to="tmp_48" fromId="29" toId="42">
</dataflow>
<dataflow id="276" from="stg_275" to="tmp_48" fromId="275" toId="42">
</dataflow>
<dataflow id="278" from="stg_277" to="tmp_48" fromId="277" toId="42">
</dataflow>
<dataflow id="279" from="tmp_48" to="tmp_27_1_2" fromId="42" toId="43">
</dataflow>
<dataflow id="280" from="tmp_47" to="tmp_27_1_2" fromId="14" toId="43">
</dataflow>
<dataflow id="281" from="_ssdm_op_PartSelect.i8.i128.i9.i9" to="tmp_50" fromId="232" toId="44">
</dataflow>
<dataflow id="282" from="w_bias_load" to="tmp_50" fromId="29" toId="44">
</dataflow>
<dataflow id="284" from="stg_283" to="tmp_50" fromId="283" toId="44">
</dataflow>
<dataflow id="286" from="stg_285" to="tmp_50" fromId="285" toId="44">
</dataflow>
<dataflow id="287" from="tmp_50" to="tmp_27_1_3" fromId="44" toId="45">
</dataflow>
<dataflow id="288" from="tmp_49" to="tmp_27_1_3" fromId="15" toId="45">
</dataflow>
<dataflow id="289" from="_ssdm_op_PartSelect.i8.i128.i9.i9" to="tmp_52" fromId="232" toId="46">
</dataflow>
<dataflow id="290" from="w_bias_load" to="tmp_52" fromId="29" toId="46">
</dataflow>
<dataflow id="292" from="stg_291" to="tmp_52" fromId="291" toId="46">
</dataflow>
<dataflow id="294" from="stg_293" to="tmp_52" fromId="293" toId="46">
</dataflow>
<dataflow id="295" from="tmp_52" to="tmp_27_2" fromId="46" toId="47">
</dataflow>
<dataflow id="296" from="tmp_51" to="tmp_27_2" fromId="16" toId="47">
</dataflow>
<dataflow id="297" from="_ssdm_op_PartSelect.i8.i128.i9.i9" to="tmp_54" fromId="232" toId="48">
</dataflow>
<dataflow id="298" from="w_bias_load" to="tmp_54" fromId="29" toId="48">
</dataflow>
<dataflow id="300" from="stg_299" to="tmp_54" fromId="299" toId="48">
</dataflow>
<dataflow id="302" from="stg_301" to="tmp_54" fromId="301" toId="48">
</dataflow>
<dataflow id="303" from="tmp_54" to="tmp_27_2_1" fromId="48" toId="49">
</dataflow>
<dataflow id="304" from="tmp_53" to="tmp_27_2_1" fromId="17" toId="49">
</dataflow>
<dataflow id="305" from="_ssdm_op_PartSelect.i8.i128.i9.i9" to="tmp_56" fromId="232" toId="50">
</dataflow>
<dataflow id="306" from="w_bias_load" to="tmp_56" fromId="29" toId="50">
</dataflow>
<dataflow id="308" from="stg_307" to="tmp_56" fromId="307" toId="50">
</dataflow>
<dataflow id="310" from="stg_309" to="tmp_56" fromId="309" toId="50">
</dataflow>
<dataflow id="311" from="tmp_56" to="tmp_27_2_2" fromId="50" toId="51">
</dataflow>
<dataflow id="312" from="tmp_55" to="tmp_27_2_2" fromId="18" toId="51">
</dataflow>
<dataflow id="313" from="_ssdm_op_PartSelect.i8.i128.i9.i9" to="tmp_58" fromId="232" toId="52">
</dataflow>
<dataflow id="314" from="w_bias_load" to="tmp_58" fromId="29" toId="52">
</dataflow>
<dataflow id="316" from="stg_315" to="tmp_58" fromId="315" toId="52">
</dataflow>
<dataflow id="318" from="stg_317" to="tmp_58" fromId="317" toId="52">
</dataflow>
<dataflow id="319" from="tmp_58" to="tmp_27_2_3" fromId="52" toId="53">
</dataflow>
<dataflow id="320" from="tmp_57" to="tmp_27_2_3" fromId="19" toId="53">
</dataflow>
<dataflow id="321" from="_ssdm_op_PartSelect.i8.i128.i9.i9" to="tmp_60" fromId="232" toId="54">
</dataflow>
<dataflow id="322" from="w_bias_load" to="tmp_60" fromId="29" toId="54">
</dataflow>
<dataflow id="324" from="stg_323" to="tmp_60" fromId="323" toId="54">
</dataflow>
<dataflow id="326" from="stg_325" to="tmp_60" fromId="325" toId="54">
</dataflow>
<dataflow id="327" from="tmp_60" to="tmp_27_3" fromId="54" toId="55">
</dataflow>
<dataflow id="328" from="tmp_59" to="tmp_27_3" fromId="20" toId="55">
</dataflow>
<dataflow id="329" from="_ssdm_op_PartSelect.i8.i128.i9.i9" to="tmp_62" fromId="232" toId="56">
</dataflow>
<dataflow id="330" from="w_bias_load" to="tmp_62" fromId="29" toId="56">
</dataflow>
<dataflow id="332" from="stg_331" to="tmp_62" fromId="331" toId="56">
</dataflow>
<dataflow id="334" from="stg_333" to="tmp_62" fromId="333" toId="56">
</dataflow>
<dataflow id="335" from="tmp_62" to="tmp_27_3_1" fromId="56" toId="57">
</dataflow>
<dataflow id="336" from="tmp_61" to="tmp_27_3_1" fromId="21" toId="57">
</dataflow>
<dataflow id="337" from="_ssdm_op_PartSelect.i8.i128.i9.i9" to="tmp_64" fromId="232" toId="58">
</dataflow>
<dataflow id="338" from="w_bias_load" to="tmp_64" fromId="29" toId="58">
</dataflow>
<dataflow id="340" from="stg_339" to="tmp_64" fromId="339" toId="58">
</dataflow>
<dataflow id="342" from="stg_341" to="tmp_64" fromId="341" toId="58">
</dataflow>
<dataflow id="343" from="tmp_64" to="tmp_27_3_2" fromId="58" toId="59">
</dataflow>
<dataflow id="344" from="tmp_63" to="tmp_27_3_2" fromId="22" toId="59">
</dataflow>
<dataflow id="345" from="_ssdm_op_PartSelect.i8.i128.i9.i9" to="tmp_66" fromId="232" toId="60">
</dataflow>
<dataflow id="346" from="w_bias_load" to="tmp_66" fromId="29" toId="60">
</dataflow>
<dataflow id="348" from="stg_347" to="tmp_66" fromId="347" toId="60">
</dataflow>
<dataflow id="350" from="stg_349" to="tmp_66" fromId="349" toId="60">
</dataflow>
<dataflow id="351" from="tmp_66" to="tmp_27_3_3" fromId="60" toId="61">
</dataflow>
<dataflow id="352" from="tmp_65" to="tmp_27_3_3" fromId="23" toId="61">
</dataflow>
<dataflow id="354" from="_ssdm_op_BitConcatenate.i128.i8.i8.i8.i8.i8.i8.i8.i8.i8.i8.i8.i8.i8.i8.i8.i8" to="tmp_67" fromId="353" toId="62">
</dataflow>
<dataflow id="355" from="tmp_27_3_3" to="tmp_67" fromId="61" toId="62">
</dataflow>
<dataflow id="356" from="tmp_27_2_3" to="tmp_67" fromId="53" toId="62">
</dataflow>
<dataflow id="357" from="tmp_27_1_3" to="tmp_67" fromId="45" toId="62">
</dataflow>
<dataflow id="358" from="tmp_27_0_3" to="tmp_67" fromId="37" toId="62">
</dataflow>
<dataflow id="359" from="tmp_27_3_2" to="tmp_67" fromId="59" toId="62">
</dataflow>
<dataflow id="360" from="tmp_27_2_2" to="tmp_67" fromId="51" toId="62">
</dataflow>
<dataflow id="361" from="tmp_27_1_2" to="tmp_67" fromId="43" toId="62">
</dataflow>
<dataflow id="362" from="tmp_27_0_2" to="tmp_67" fromId="35" toId="62">
</dataflow>
<dataflow id="363" from="tmp_27_3_1" to="tmp_67" fromId="57" toId="62">
</dataflow>
<dataflow id="364" from="tmp_27_2_1" to="tmp_67" fromId="49" toId="62">
</dataflow>
<dataflow id="365" from="tmp_27_1_1" to="tmp_67" fromId="41" toId="62">
</dataflow>
<dataflow id="366" from="tmp_27_0_1" to="tmp_67" fromId="33" toId="62">
</dataflow>
<dataflow id="367" from="tmp_27_3" to="tmp_67" fromId="55" toId="62">
</dataflow>
<dataflow id="368" from="tmp_27_2" to="tmp_67" fromId="47" toId="62">
</dataflow>
<dataflow id="369" from="tmp_27_1" to="tmp_67" fromId="39" toId="62">
</dataflow>
<dataflow id="370" from="tmp_27" to="tmp_67" fromId="31" toId="62">
</dataflow>
<dataflow id="371" from="tmp_67" to="stg_63" fromId="62" toId="63">
</dataflow>
</dataflows>


</stg>
