<stg><name>Cipher</name>


<trans_list>

<trans id="114" from="1" to="2">
<condition id="21">
<or_exp><and_exp></and_exp></or_exp>
</condition>
</trans>

<trans id="115" from="2" to="3">
<condition id="22">
<or_exp><and_exp></and_exp></or_exp>
</condition>
</trans>

<trans id="116" from="3" to="4">
<condition id="23">
<or_exp><and_exp></and_exp></or_exp>
</condition>
</trans>

<trans id="117" from="4" to="5">
<condition id="24">
<or_exp><and_exp></and_exp></or_exp>
</condition>
</trans>

<trans id="118" from="5" to="6">
<condition id="25">
<or_exp><and_exp></and_exp></or_exp>
</condition>
</trans>

<trans id="119" from="6" to="7">
<condition id="26">
<or_exp><and_exp></and_exp></or_exp>
</condition>
</trans>

<trans id="120" from="7" to="8">
<condition id="27">
<or_exp><and_exp></and_exp></or_exp>
</condition>
</trans>

<trans id="121" from="8" to="9">
<condition id="28">
<or_exp><and_exp></and_exp></or_exp>
</condition>
</trans>

<trans id="122" from="9" to="10">
<condition id="29">
<or_exp><and_exp></and_exp></or_exp>
</condition>
</trans>

<trans id="123" from="10" to="11">
<condition id="30">
<or_exp><and_exp></and_exp></or_exp>
</condition>
</trans>

<trans id="124" from="11" to="12">
<condition id="31">
<or_exp><and_exp></and_exp></or_exp>
</condition>
</trans>

<trans id="125" from="12" to="13">
<condition id="32">
<or_exp><and_exp></and_exp></or_exp>
</condition>
</trans>

<trans id="126" from="13" to="14">
<condition id="33">
<or_exp><and_exp></and_exp></or_exp>
</condition>
</trans>

<trans id="127" from="14" to="15">
<condition id="34">
<or_exp><and_exp></and_exp></or_exp>
</condition>
</trans>

<trans id="128" from="15" to="16">
<condition id="35">
<or_exp><and_exp></and_exp></or_exp>
</condition>
</trans>

<trans id="129" from="16" to="17">
<condition id="36">
<or_exp><and_exp></and_exp></or_exp>
</condition>
</trans>

<trans id="130" from="17" to="18">
<condition id="37">
<or_exp><and_exp></and_exp></or_exp>
</condition>
</trans>

<trans id="131" from="18" to="19">
<condition id="38">
<or_exp><and_exp></and_exp></or_exp>
</condition>
</trans>

<trans id="132" from="19" to="20">
<condition id="39">
<or_exp><and_exp></and_exp></or_exp>
</condition>
</trans>

<trans id="133" from="20" to="21">
<condition id="40">
<or_exp><and_exp></and_exp></or_exp>
</condition>
</trans>

<trans id="134" from="21" to="22">
<condition id="41">
<or_exp><and_exp></and_exp></or_exp>
</condition>
</trans>
</trans_list>



<state_list>

<state id="1" st_id="1">

<operation id="23" st_id="1" stage="1" lat="1">
<core>NULL</core>
<MemPortIdVec></MemPortIdVec>
<condition id="-1">
<or_exp><and_exp></and_exp></or_exp>
</condition>

<node id="10" bw="128" op_0_bw="128" op_1_bw="128">
<![CDATA[
.preheader5.preheader.0:5  %cipher_state = call i128 @_ssdm_op_Read.ap_auto.i128P(i128* %in_r)

]]></node>
<StgValue><ssdm name="cipher_state"/></StgValue>
</operation>

<operation id="24" st_id="1" stage="2" lat="2">
<core></core>
<MemPortIdVec></MemPortIdVec>
<condition id="-1">
<or_exp><and_exp></and_exp></or_exp>
</condition>

<node id="11" bw="128" op_0_bw="128" op_1_bw="128" op_2_bw="128" op_3_bw="5">
<![CDATA[
.preheader5.preheader.0:6  %cipher_state_1 = call fastcc i128 @Cipher_AddRoundKey(i128 %cipher_state, [11 x i128]* %w, i5 0)

]]></node>
<StgValue><ssdm name="cipher_state_1"/></StgValue>
</operation>
</state>

<state id="2" st_id="2">

<operation id="25" st_id="2" stage="1" lat="2">
<core></core>
<MemPortIdVec></MemPortIdVec>
<condition id="-1">
<or_exp><and_exp></and_exp></or_exp>
</condition>

<node id="11" bw="128" op_0_bw="128" op_1_bw="128" op_2_bw="128" op_3_bw="5">
<![CDATA[
.preheader5.preheader.0:6  %cipher_state_1 = call fastcc i128 @Cipher_AddRoundKey(i128 %cipher_state, [11 x i128]* %w, i5 0)

]]></node>
<StgValue><ssdm name="cipher_state_1"/></StgValue>
</operation>

<operation id="26" st_id="2" stage="2" lat="2">
<core></core>
<MemPortIdVec></MemPortIdVec>
<condition id="-1">
<or_exp><and_exp></and_exp></or_exp>
</condition>

<node id="12" bw="128" op_0_bw="128" op_1_bw="128">
<![CDATA[
.preheader5.preheader.0:7  %cipher_state_2 = call fastcc i128 @Cipher_SubBytes(i128 %cipher_state_1)

]]></node>
<StgValue><ssdm name="cipher_state_2"/></StgValue>
</operation>
</state>

<state id="3" st_id="3">

<operation id="27" st_id="3" stage="1" lat="2">
<core></core>
<MemPortIdVec></MemPortIdVec>
<condition id="-1">
<or_exp><and_exp></and_exp></or_exp>
</condition>

<node id="12" bw="128" op_0_bw="128" op_1_bw="128">
<![CDATA[
.preheader5.preheader.0:7  %cipher_state_2 = call fastcc i128 @Cipher_SubBytes(i128 %cipher_state_1)

]]></node>
<StgValue><ssdm name="cipher_state_2"/></StgValue>
</operation>

<operation id="28" st_id="3" stage="1" lat="1">
<core></core>
<MemPortIdVec></MemPortIdVec>
<condition id="-1">
<or_exp><and_exp></and_exp></or_exp>
</condition>

<node id="13" bw="128" op_0_bw="128" op_1_bw="128">
<![CDATA[
.preheader5.preheader.0:8  %cipher_state_3 = call fastcc i128 @Cipher_ShiftRows(i128 %cipher_state_2)

]]></node>
<StgValue><ssdm name="cipher_state_3"/></StgValue>
</operation>

<operation id="29" st_id="3" stage="1" lat="1">
<core></core>
<MemPortIdVec></MemPortIdVec>
<condition id="-1">
<or_exp><and_exp></and_exp></or_exp>
</condition>

<node id="14" bw="128" op_0_bw="128" op_1_bw="128">
<![CDATA[
.preheader5.preheader.0:9  %cipher_state_4 = call fastcc i128 @Cipher_MixColumns(i128 %cipher_state_3)

]]></node>
<StgValue><ssdm name="cipher_state_4"/></StgValue>
</operation>

<operation id="30" st_id="3" stage="2" lat="2">
<core></core>
<MemPortIdVec></MemPortIdVec>
<condition id="-1">
<or_exp><and_exp></and_exp></or_exp>
</condition>

<node id="15" bw="128" op_0_bw="128" op_1_bw="128" op_2_bw="128" op_3_bw="5">
<![CDATA[
.preheader5.preheader.0:10  %cipher_state_5 = call fastcc i128 @Cipher_AddRoundKey(i128 %cipher_state_4, [11 x i128]* %w, i5 1)

]]></node>
<StgValue><ssdm name="cipher_state_5"/></StgValue>
</operation>
</state>

<state id="4" st_id="4">

<operation id="31" st_id="4" stage="1" lat="2">
<core></core>
<MemPortIdVec></MemPortIdVec>
<condition id="-1">
<or_exp><and_exp></and_exp></or_exp>
</condition>

<node id="15" bw="128" op_0_bw="128" op_1_bw="128" op_2_bw="128" op_3_bw="5">
<![CDATA[
.preheader5.preheader.0:10  %cipher_state_5 = call fastcc i128 @Cipher_AddRoundKey(i128 %cipher_state_4, [11 x i128]* %w, i5 1)

]]></node>
<StgValue><ssdm name="cipher_state_5"/></StgValue>
</operation>

<operation id="32" st_id="4" stage="2" lat="2">
<core></core>
<MemPortIdVec></MemPortIdVec>
<condition id="-1">
<or_exp><and_exp></and_exp></or_exp>
</condition>

<node id="16" bw="128" op_0_bw="128" op_1_bw="128">
<![CDATA[
.preheader5.preheader.0:11  %cipher_state_6 = call fastcc i128 @Cipher_SubBytes(i128 %cipher_state_5)

]]></node>
<StgValue><ssdm name="cipher_state_6"/></StgValue>
</operation>
</state>

<state id="5" st_id="5">

<operation id="33" st_id="5" stage="1" lat="2">
<core></core>
<MemPortIdVec></MemPortIdVec>
<condition id="-1">
<or_exp><and_exp></and_exp></or_exp>
</condition>

<node id="16" bw="128" op_0_bw="128" op_1_bw="128">
<![CDATA[
.preheader5.preheader.0:11  %cipher_state_6 = call fastcc i128 @Cipher_SubBytes(i128 %cipher_state_5)

]]></node>
<StgValue><ssdm name="cipher_state_6"/></StgValue>
</operation>

<operation id="34" st_id="5" stage="1" lat="1">
<core></core>
<MemPortIdVec></MemPortIdVec>
<condition id="-1">
<or_exp><and_exp></and_exp></or_exp>
</condition>

<node id="17" bw="128" op_0_bw="128" op_1_bw="128">
<![CDATA[
.preheader5.preheader.0:12  %cipher_state_7 = call fastcc i128 @Cipher_ShiftRows(i128 %cipher_state_6)

]]></node>
<StgValue><ssdm name="cipher_state_7"/></StgValue>
</operation>

<operation id="35" st_id="5" stage="1" lat="1">
<core></core>
<MemPortIdVec></MemPortIdVec>
<condition id="-1">
<or_exp><and_exp></and_exp></or_exp>
</condition>

<node id="18" bw="128" op_0_bw="128" op_1_bw="128">
<![CDATA[
.preheader5.preheader.0:13  %cipher_state_8 = call fastcc i128 @Cipher_MixColumns(i128 %cipher_state_7)

]]></node>
<StgValue><ssdm name="cipher_state_8"/></StgValue>
</operation>

<operation id="36" st_id="5" stage="2" lat="2">
<core></core>
<MemPortIdVec></MemPortIdVec>
<condition id="-1">
<or_exp><and_exp></and_exp></or_exp>
</condition>

<node id="19" bw="128" op_0_bw="128" op_1_bw="128" op_2_bw="128" op_3_bw="5">
<![CDATA[
.preheader5.preheader.0:14  %cipher_state_9 = call fastcc i128 @Cipher_AddRoundKey(i128 %cipher_state_8, [11 x i128]* %w, i5 2)

]]></node>
<StgValue><ssdm name="cipher_state_9"/></StgValue>
</operation>
</state>

<state id="6" st_id="6">

<operation id="37" st_id="6" stage="1" lat="2">
<core></core>
<MemPortIdVec></MemPortIdVec>
<condition id="-1">
<or_exp><and_exp></and_exp></or_exp>
</condition>

<node id="19" bw="128" op_0_bw="128" op_1_bw="128" op_2_bw="128" op_3_bw="5">
<![CDATA[
.preheader5.preheader.0:14  %cipher_state_9 = call fastcc i128 @Cipher_AddRoundKey(i128 %cipher_state_8, [11 x i128]* %w, i5 2)

]]></node>
<StgValue><ssdm name="cipher_state_9"/></StgValue>
</operation>

<operation id="38" st_id="6" stage="2" lat="2">
<core></core>
<MemPortIdVec></MemPortIdVec>
<condition id="-1">
<or_exp><and_exp></and_exp></or_exp>
</condition>

<node id="20" bw="128" op_0_bw="128" op_1_bw="128">
<![CDATA[
.preheader5.preheader.0:15  %cipher_state_10 = call fastcc i128 @Cipher_SubBytes(i128 %cipher_state_9)

]]></node>
<StgValue><ssdm name="cipher_state_10"/></StgValue>
</operation>
</state>

<state id="7" st_id="7">

<operation id="39" st_id="7" stage="1" lat="2">
<core></core>
<MemPortIdVec></MemPortIdVec>
<condition id="-1">
<or_exp><and_exp></and_exp></or_exp>
</condition>

<node id="20" bw="128" op_0_bw="128" op_1_bw="128">
<![CDATA[
.preheader5.preheader.0:15  %cipher_state_10 = call fastcc i128 @Cipher_SubBytes(i128 %cipher_state_9)

]]></node>
<StgValue><ssdm name="cipher_state_10"/></StgValue>
</operation>

<operation id="40" st_id="7" stage="1" lat="1">
<core></core>
<MemPortIdVec></MemPortIdVec>
<condition id="-1">
<or_exp><and_exp></and_exp></or_exp>
</condition>

<node id="21" bw="128" op_0_bw="128" op_1_bw="128">
<![CDATA[
.preheader5.preheader.0:16  %cipher_state_11 = call fastcc i128 @Cipher_ShiftRows(i128 %cipher_state_10)

]]></node>
<StgValue><ssdm name="cipher_state_11"/></StgValue>
</operation>

<operation id="41" st_id="7" stage="1" lat="1">
<core></core>
<MemPortIdVec></MemPortIdVec>
<condition id="-1">
<or_exp><and_exp></and_exp></or_exp>
</condition>

<node id="22" bw="128" op_0_bw="128" op_1_bw="128">
<![CDATA[
.preheader5.preheader.0:17  %cipher_state_12 = call fastcc i128 @Cipher_MixColumns(i128 %cipher_state_11)

]]></node>
<StgValue><ssdm name="cipher_state_12"/></StgValue>
</operation>

<operation id="42" st_id="7" stage="2" lat="2">
<core></core>
<MemPortIdVec></MemPortIdVec>
<condition id="-1">
<or_exp><and_exp></and_exp></or_exp>
</condition>

<node id="23" bw="128" op_0_bw="128" op_1_bw="128" op_2_bw="128" op_3_bw="5">
<![CDATA[
.preheader5.preheader.0:18  %cipher_state_13 = call fastcc i128 @Cipher_AddRoundKey(i128 %cipher_state_12, [11 x i128]* %w, i5 3)

]]></node>
<StgValue><ssdm name="cipher_state_13"/></StgValue>
</operation>
</state>

<state id="8" st_id="8">

<operation id="43" st_id="8" stage="1" lat="2">
<core></core>
<MemPortIdVec></MemPortIdVec>
<condition id="-1">
<or_exp><and_exp></and_exp></or_exp>
</condition>

<node id="23" bw="128" op_0_bw="128" op_1_bw="128" op_2_bw="128" op_3_bw="5">
<![CDATA[
.preheader5.preheader.0:18  %cipher_state_13 = call fastcc i128 @Cipher_AddRoundKey(i128 %cipher_state_12, [11 x i128]* %w, i5 3)

]]></node>
<StgValue><ssdm name="cipher_state_13"/></StgValue>
</operation>

<operation id="44" st_id="8" stage="2" lat="2">
<core></core>
<MemPortIdVec></MemPortIdVec>
<condition id="-1">
<or_exp><and_exp></and_exp></or_exp>
</condition>

<node id="24" bw="128" op_0_bw="128" op_1_bw="128">
<![CDATA[
.preheader5.preheader.0:19  %cipher_state_14 = call fastcc i128 @Cipher_SubBytes(i128 %cipher_state_13)

]]></node>
<StgValue><ssdm name="cipher_state_14"/></StgValue>
</operation>
</state>

<state id="9" st_id="9">

<operation id="45" st_id="9" stage="1" lat="2">
<core></core>
<MemPortIdVec></MemPortIdVec>
<condition id="-1">
<or_exp><and_exp></and_exp></or_exp>
</condition>

<node id="24" bw="128" op_0_bw="128" op_1_bw="128">
<![CDATA[
.preheader5.preheader.0:19  %cipher_state_14 = call fastcc i128 @Cipher_SubBytes(i128 %cipher_state_13)

]]></node>
<StgValue><ssdm name="cipher_state_14"/></StgValue>
</operation>

<operation id="46" st_id="9" stage="1" lat="1">
<core></core>
<MemPortIdVec></MemPortIdVec>
<condition id="-1">
<or_exp><and_exp></and_exp></or_exp>
</condition>

<node id="25" bw="128" op_0_bw="128" op_1_bw="128">
<![CDATA[
.preheader5.preheader.0:20  %cipher_state_15 = call fastcc i128 @Cipher_ShiftRows(i128 %cipher_state_14)

]]></node>
<StgValue><ssdm name="cipher_state_15"/></StgValue>
</operation>

<operation id="47" st_id="9" stage="1" lat="1">
<core></core>
<MemPortIdVec></MemPortIdVec>
<condition id="-1">
<or_exp><and_exp></and_exp></or_exp>
</condition>

<node id="26" bw="128" op_0_bw="128" op_1_bw="128">
<![CDATA[
.preheader5.preheader.0:21  %cipher_state_16 = call fastcc i128 @Cipher_MixColumns(i128 %cipher_state_15)

]]></node>
<StgValue><ssdm name="cipher_state_16"/></StgValue>
</operation>

<operation id="48" st_id="9" stage="2" lat="2">
<core></core>
<MemPortIdVec></MemPortIdVec>
<condition id="-1">
<or_exp><and_exp></and_exp></or_exp>
</condition>

<node id="27" bw="128" op_0_bw="128" op_1_bw="128" op_2_bw="128" op_3_bw="5">
<![CDATA[
.preheader5.preheader.0:22  %cipher_state_17 = call fastcc i128 @Cipher_AddRoundKey(i128 %cipher_state_16, [11 x i128]* %w, i5 4)

]]></node>
<StgValue><ssdm name="cipher_state_17"/></StgValue>
</operation>
</state>

<state id="10" st_id="10">

<operation id="49" st_id="10" stage="1" lat="2">
<core></core>
<MemPortIdVec></MemPortIdVec>
<condition id="-1">
<or_exp><and_exp></and_exp></or_exp>
</condition>

<node id="27" bw="128" op_0_bw="128" op_1_bw="128" op_2_bw="128" op_3_bw="5">
<![CDATA[
.preheader5.preheader.0:22  %cipher_state_17 = call fastcc i128 @Cipher_AddRoundKey(i128 %cipher_state_16, [11 x i128]* %w, i5 4)

]]></node>
<StgValue><ssdm name="cipher_state_17"/></StgValue>
</operation>

<operation id="50" st_id="10" stage="2" lat="2">
<core></core>
<MemPortIdVec></MemPortIdVec>
<condition id="-1">
<or_exp><and_exp></and_exp></or_exp>
</condition>

<node id="28" bw="128" op_0_bw="128" op_1_bw="128">
<![CDATA[
.preheader5.preheader.0:23  %cipher_state_18 = call fastcc i128 @Cipher_SubBytes(i128 %cipher_state_17)

]]></node>
<StgValue><ssdm name="cipher_state_18"/></StgValue>
</operation>
</state>

<state id="11" st_id="11">

<operation id="51" st_id="11" stage="1" lat="2">
<core></core>
<MemPortIdVec></MemPortIdVec>
<condition id="-1">
<or_exp><and_exp></and_exp></or_exp>
</condition>

<node id="28" bw="128" op_0_bw="128" op_1_bw="128">
<![CDATA[
.preheader5.preheader.0:23  %cipher_state_18 = call fastcc i128 @Cipher_SubBytes(i128 %cipher_state_17)

]]></node>
<StgValue><ssdm name="cipher_state_18"/></StgValue>
</operation>

<operation id="52" st_id="11" stage="1" lat="1">
<core></core>
<MemPortIdVec></MemPortIdVec>
<condition id="-1">
<or_exp><and_exp></and_exp></or_exp>
</condition>

<node id="29" bw="128" op_0_bw="128" op_1_bw="128">
<![CDATA[
.preheader5.preheader.0:24  %cipher_state_19 = call fastcc i128 @Cipher_ShiftRows(i128 %cipher_state_18)

]]></node>
<StgValue><ssdm name="cipher_state_19"/></StgValue>
</operation>

<operation id="53" st_id="11" stage="1" lat="1">
<core></core>
<MemPortIdVec></MemPortIdVec>
<condition id="-1">
<or_exp><and_exp></and_exp></or_exp>
</condition>

<node id="30" bw="128" op_0_bw="128" op_1_bw="128">
<![CDATA[
.preheader5.preheader.0:25  %cipher_state_20 = call fastcc i128 @Cipher_MixColumns(i128 %cipher_state_19)

]]></node>
<StgValue><ssdm name="cipher_state_20"/></StgValue>
</operation>

<operation id="54" st_id="11" stage="2" lat="2">
<core></core>
<MemPortIdVec></MemPortIdVec>
<condition id="-1">
<or_exp><and_exp></and_exp></or_exp>
</condition>

<node id="31" bw="128" op_0_bw="128" op_1_bw="128" op_2_bw="128" op_3_bw="5">
<![CDATA[
.preheader5.preheader.0:26  %cipher_state_21 = call fastcc i128 @Cipher_AddRoundKey(i128 %cipher_state_20, [11 x i128]* %w, i5 5)

]]></node>
<StgValue><ssdm name="cipher_state_21"/></StgValue>
</operation>
</state>

<state id="12" st_id="12">

<operation id="55" st_id="12" stage="1" lat="2">
<core></core>
<MemPortIdVec></MemPortIdVec>
<condition id="-1">
<or_exp><and_exp></and_exp></or_exp>
</condition>

<node id="31" bw="128" op_0_bw="128" op_1_bw="128" op_2_bw="128" op_3_bw="5">
<![CDATA[
.preheader5.preheader.0:26  %cipher_state_21 = call fastcc i128 @Cipher_AddRoundKey(i128 %cipher_state_20, [11 x i128]* %w, i5 5)

]]></node>
<StgValue><ssdm name="cipher_state_21"/></StgValue>
</operation>

<operation id="56" st_id="12" stage="2" lat="2">
<core></core>
<MemPortIdVec></MemPortIdVec>
<condition id="-1">
<or_exp><and_exp></and_exp></or_exp>
</condition>

<node id="32" bw="128" op_0_bw="128" op_1_bw="128">
<![CDATA[
.preheader5.preheader.0:27  %cipher_state_22 = call fastcc i128 @Cipher_SubBytes(i128 %cipher_state_21)

]]></node>
<StgValue><ssdm name="cipher_state_22"/></StgValue>
</operation>
</state>

<state id="13" st_id="13">

<operation id="57" st_id="13" stage="1" lat="2">
<core></core>
<MemPortIdVec></MemPortIdVec>
<condition id="-1">
<or_exp><and_exp></and_exp></or_exp>
</condition>

<node id="32" bw="128" op_0_bw="128" op_1_bw="128">
<![CDATA[
.preheader5.preheader.0:27  %cipher_state_22 = call fastcc i128 @Cipher_SubBytes(i128 %cipher_state_21)

]]></node>
<StgValue><ssdm name="cipher_state_22"/></StgValue>
</operation>

<operation id="58" st_id="13" stage="1" lat="1">
<core></core>
<MemPortIdVec></MemPortIdVec>
<condition id="-1">
<or_exp><and_exp></and_exp></or_exp>
</condition>

<node id="33" bw="128" op_0_bw="128" op_1_bw="128">
<![CDATA[
.preheader5.preheader.0:28  %cipher_state_23 = call fastcc i128 @Cipher_ShiftRows(i128 %cipher_state_22)

]]></node>
<StgValue><ssdm name="cipher_state_23"/></StgValue>
</operation>

<operation id="59" st_id="13" stage="1" lat="1">
<core></core>
<MemPortIdVec></MemPortIdVec>
<condition id="-1">
<or_exp><and_exp></and_exp></or_exp>
</condition>

<node id="34" bw="128" op_0_bw="128" op_1_bw="128">
<![CDATA[
.preheader5.preheader.0:29  %cipher_state_24 = call fastcc i128 @Cipher_MixColumns(i128 %cipher_state_23)

]]></node>
<StgValue><ssdm name="cipher_state_24"/></StgValue>
</operation>

<operation id="60" st_id="13" stage="2" lat="2">
<core></core>
<MemPortIdVec></MemPortIdVec>
<condition id="-1">
<or_exp><and_exp></and_exp></or_exp>
</condition>

<node id="35" bw="128" op_0_bw="128" op_1_bw="128" op_2_bw="128" op_3_bw="5">
<![CDATA[
.preheader5.preheader.0:30  %cipher_state_25 = call fastcc i128 @Cipher_AddRoundKey(i128 %cipher_state_24, [11 x i128]* %w, i5 6)

]]></node>
<StgValue><ssdm name="cipher_state_25"/></StgValue>
</operation>
</state>

<state id="14" st_id="14">

<operation id="61" st_id="14" stage="1" lat="2">
<core></core>
<MemPortIdVec></MemPortIdVec>
<condition id="-1">
<or_exp><and_exp></and_exp></or_exp>
</condition>

<node id="35" bw="128" op_0_bw="128" op_1_bw="128" op_2_bw="128" op_3_bw="5">
<![CDATA[
.preheader5.preheader.0:30  %cipher_state_25 = call fastcc i128 @Cipher_AddRoundKey(i128 %cipher_state_24, [11 x i128]* %w, i5 6)

]]></node>
<StgValue><ssdm name="cipher_state_25"/></StgValue>
</operation>

<operation id="62" st_id="14" stage="2" lat="2">
<core></core>
<MemPortIdVec></MemPortIdVec>
<condition id="-1">
<or_exp><and_exp></and_exp></or_exp>
</condition>

<node id="36" bw="128" op_0_bw="128" op_1_bw="128">
<![CDATA[
.preheader5.preheader.0:31  %cipher_state_26 = call fastcc i128 @Cipher_SubBytes(i128 %cipher_state_25)

]]></node>
<StgValue><ssdm name="cipher_state_26"/></StgValue>
</operation>
</state>

<state id="15" st_id="15">

<operation id="63" st_id="15" stage="1" lat="2">
<core></core>
<MemPortIdVec></MemPortIdVec>
<condition id="-1">
<or_exp><and_exp></and_exp></or_exp>
</condition>

<node id="36" bw="128" op_0_bw="128" op_1_bw="128">
<![CDATA[
.preheader5.preheader.0:31  %cipher_state_26 = call fastcc i128 @Cipher_SubBytes(i128 %cipher_state_25)

]]></node>
<StgValue><ssdm name="cipher_state_26"/></StgValue>
</operation>

<operation id="64" st_id="15" stage="1" lat="1">
<core></core>
<MemPortIdVec></MemPortIdVec>
<condition id="-1">
<or_exp><and_exp></and_exp></or_exp>
</condition>

<node id="37" bw="128" op_0_bw="128" op_1_bw="128">
<![CDATA[
.preheader5.preheader.0:32  %cipher_state_27 = call fastcc i128 @Cipher_ShiftRows(i128 %cipher_state_26)

]]></node>
<StgValue><ssdm name="cipher_state_27"/></StgValue>
</operation>

<operation id="65" st_id="15" stage="1" lat="1">
<core></core>
<MemPortIdVec></MemPortIdVec>
<condition id="-1">
<or_exp><and_exp></and_exp></or_exp>
</condition>

<node id="38" bw="128" op_0_bw="128" op_1_bw="128">
<![CDATA[
.preheader5.preheader.0:33  %cipher_state_28 = call fastcc i128 @Cipher_MixColumns(i128 %cipher_state_27)

]]></node>
<StgValue><ssdm name="cipher_state_28"/></StgValue>
</operation>

<operation id="66" st_id="15" stage="2" lat="2">
<core></core>
<MemPortIdVec></MemPortIdVec>
<condition id="-1">
<or_exp><and_exp></and_exp></or_exp>
</condition>

<node id="39" bw="128" op_0_bw="128" op_1_bw="128" op_2_bw="128" op_3_bw="5">
<![CDATA[
.preheader5.preheader.0:34  %cipher_state_29 = call fastcc i128 @Cipher_AddRoundKey(i128 %cipher_state_28, [11 x i128]* %w, i5 7)

]]></node>
<StgValue><ssdm name="cipher_state_29"/></StgValue>
</operation>
</state>

<state id="16" st_id="16">

<operation id="67" st_id="16" stage="1" lat="2">
<core></core>
<MemPortIdVec></MemPortIdVec>
<condition id="-1">
<or_exp><and_exp></and_exp></or_exp>
</condition>

<node id="39" bw="128" op_0_bw="128" op_1_bw="128" op_2_bw="128" op_3_bw="5">
<![CDATA[
.preheader5.preheader.0:34  %cipher_state_29 = call fastcc i128 @Cipher_AddRoundKey(i128 %cipher_state_28, [11 x i128]* %w, i5 7)

]]></node>
<StgValue><ssdm name="cipher_state_29"/></StgValue>
</operation>

<operation id="68" st_id="16" stage="2" lat="2">
<core></core>
<MemPortIdVec></MemPortIdVec>
<condition id="-1">
<or_exp><and_exp></and_exp></or_exp>
</condition>

<node id="40" bw="128" op_0_bw="128" op_1_bw="128">
<![CDATA[
.preheader5.preheader.0:35  %cipher_state_30 = call fastcc i128 @Cipher_SubBytes(i128 %cipher_state_29)

]]></node>
<StgValue><ssdm name="cipher_state_30"/></StgValue>
</operation>
</state>

<state id="17" st_id="17">

<operation id="69" st_id="17" stage="1" lat="2">
<core></core>
<MemPortIdVec></MemPortIdVec>
<condition id="-1">
<or_exp><and_exp></and_exp></or_exp>
</condition>

<node id="40" bw="128" op_0_bw="128" op_1_bw="128">
<![CDATA[
.preheader5.preheader.0:35  %cipher_state_30 = call fastcc i128 @Cipher_SubBytes(i128 %cipher_state_29)

]]></node>
<StgValue><ssdm name="cipher_state_30"/></StgValue>
</operation>

<operation id="70" st_id="17" stage="1" lat="1">
<core></core>
<MemPortIdVec></MemPortIdVec>
<condition id="-1">
<or_exp><and_exp></and_exp></or_exp>
</condition>

<node id="41" bw="128" op_0_bw="128" op_1_bw="128">
<![CDATA[
.preheader5.preheader.0:36  %cipher_state_31 = call fastcc i128 @Cipher_ShiftRows(i128 %cipher_state_30)

]]></node>
<StgValue><ssdm name="cipher_state_31"/></StgValue>
</operation>

<operation id="71" st_id="17" stage="1" lat="1">
<core></core>
<MemPortIdVec></MemPortIdVec>
<condition id="-1">
<or_exp><and_exp></and_exp></or_exp>
</condition>

<node id="42" bw="128" op_0_bw="128" op_1_bw="128">
<![CDATA[
.preheader5.preheader.0:37  %cipher_state_32 = call fastcc i128 @Cipher_MixColumns(i128 %cipher_state_31)

]]></node>
<StgValue><ssdm name="cipher_state_32"/></StgValue>
</operation>

<operation id="72" st_id="17" stage="2" lat="2">
<core></core>
<MemPortIdVec></MemPortIdVec>
<condition id="-1">
<or_exp><and_exp></and_exp></or_exp>
</condition>

<node id="43" bw="128" op_0_bw="128" op_1_bw="128" op_2_bw="128" op_3_bw="5">
<![CDATA[
.preheader5.preheader.0:38  %cipher_state_33 = call fastcc i128 @Cipher_AddRoundKey(i128 %cipher_state_32, [11 x i128]* %w, i5 8)

]]></node>
<StgValue><ssdm name="cipher_state_33"/></StgValue>
</operation>
</state>

<state id="18" st_id="18">

<operation id="73" st_id="18" stage="1" lat="2">
<core></core>
<MemPortIdVec></MemPortIdVec>
<condition id="-1">
<or_exp><and_exp></and_exp></or_exp>
</condition>

<node id="43" bw="128" op_0_bw="128" op_1_bw="128" op_2_bw="128" op_3_bw="5">
<![CDATA[
.preheader5.preheader.0:38  %cipher_state_33 = call fastcc i128 @Cipher_AddRoundKey(i128 %cipher_state_32, [11 x i128]* %w, i5 8)

]]></node>
<StgValue><ssdm name="cipher_state_33"/></StgValue>
</operation>

<operation id="74" st_id="18" stage="2" lat="2">
<core></core>
<MemPortIdVec></MemPortIdVec>
<condition id="-1">
<or_exp><and_exp></and_exp></or_exp>
</condition>

<node id="44" bw="128" op_0_bw="128" op_1_bw="128">
<![CDATA[
.preheader5.preheader.0:39  %cipher_state_34 = call fastcc i128 @Cipher_SubBytes(i128 %cipher_state_33)

]]></node>
<StgValue><ssdm name="cipher_state_34"/></StgValue>
</operation>
</state>

<state id="19" st_id="19">

<operation id="75" st_id="19" stage="1" lat="2">
<core></core>
<MemPortIdVec></MemPortIdVec>
<condition id="-1">
<or_exp><and_exp></and_exp></or_exp>
</condition>

<node id="44" bw="128" op_0_bw="128" op_1_bw="128">
<![CDATA[
.preheader5.preheader.0:39  %cipher_state_34 = call fastcc i128 @Cipher_SubBytes(i128 %cipher_state_33)

]]></node>
<StgValue><ssdm name="cipher_state_34"/></StgValue>
</operation>

<operation id="76" st_id="19" stage="1" lat="1">
<core></core>
<MemPortIdVec></MemPortIdVec>
<condition id="-1">
<or_exp><and_exp></and_exp></or_exp>
</condition>

<node id="45" bw="128" op_0_bw="128" op_1_bw="128">
<![CDATA[
.preheader5.preheader.0:40  %cipher_state35 = call fastcc i128 @Cipher_ShiftRows(i128 %cipher_state_34)

]]></node>
<StgValue><ssdm name="cipher_state35"/></StgValue>
</operation>

<operation id="77" st_id="19" stage="1" lat="1">
<core></core>
<MemPortIdVec></MemPortIdVec>
<condition id="-1">
<or_exp><and_exp></and_exp></or_exp>
</condition>

<node id="46" bw="128" op_0_bw="128" op_1_bw="128">
<![CDATA[
.preheader5.preheader.0:41  %cipher_state_36 = call fastcc i128 @Cipher_MixColumns(i128 %cipher_state35)

]]></node>
<StgValue><ssdm name="cipher_state_36"/></StgValue>
</operation>

<operation id="78" st_id="19" stage="2" lat="2">
<core></core>
<MemPortIdVec></MemPortIdVec>
<condition id="-1">
<or_exp><and_exp></and_exp></or_exp>
</condition>

<node id="47" bw="128" op_0_bw="128" op_1_bw="128" op_2_bw="128" op_3_bw="5">
<![CDATA[
.preheader5.preheader.0:42  %cipher_state_37 = call fastcc i128 @Cipher_AddRoundKey(i128 %cipher_state_36, [11 x i128]* %w, i5 9)

]]></node>
<StgValue><ssdm name="cipher_state_37"/></StgValue>
</operation>
</state>

<state id="20" st_id="20">

<operation id="79" st_id="20" stage="1" lat="2">
<core></core>
<MemPortIdVec></MemPortIdVec>
<condition id="-1">
<or_exp><and_exp></and_exp></or_exp>
</condition>

<node id="47" bw="128" op_0_bw="128" op_1_bw="128" op_2_bw="128" op_3_bw="5">
<![CDATA[
.preheader5.preheader.0:42  %cipher_state_37 = call fastcc i128 @Cipher_AddRoundKey(i128 %cipher_state_36, [11 x i128]* %w, i5 9)

]]></node>
<StgValue><ssdm name="cipher_state_37"/></StgValue>
</operation>

<operation id="80" st_id="20" stage="2" lat="2">
<core></core>
<MemPortIdVec></MemPortIdVec>
<condition id="-1">
<or_exp><and_exp></and_exp></or_exp>
</condition>

<node id="48" bw="128" op_0_bw="128" op_1_bw="128">
<![CDATA[
.preheader5.preheader.0:43  %cipher_state_38 = call fastcc i128 @Cipher_SubBytes(i128 %cipher_state_37)

]]></node>
<StgValue><ssdm name="cipher_state_38"/></StgValue>
</operation>
</state>

<state id="21" st_id="21">

<operation id="81" st_id="21" stage="1" lat="2">
<core></core>
<MemPortIdVec></MemPortIdVec>
<condition id="-1">
<or_exp><and_exp></and_exp></or_exp>
</condition>

<node id="48" bw="128" op_0_bw="128" op_1_bw="128">
<![CDATA[
.preheader5.preheader.0:43  %cipher_state_38 = call fastcc i128 @Cipher_SubBytes(i128 %cipher_state_37)

]]></node>
<StgValue><ssdm name="cipher_state_38"/></StgValue>
</operation>

<operation id="82" st_id="21" stage="1" lat="1">
<core></core>
<MemPortIdVec></MemPortIdVec>
<condition id="-1">
<or_exp><and_exp></and_exp></or_exp>
</condition>

<node id="49" bw="128" op_0_bw="128" op_1_bw="128">
<![CDATA[
.preheader5.preheader.0:44  %cipher_state_39 = call fastcc i128 @Cipher_ShiftRows(i128 %cipher_state_38)

]]></node>
<StgValue><ssdm name="cipher_state_39"/></StgValue>
</operation>

<operation id="83" st_id="21" stage="2" lat="2">
<core></core>
<MemPortIdVec></MemPortIdVec>
<condition id="-1">
<or_exp><and_exp></and_exp></or_exp>
</condition>

<node id="50" bw="128" op_0_bw="128" op_1_bw="128" op_2_bw="128" op_3_bw="5">
<![CDATA[
.preheader5.preheader.0:45  %cipher_state_40 = call fastcc i128 @Cipher_AddRoundKey(i128 %cipher_state_39, [11 x i128]* %w, i5 10)

]]></node>
<StgValue><ssdm name="cipher_state_40"/></StgValue>
</operation>
</state>

<state id="22" st_id="22">

<operation id="84" st_id="22" stage="1" lat="1">
<core>NULL</core>
<MemPortIdVec></MemPortIdVec>
<condition id="-1">
<or_exp><and_exp></and_exp></or_exp>
</condition>

<node id="5" bw="0" op_0_bw="0" op_1_bw="128">
<![CDATA[
.preheader5.preheader.0:0  call void (...)* @_ssdm_op_SpecBitsMap([11 x i128]* %w), !map !7

]]></node>
<StgValue><ssdm name=""/></StgValue>
</operation>

<operation id="85" st_id="22" stage="1" lat="1">
<core>NULL</core>
<MemPortIdVec></MemPortIdVec>
<condition id="-1">
<or_exp><and_exp></and_exp></or_exp>
</condition>

<node id="6" bw="0" op_0_bw="0" op_1_bw="128">
<![CDATA[
.preheader5.preheader.0:1  call void (...)* @_ssdm_op_SpecBitsMap(i128* %out_r), !map !89

]]></node>
<StgValue><ssdm name=""/></StgValue>
</operation>

<operation id="86" st_id="22" stage="1" lat="1">
<core>NULL</core>
<MemPortIdVec></MemPortIdVec>
<condition id="-1">
<or_exp><and_exp></and_exp></or_exp>
</condition>

<node id="7" bw="0" op_0_bw="0" op_1_bw="128">
<![CDATA[
.preheader5.preheader.0:2  call void (...)* @_ssdm_op_SpecBitsMap(i128* %in_r), !map !154

]]></node>
<StgValue><ssdm name=""/></StgValue>
</operation>

<operation id="87" st_id="22" stage="1" lat="1">
<core>NULL</core>
<MemPortIdVec></MemPortIdVec>
<condition id="-1">
<or_exp><and_exp></and_exp></or_exp>
</condition>

<node id="8" bw="0" op_0_bw="0" op_1_bw="8">
<![CDATA[
.preheader5.preheader.0:3  call void (...)* @_ssdm_op_SpecTopModule([7 x i8]* @str) nounwind

]]></node>
<StgValue><ssdm name=""/></StgValue>
</operation>

<operation id="88" st_id="22" stage="1" lat="1">
<core>NULL</core>
<MemPortIdVec></MemPortIdVec>
<condition id="-1">
<or_exp><and_exp></and_exp></or_exp>
</condition>

<node id="9" bw="0" op_0_bw="0" op_1_bw="32" op_2_bw="32" op_3_bw="32" op_4_bw="32" op_5_bw="8">
<![CDATA[
.preheader5.preheader.0:4  call void (...)* @_ssdm_op_SpecPipeline(i32 1, i32 1, i32 1, i32 0, [1 x i8]* @p_str1) nounwind

]]></node>
<StgValue><ssdm name=""/></StgValue>
</operation>

<operation id="89" st_id="22" stage="1" lat="2">
<core></core>
<MemPortIdVec></MemPortIdVec>
<condition id="-1">
<or_exp><and_exp></and_exp></or_exp>
</condition>

<node id="50" bw="128" op_0_bw="128" op_1_bw="128" op_2_bw="128" op_3_bw="5">
<![CDATA[
.preheader5.preheader.0:45  %cipher_state_40 = call fastcc i128 @Cipher_AddRoundKey(i128 %cipher_state_39, [11 x i128]* %w, i5 10)

]]></node>
<StgValue><ssdm name="cipher_state_40"/></StgValue>
</operation>

<operation id="90" st_id="22" stage="1" lat="1">
<core>NULL</core>
<MemPortIdVec></MemPortIdVec>
<condition id="-1">
<or_exp><and_exp></and_exp></or_exp>
</condition>

<node id="51" bw="0" op_0_bw="0" op_1_bw="128" op_2_bw="128">
<![CDATA[
.preheader5.preheader.0:46  call void @_ssdm_op_Write.ap_auto.i128P(i128* %out_r, i128 %cipher_state_40)

]]></node>
<StgValue><ssdm name=""/></StgValue>
</operation>

<operation id="91" st_id="22" stage="1" lat="1">
<core>NULL</core>
<MemPortIdVec></MemPortIdVec>
<condition id="-1">
<or_exp><and_exp></and_exp></or_exp>
</condition>

<node id="52" bw="0">
<![CDATA[
.preheader5.preheader.0:47  ret void

]]></node>
<StgValue><ssdm name=""/></StgValue>
</operation>
</state>
</state_list>


<ports>
</ports>


<dataflows>
</dataflows>


</stg>
