<stg><name>Cipher_ShiftRows</name>


<trans_list>
</trans_list>



<state_list>

<state id="1" st_id="1">

<operation id="2" st_id="1" stage="1" lat="1">
<core>NULL</core>
<MemPortIdVec></MemPortIdVec>
<condition id="-1">
<or_exp><and_exp></and_exp></or_exp>
</condition>

<node id="2" bw="128" op_0_bw="128" op_1_bw="128">
<![CDATA[
:0  %state_i_read_2 = call i128 @_ssdm_op_Read.ap_none.i128(i128 %state_i_read)

]]></node>
<StgValue><ssdm name="state_i_read_2"/></StgValue>
</operation>

<operation id="3" st_id="1" stage="1" lat="1">
<core>NULL</core>
<MemPortIdVec></MemPortIdVec>
<condition id="-1">
<or_exp><and_exp></and_exp></or_exp>
</condition>

<node id="3" bw="0" op_0_bw="0" op_1_bw="32" op_2_bw="8" op_3_bw="32" op_4_bw="32" op_5_bw="32" op_6_bw="32" op_7_bw="8" op_8_bw="8" op_9_bw="8">
<![CDATA[
:1  call void (...)* @_ssdm_op_SpecInterface(i32 0, [13 x i8]* @p_str4, i32 0, i32 0, i32 0, i32 0, [1 x i8]* @p_str1, [1 x i8]* @p_str1, [1 x i8]* @p_str1) nounwind

]]></node>
<StgValue><ssdm name=""/></StgValue>
</operation>

<operation id="4" st_id="1" stage="1" lat="1">
<core>NULL</core>
<MemPortIdVec></MemPortIdVec>
<condition id="-1">
<or_exp><and_exp></and_exp></or_exp>
</condition>

<node id="4" bw="0" op_0_bw="0" op_1_bw="32" op_2_bw="32" op_3_bw="32" op_4_bw="32" op_5_bw="8">
<![CDATA[
:2  call void (...)* @_ssdm_op_SpecPipeline(i32 1, i32 1, i32 1, i32 0, [1 x i8]* @p_str1) nounwind

]]></node>
<StgValue><ssdm name=""/></StgValue>
</operation>

<operation id="5" st_id="1" stage="1" lat="1">
<core>NULL</core>
<MemPortIdVec></MemPortIdVec>
<condition id="-1">
<or_exp><and_exp></and_exp></or_exp>
</condition>

<node id="5" bw="0" op_0_bw="0" op_1_bw="128" op_2_bw="8" op_3_bw="32" op_4_bw="32" op_5_bw="32" op_6_bw="32" op_7_bw="8" op_8_bw="8" op_9_bw="8">
<![CDATA[
:3  call void (...)* @_ssdm_op_SpecInterface(i128 %state_i_read, [8 x i8]* @p_str2, i32 0, i32 0, i32 0, i32 0, [1 x i8]* @p_str1, [1 x i8]* @p_str1, [1 x i8]* @p_str1) nounwind

]]></node>
<StgValue><ssdm name=""/></StgValue>
</operation>

<operation id="6" st_id="1" stage="1" lat="1">
<core>NULL</core>
<MemPortIdVec></MemPortIdVec>
<condition id="-1">
<or_exp><and_exp></and_exp></or_exp>
</condition>

<node id="6" bw="0" op_0_bw="0" op_1_bw="32" op_2_bw="128" op_3_bw="8" op_4_bw="32" op_5_bw="32" op_6_bw="32" op_7_bw="32" op_8_bw="8" op_9_bw="8" op_10_bw="8">
<![CDATA[
:4  call void (...)* @_ssdm_op_SpecInterface(i32 0, i128 %state_i_read, [8 x i8]* @p_str2, i32 0, i32 0, i32 0, i32 0, [1 x i8]* @p_str1, [1 x i8]* @p_str1, [1 x i8]* @p_str1)

]]></node>
<StgValue><ssdm name=""/></StgValue>
</operation>

<operation id="7" st_id="1" stage="1" lat="1">
<core>NULL</core>
<MemPortIdVec></MemPortIdVec>
<condition id="-1">
<or_exp><and_exp></and_exp></or_exp>
</condition>

<node id="7" bw="8" op_0_bw="8" op_1_bw="128" op_2_bw="32" op_3_bw="32">
<![CDATA[
:5  %tmp = call i8 @_ssdm_op_PartSelect.i8.i128.i32.i32(i128 %state_i_read_2, i32 40, i32 47)

]]></node>
<StgValue><ssdm name="tmp"/></StgValue>
</operation>

<operation id="8" st_id="1" stage="1" lat="1">
<core>NULL</core>
<MemPortIdVec></MemPortIdVec>
<condition id="-1">
<or_exp><and_exp></and_exp></or_exp>
</condition>

<node id="8" bw="8" op_0_bw="8" op_1_bw="128" op_2_bw="32" op_3_bw="32">
<![CDATA[
:6  %tmp_s = call i8 @_ssdm_op_PartSelect.i8.i128.i32.i32(i128 %state_i_read_2, i32 72, i32 79)

]]></node>
<StgValue><ssdm name="tmp_s"/></StgValue>
</operation>

<operation id="9" st_id="1" stage="1" lat="1">
<core>NULL</core>
<MemPortIdVec></MemPortIdVec>
<condition id="-1">
<or_exp><and_exp></and_exp></or_exp>
</condition>

<node id="9" bw="8" op_0_bw="8" op_1_bw="128" op_2_bw="32" op_3_bw="32">
<![CDATA[
:7  %tmp_16 = call i8 @_ssdm_op_PartSelect.i8.i128.i32.i32(i128 %state_i_read_2, i32 104, i32 111)

]]></node>
<StgValue><ssdm name="tmp_16"/></StgValue>
</operation>

<operation id="10" st_id="1" stage="1" lat="1">
<core>NULL</core>
<MemPortIdVec></MemPortIdVec>
<condition id="-1">
<or_exp><and_exp></and_exp></or_exp>
</condition>

<node id="10" bw="32" op_0_bw="128">
<![CDATA[
:8  %tmp_12 = trunc i128 %state_i_read_2 to i32

]]></node>
<StgValue><ssdm name="tmp_12"/></StgValue>
</operation>

<operation id="11" st_id="1" stage="1" lat="1">
<core>NULL</core>
<MemPortIdVec></MemPortIdVec>
<condition id="-1">
<or_exp><and_exp></and_exp></or_exp>
</condition>

<node id="11" bw="8" op_0_bw="8" op_1_bw="128" op_2_bw="32" op_3_bw="32">
<![CDATA[
:9  %tmp_17 = call i8 @_ssdm_op_PartSelect.i8.i128.i32.i32(i128 %state_i_read_2, i32 8, i32 15)

]]></node>
<StgValue><ssdm name="tmp_17"/></StgValue>
</operation>

<operation id="12" st_id="1" stage="1" lat="1">
<core>NULL</core>
<MemPortIdVec></MemPortIdVec>
<condition id="-1">
<or_exp><and_exp></and_exp></or_exp>
</condition>

<node id="12" bw="32" op_0_bw="32" op_1_bw="128" op_2_bw="32" op_3_bw="32">
<![CDATA[
:10  %tmp_18 = call i32 @_ssdm_op_PartSelect.i32.i128.i32.i32(i128 %state_i_read_2, i32 32, i32 63)

]]></node>
<StgValue><ssdm name="tmp_18"/></StgValue>
</operation>

<operation id="13" st_id="1" stage="1" lat="1">
<core>NULL</core>
<MemPortIdVec></MemPortIdVec>
<condition id="-1">
<or_exp><and_exp></and_exp></or_exp>
</condition>

<node id="13" bw="32" op_0_bw="32" op_1_bw="128" op_2_bw="32" op_3_bw="32">
<![CDATA[
:11  %tmp_19 = call i32 @_ssdm_op_PartSelect.i32.i128.i32.i32(i128 %state_i_read_2, i32 64, i32 95)

]]></node>
<StgValue><ssdm name="tmp_19"/></StgValue>
</operation>

<operation id="14" st_id="1" stage="1" lat="1">
<core>NULL</core>
<MemPortIdVec></MemPortIdVec>
<condition id="-1">
<or_exp><and_exp></and_exp></or_exp>
</condition>

<node id="14" bw="32" op_0_bw="32" op_1_bw="128" op_2_bw="32" op_3_bw="32">
<![CDATA[
:12  %tmp_20 = call i32 @_ssdm_op_PartSelect.i32.i128.i32.i32(i128 %state_i_read_2, i32 96, i32 127)

]]></node>
<StgValue><ssdm name="tmp_20"/></StgValue>
</operation>

<operation id="15" st_id="1" stage="1" lat="1">
<core>NULL</core>
<MemPortIdVec></MemPortIdVec>
<condition id="-1">
<or_exp><and_exp></and_exp></or_exp>
</condition>

<node id="15" bw="8" op_0_bw="8" op_1_bw="128" op_2_bw="32" op_3_bw="32">
<![CDATA[
:13  %tmp_21 = call i8 @_ssdm_op_PartSelect.i8.i128.i32.i32(i128 %state_i_read_2, i32 80, i32 87)

]]></node>
<StgValue><ssdm name="tmp_21"/></StgValue>
</operation>

<operation id="16" st_id="1" stage="1" lat="1">
<core>NULL</core>
<MemPortIdVec></MemPortIdVec>
<condition id="-1">
<or_exp><and_exp></and_exp></or_exp>
</condition>

<node id="16" bw="8" op_0_bw="8" op_1_bw="128" op_2_bw="32" op_3_bw="32">
<![CDATA[
:14  %tmp_22 = call i8 @_ssdm_op_PartSelect.i8.i128.i32.i32(i128 %state_i_read_2, i32 112, i32 119)

]]></node>
<StgValue><ssdm name="tmp_22"/></StgValue>
</operation>

<operation id="17" st_id="1" stage="1" lat="1">
<core>NULL</core>
<MemPortIdVec></MemPortIdVec>
<condition id="-1">
<or_exp><and_exp></and_exp></or_exp>
</condition>

<node id="17" bw="8" op_0_bw="8" op_1_bw="128" op_2_bw="32" op_3_bw="32">
<![CDATA[
:15  %tmp_23 = call i8 @_ssdm_op_PartSelect.i8.i128.i32.i32(i128 %state_i_read_2, i32 16, i32 23)

]]></node>
<StgValue><ssdm name="tmp_23"/></StgValue>
</operation>

<operation id="18" st_id="1" stage="1" lat="1">
<core>NULL</core>
<MemPortIdVec></MemPortIdVec>
<condition id="-1">
<or_exp><and_exp></and_exp></or_exp>
</condition>

<node id="18" bw="8" op_0_bw="8" op_1_bw="128" op_2_bw="32" op_3_bw="32">
<![CDATA[
:16  %tmp_24 = call i8 @_ssdm_op_PartSelect.i8.i128.i32.i32(i128 %state_i_read_2, i32 48, i32 55)

]]></node>
<StgValue><ssdm name="tmp_24"/></StgValue>
</operation>

<operation id="19" st_id="1" stage="1" lat="1">
<core>NULL</core>
<MemPortIdVec></MemPortIdVec>
<condition id="-1">
<or_exp><and_exp></and_exp></or_exp>
</condition>

<node id="19" bw="8" op_0_bw="8" op_1_bw="128" op_2_bw="32" op_3_bw="32">
<![CDATA[
:17  %tmp_25 = call i8 @_ssdm_op_PartSelect.i8.i128.i32.i32(i128 %state_i_read_2, i32 120, i32 127)

]]></node>
<StgValue><ssdm name="tmp_25"/></StgValue>
</operation>

<operation id="20" st_id="1" stage="1" lat="1">
<core>NULL</core>
<MemPortIdVec></MemPortIdVec>
<condition id="-1">
<or_exp><and_exp></and_exp></or_exp>
</condition>

<node id="20" bw="8" op_0_bw="8" op_1_bw="128" op_2_bw="32" op_3_bw="32">
<![CDATA[
:18  %tmp_26 = call i8 @_ssdm_op_PartSelect.i8.i128.i32.i32(i128 %state_i_read_2, i32 24, i32 31)

]]></node>
<StgValue><ssdm name="tmp_26"/></StgValue>
</operation>

<operation id="21" st_id="1" stage="1" lat="1">
<core>NULL</core>
<MemPortIdVec></MemPortIdVec>
<condition id="-1">
<or_exp><and_exp></and_exp></or_exp>
</condition>

<node id="21" bw="8" op_0_bw="8" op_1_bw="128" op_2_bw="32" op_3_bw="32">
<![CDATA[
:19  %tmp_27 = call i8 @_ssdm_op_PartSelect.i8.i128.i32.i32(i128 %state_i_read_2, i32 56, i32 63)

]]></node>
<StgValue><ssdm name="tmp_27"/></StgValue>
</operation>

<operation id="22" st_id="1" stage="1" lat="1">
<core>NULL</core>
<MemPortIdVec></MemPortIdVec>
<condition id="-1">
<or_exp><and_exp></and_exp></or_exp>
</condition>

<node id="22" bw="8" op_0_bw="8" op_1_bw="128" op_2_bw="32" op_3_bw="32">
<![CDATA[
:20  %tmp_28 = call i8 @_ssdm_op_PartSelect.i8.i128.i32.i32(i128 %state_i_read_2, i32 88, i32 95)

]]></node>
<StgValue><ssdm name="tmp_28"/></StgValue>
</operation>

<operation id="23" st_id="1" stage="1" lat="1">
<core>NULL</core>
<MemPortIdVec></MemPortIdVec>
<condition id="-1">
<or_exp><and_exp></and_exp></or_exp>
</condition>

<node id="23" bw="24" op_0_bw="24" op_1_bw="8" op_2_bw="8" op_3_bw="8">
<![CDATA[
:21  %tmp_29 = call i24 @_ssdm_op_BitConcatenate.i24.i8.i8.i8(i8 %tmp_25, i8 %tmp_21, i8 %tmp)

]]></node>
<StgValue><ssdm name="tmp_29"/></StgValue>
</operation>

<operation id="24" st_id="1" stage="1" lat="1">
<core>NULL</core>
<MemPortIdVec></MemPortIdVec>
<condition id="-1">
<or_exp><and_exp></and_exp></or_exp>
</condition>

<node id="24" bw="32" op_0_bw="32" op_1_bw="32" op_2_bw="24" op_3_bw="32" op_4_bw="32">
<![CDATA[
:22  %tmp_30 = call i32 @_ssdm_op_PartSet.i32.i32.i24.i32.i32(i32 %tmp_12, i24 %tmp_29, i32 8, i32 31)

]]></node>
<StgValue><ssdm name="tmp_30"/></StgValue>
</operation>

<operation id="25" st_id="1" stage="1" lat="1">
<core>NULL</core>
<MemPortIdVec></MemPortIdVec>
<condition id="-1">
<or_exp><and_exp></and_exp></or_exp>
</condition>

<node id="25" bw="24" op_0_bw="24" op_1_bw="8" op_2_bw="8" op_3_bw="8">
<![CDATA[
:23  %tmp_31 = call i24 @_ssdm_op_BitConcatenate.i24.i8.i8.i8(i8 %tmp_26, i8 %tmp_22, i8 %tmp_s)

]]></node>
<StgValue><ssdm name="tmp_31"/></StgValue>
</operation>

<operation id="26" st_id="1" stage="1" lat="1">
<core>NULL</core>
<MemPortIdVec></MemPortIdVec>
<condition id="-1">
<or_exp><and_exp></and_exp></or_exp>
</condition>

<node id="26" bw="32" op_0_bw="32" op_1_bw="32" op_2_bw="24" op_3_bw="32" op_4_bw="32">
<![CDATA[
:24  %tmp_32 = call i32 @_ssdm_op_PartSet.i32.i32.i24.i32.i32(i32 %tmp_18, i24 %tmp_31, i32 8, i32 31)

]]></node>
<StgValue><ssdm name="tmp_32"/></StgValue>
</operation>

<operation id="27" st_id="1" stage="1" lat="1">
<core>NULL</core>
<MemPortIdVec></MemPortIdVec>
<condition id="-1">
<or_exp><and_exp></and_exp></or_exp>
</condition>

<node id="27" bw="24" op_0_bw="24" op_1_bw="8" op_2_bw="8" op_3_bw="8">
<![CDATA[
:25  %tmp_33 = call i24 @_ssdm_op_BitConcatenate.i24.i8.i8.i8(i8 %tmp_27, i8 %tmp_23, i8 %tmp_16)

]]></node>
<StgValue><ssdm name="tmp_33"/></StgValue>
</operation>

<operation id="28" st_id="1" stage="1" lat="1">
<core>NULL</core>
<MemPortIdVec></MemPortIdVec>
<condition id="-1">
<or_exp><and_exp></and_exp></or_exp>
</condition>

<node id="28" bw="32" op_0_bw="32" op_1_bw="32" op_2_bw="24" op_3_bw="32" op_4_bw="32">
<![CDATA[
:26  %tmp_34 = call i32 @_ssdm_op_PartSet.i32.i32.i24.i32.i32(i32 %tmp_19, i24 %tmp_33, i32 8, i32 31)

]]></node>
<StgValue><ssdm name="tmp_34"/></StgValue>
</operation>

<operation id="29" st_id="1" stage="1" lat="1">
<core>NULL</core>
<MemPortIdVec></MemPortIdVec>
<condition id="-1">
<or_exp><and_exp></and_exp></or_exp>
</condition>

<node id="29" bw="24" op_0_bw="24" op_1_bw="8" op_2_bw="8" op_3_bw="8">
<![CDATA[
:27  %tmp_35 = call i24 @_ssdm_op_BitConcatenate.i24.i8.i8.i8(i8 %tmp_28, i8 %tmp_24, i8 %tmp_17)

]]></node>
<StgValue><ssdm name="tmp_35"/></StgValue>
</operation>

<operation id="30" st_id="1" stage="1" lat="1">
<core>NULL</core>
<MemPortIdVec></MemPortIdVec>
<condition id="-1">
<or_exp><and_exp></and_exp></or_exp>
</condition>

<node id="30" bw="32" op_0_bw="32" op_1_bw="32" op_2_bw="24" op_3_bw="32" op_4_bw="32">
<![CDATA[
:28  %tmp_36 = call i32 @_ssdm_op_PartSet.i32.i32.i24.i32.i32(i32 %tmp_20, i24 %tmp_35, i32 8, i32 31)

]]></node>
<StgValue><ssdm name="tmp_36"/></StgValue>
</operation>

<operation id="31" st_id="1" stage="1" lat="1">
<core>NULL</core>
<MemPortIdVec></MemPortIdVec>
<condition id="-1">
<or_exp><and_exp></and_exp></or_exp>
</condition>

<node id="31" bw="128" op_0_bw="128" op_1_bw="32" op_2_bw="32" op_3_bw="32" op_4_bw="32">
<![CDATA[
:29  %tmp_37 = call i128 @_ssdm_op_BitConcatenate.i128.i32.i32.i32.i32(i32 %tmp_36, i32 %tmp_34, i32 %tmp_32, i32 %tmp_30)

]]></node>
<StgValue><ssdm name="tmp_37"/></StgValue>
</operation>

<operation id="32" st_id="1" stage="1" lat="1">
<core>NULL</core>
<MemPortIdVec></MemPortIdVec>
<condition id="-1">
<or_exp><and_exp></and_exp></or_exp>
</condition>

<node id="32" bw="0" op_0_bw="128">
<![CDATA[
:30  ret i128 %tmp_37

]]></node>
<StgValue><ssdm name=""/></StgValue>
</operation>
</state>
</state_list>


<ports>
</ports>


<dataflows>
</dataflows>


</stg>
