<stg><name>Cipher_MixColumns</name>


<trans_list>
</trans_list>



<state_list>

<state id="1" st_id="1">

<operation id="2" st_id="1" stage="1" lat="1">
<core>NULL</core>
<MemPortIdVec></MemPortIdVec>
<condition id="-1">
<or_exp><and_exp></and_exp></or_exp>
</condition>

<node id="2" bw="128" op_0_bw="128" op_1_bw="128">
<![CDATA[
:0  %state_i_read_3 = call i128 @_ssdm_op_Read.ap_none.i128(i128 %state_i_read)

]]></node>
<StgValue><ssdm name="state_i_read_3"/></StgValue>
</operation>

<operation id="3" st_id="1" stage="1" lat="1">
<core>NULL</core>
<MemPortIdVec></MemPortIdVec>
<condition id="-1">
<or_exp><and_exp></and_exp></or_exp>
</condition>

<node id="3" bw="0" op_0_bw="0" op_1_bw="128" op_2_bw="8" op_3_bw="32" op_4_bw="32" op_5_bw="32" op_6_bw="32" op_7_bw="8" op_8_bw="8" op_9_bw="8">
<![CDATA[
:1  call void (...)* @_ssdm_op_SpecInterface(i128 %state_i_read, [8 x i8]* @p_str2, i32 0, i32 0, i32 0, i32 0, [1 x i8]* @p_str1, [1 x i8]* @p_str1, [1 x i8]* @p_str1) nounwind

]]></node>
<StgValue><ssdm name=""/></StgValue>
</operation>

<operation id="4" st_id="1" stage="1" lat="1">
<core>NULL</core>
<MemPortIdVec></MemPortIdVec>
<condition id="-1">
<or_exp><and_exp></and_exp></or_exp>
</condition>

<node id="4" bw="0" op_0_bw="0" op_1_bw="32" op_2_bw="128" op_3_bw="8" op_4_bw="32" op_5_bw="32" op_6_bw="32" op_7_bw="32" op_8_bw="8" op_9_bw="8" op_10_bw="8">
<![CDATA[
:2  call void (...)* @_ssdm_op_SpecInterface(i32 0, i128 %state_i_read, [8 x i8]* @p_str2, i32 0, i32 0, i32 0, i32 0, [1 x i8]* @p_str1, [1 x i8]* @p_str1, [1 x i8]* @p_str1)

]]></node>
<StgValue><ssdm name=""/></StgValue>
</operation>

<operation id="5" st_id="1" stage="1" lat="1">
<core>NULL</core>
<MemPortIdVec></MemPortIdVec>
<condition id="-1">
<or_exp><and_exp></and_exp></or_exp>
</condition>

<node id="5" bw="0" op_0_bw="0" op_1_bw="32" op_2_bw="8" op_3_bw="32" op_4_bw="32" op_5_bw="32" op_6_bw="32" op_7_bw="8" op_8_bw="8" op_9_bw="8">
<![CDATA[
:3  call void (...)* @_ssdm_op_SpecInterface(i32 0, [13 x i8]* @p_str4, i32 0, i32 0, i32 0, i32 0, [1 x i8]* @p_str1, [1 x i8]* @p_str1, [1 x i8]* @p_str1) nounwind

]]></node>
<StgValue><ssdm name=""/></StgValue>
</operation>

<operation id="6" st_id="1" stage="1" lat="1">
<core>NULL</core>
<MemPortIdVec></MemPortIdVec>
<condition id="-1">
<or_exp><and_exp></and_exp></or_exp>
</condition>

<node id="6" bw="0" op_0_bw="0" op_1_bw="32" op_2_bw="32" op_3_bw="32" op_4_bw="32" op_5_bw="8">
<![CDATA[
:4  call void (...)* @_ssdm_op_SpecPipeline(i32 1, i32 1, i32 1, i32 0, [1 x i8]* @p_str1) nounwind

]]></node>
<StgValue><ssdm name=""/></StgValue>
</operation>

<operation id="7" st_id="1" stage="1" lat="1">
<core>NULL</core>
<MemPortIdVec></MemPortIdVec>
<condition id="-1">
<or_exp><and_exp></and_exp></or_exp>
</condition>

<node id="7" bw="8" op_0_bw="128">
<![CDATA[
:5  %B_0 = trunc i128 %state_i_read_3 to i8

]]></node>
<StgValue><ssdm name="B_0"/></StgValue>
</operation>

<operation id="8" st_id="1" stage="1" lat="1">
<core>NULL</core>
<MemPortIdVec></MemPortIdVec>
<condition id="-1">
<or_exp><and_exp></and_exp></or_exp>
</condition>

<node id="8" bw="8" op_0_bw="8" op_1_bw="128" op_2_bw="32" op_3_bw="32">
<![CDATA[
:6  %B_1 = call i8 @_ssdm_op_PartSelect.i8.i128.i32.i32(i128 %state_i_read_3, i32 8, i32 15)

]]></node>
<StgValue><ssdm name="B_1"/></StgValue>
</operation>

<operation id="9" st_id="1" stage="1" lat="1">
<core>NULL</core>
<MemPortIdVec></MemPortIdVec>
<condition id="-1">
<or_exp><and_exp></and_exp></or_exp>
</condition>

<node id="9" bw="8" op_0_bw="8" op_1_bw="128" op_2_bw="32" op_3_bw="32">
<![CDATA[
:7  %B_2 = call i8 @_ssdm_op_PartSelect.i8.i128.i32.i32(i128 %state_i_read_3, i32 16, i32 23)

]]></node>
<StgValue><ssdm name="B_2"/></StgValue>
</operation>

<operation id="10" st_id="1" stage="1" lat="1">
<core>NULL</core>
<MemPortIdVec></MemPortIdVec>
<condition id="-1">
<or_exp><and_exp></and_exp></or_exp>
</condition>

<node id="10" bw="8" op_0_bw="8" op_1_bw="128" op_2_bw="32" op_3_bw="32">
<![CDATA[
:8  %B_3 = call i8 @_ssdm_op_PartSelect.i8.i128.i32.i32(i128 %state_i_read_3, i32 24, i32 31)

]]></node>
<StgValue><ssdm name="B_3"/></StgValue>
</operation>

<operation id="11" st_id="1" stage="1" lat="1">
<core></core>
<MemPortIdVec></MemPortIdVec>
<condition id="-1">
<or_exp><and_exp></and_exp></or_exp>
</condition>

<node id="11" bw="32" op_0_bw="32" op_1_bw="8" op_2_bw="8" op_3_bw="8" op_4_bw="8">
<![CDATA[
:9  %call_ret1 = call fastcc { i8, i8, i8, i8 } @Cipher_Four_Term_Multiplication(i8 %B_0, i8 %B_1, i8 %B_2, i8 %B_3)

]]></node>
<StgValue><ssdm name="call_ret1"/></StgValue>
</operation>

<operation id="12" st_id="1" stage="1" lat="1">
<core>NULL</core>
<MemPortIdVec></MemPortIdVec>
<condition id="-1">
<or_exp><and_exp></and_exp></or_exp>
</condition>

<node id="12" bw="8" op_0_bw="32">
<![CDATA[
:10  %temp_0 = extractvalue { i8, i8, i8, i8 } %call_ret1, 0

]]></node>
<StgValue><ssdm name="temp_0"/></StgValue>
</operation>

<operation id="13" st_id="1" stage="1" lat="1">
<core>NULL</core>
<MemPortIdVec></MemPortIdVec>
<condition id="-1">
<or_exp><and_exp></and_exp></or_exp>
</condition>

<node id="13" bw="8" op_0_bw="32">
<![CDATA[
:11  %temp_1 = extractvalue { i8, i8, i8, i8 } %call_ret1, 1

]]></node>
<StgValue><ssdm name="temp_1"/></StgValue>
</operation>

<operation id="14" st_id="1" stage="1" lat="1">
<core>NULL</core>
<MemPortIdVec></MemPortIdVec>
<condition id="-1">
<or_exp><and_exp></and_exp></or_exp>
</condition>

<node id="14" bw="8" op_0_bw="32">
<![CDATA[
:12  %temp_2 = extractvalue { i8, i8, i8, i8 } %call_ret1, 2

]]></node>
<StgValue><ssdm name="temp_2"/></StgValue>
</operation>

<operation id="15" st_id="1" stage="1" lat="1">
<core>NULL</core>
<MemPortIdVec></MemPortIdVec>
<condition id="-1">
<or_exp><and_exp></and_exp></or_exp>
</condition>

<node id="15" bw="8" op_0_bw="32">
<![CDATA[
:13  %temp_3 = extractvalue { i8, i8, i8, i8 } %call_ret1, 3

]]></node>
<StgValue><ssdm name="temp_3"/></StgValue>
</operation>

<operation id="16" st_id="1" stage="1" lat="1">
<core>NULL</core>
<MemPortIdVec></MemPortIdVec>
<condition id="-1">
<or_exp><and_exp></and_exp></or_exp>
</condition>

<node id="16" bw="8" op_0_bw="8" op_1_bw="128" op_2_bw="32" op_3_bw="32">
<![CDATA[
:14  %B_0_1 = call i8 @_ssdm_op_PartSelect.i8.i128.i32.i32(i128 %state_i_read_3, i32 32, i32 39)

]]></node>
<StgValue><ssdm name="B_0_1"/></StgValue>
</operation>

<operation id="17" st_id="1" stage="1" lat="1">
<core>NULL</core>
<MemPortIdVec></MemPortIdVec>
<condition id="-1">
<or_exp><and_exp></and_exp></or_exp>
</condition>

<node id="17" bw="8" op_0_bw="8" op_1_bw="128" op_2_bw="32" op_3_bw="32">
<![CDATA[
:15  %B_1_1 = call i8 @_ssdm_op_PartSelect.i8.i128.i32.i32(i128 %state_i_read_3, i32 40, i32 47)

]]></node>
<StgValue><ssdm name="B_1_1"/></StgValue>
</operation>

<operation id="18" st_id="1" stage="1" lat="1">
<core>NULL</core>
<MemPortIdVec></MemPortIdVec>
<condition id="-1">
<or_exp><and_exp></and_exp></or_exp>
</condition>

<node id="18" bw="8" op_0_bw="8" op_1_bw="128" op_2_bw="32" op_3_bw="32">
<![CDATA[
:16  %B_2_1 = call i8 @_ssdm_op_PartSelect.i8.i128.i32.i32(i128 %state_i_read_3, i32 48, i32 55)

]]></node>
<StgValue><ssdm name="B_2_1"/></StgValue>
</operation>

<operation id="19" st_id="1" stage="1" lat="1">
<core>NULL</core>
<MemPortIdVec></MemPortIdVec>
<condition id="-1">
<or_exp><and_exp></and_exp></or_exp>
</condition>

<node id="19" bw="8" op_0_bw="8" op_1_bw="128" op_2_bw="32" op_3_bw="32">
<![CDATA[
:17  %B_3_1 = call i8 @_ssdm_op_PartSelect.i8.i128.i32.i32(i128 %state_i_read_3, i32 56, i32 63)

]]></node>
<StgValue><ssdm name="B_3_1"/></StgValue>
</operation>

<operation id="20" st_id="1" stage="1" lat="1">
<core></core>
<MemPortIdVec></MemPortIdVec>
<condition id="-1">
<or_exp><and_exp></and_exp></or_exp>
</condition>

<node id="20" bw="32" op_0_bw="32" op_1_bw="8" op_2_bw="8" op_3_bw="8" op_4_bw="8">
<![CDATA[
:18  %call_ret2 = call fastcc { i8, i8, i8, i8 } @Cipher_Four_Term_Multiplication(i8 %B_0_1, i8 %B_1_1, i8 %B_2_1, i8 %B_3_1)

]]></node>
<StgValue><ssdm name="call_ret2"/></StgValue>
</operation>

<operation id="21" st_id="1" stage="1" lat="1">
<core>NULL</core>
<MemPortIdVec></MemPortIdVec>
<condition id="-1">
<or_exp><and_exp></and_exp></or_exp>
</condition>

<node id="21" bw="8" op_0_bw="32">
<![CDATA[
:19  %temp_0_1 = extractvalue { i8, i8, i8, i8 } %call_ret2, 0

]]></node>
<StgValue><ssdm name="temp_0_1"/></StgValue>
</operation>

<operation id="22" st_id="1" stage="1" lat="1">
<core>NULL</core>
<MemPortIdVec></MemPortIdVec>
<condition id="-1">
<or_exp><and_exp></and_exp></or_exp>
</condition>

<node id="22" bw="8" op_0_bw="32">
<![CDATA[
:20  %temp_1_1 = extractvalue { i8, i8, i8, i8 } %call_ret2, 1

]]></node>
<StgValue><ssdm name="temp_1_1"/></StgValue>
</operation>

<operation id="23" st_id="1" stage="1" lat="1">
<core>NULL</core>
<MemPortIdVec></MemPortIdVec>
<condition id="-1">
<or_exp><and_exp></and_exp></or_exp>
</condition>

<node id="23" bw="8" op_0_bw="32">
<![CDATA[
:21  %temp_2_1 = extractvalue { i8, i8, i8, i8 } %call_ret2, 2

]]></node>
<StgValue><ssdm name="temp_2_1"/></StgValue>
</operation>

<operation id="24" st_id="1" stage="1" lat="1">
<core>NULL</core>
<MemPortIdVec></MemPortIdVec>
<condition id="-1">
<or_exp><and_exp></and_exp></or_exp>
</condition>

<node id="24" bw="8" op_0_bw="32">
<![CDATA[
:22  %temp_3_1 = extractvalue { i8, i8, i8, i8 } %call_ret2, 3

]]></node>
<StgValue><ssdm name="temp_3_1"/></StgValue>
</operation>

<operation id="25" st_id="1" stage="1" lat="1">
<core>NULL</core>
<MemPortIdVec></MemPortIdVec>
<condition id="-1">
<or_exp><and_exp></and_exp></or_exp>
</condition>

<node id="25" bw="8" op_0_bw="8" op_1_bw="128" op_2_bw="32" op_3_bw="32">
<![CDATA[
:23  %B_0_2 = call i8 @_ssdm_op_PartSelect.i8.i128.i32.i32(i128 %state_i_read_3, i32 64, i32 71)

]]></node>
<StgValue><ssdm name="B_0_2"/></StgValue>
</operation>

<operation id="26" st_id="1" stage="1" lat="1">
<core>NULL</core>
<MemPortIdVec></MemPortIdVec>
<condition id="-1">
<or_exp><and_exp></and_exp></or_exp>
</condition>

<node id="26" bw="8" op_0_bw="8" op_1_bw="128" op_2_bw="32" op_3_bw="32">
<![CDATA[
:24  %B_1_2 = call i8 @_ssdm_op_PartSelect.i8.i128.i32.i32(i128 %state_i_read_3, i32 72, i32 79)

]]></node>
<StgValue><ssdm name="B_1_2"/></StgValue>
</operation>

<operation id="27" st_id="1" stage="1" lat="1">
<core>NULL</core>
<MemPortIdVec></MemPortIdVec>
<condition id="-1">
<or_exp><and_exp></and_exp></or_exp>
</condition>

<node id="27" bw="8" op_0_bw="8" op_1_bw="128" op_2_bw="32" op_3_bw="32">
<![CDATA[
:25  %B_2_2 = call i8 @_ssdm_op_PartSelect.i8.i128.i32.i32(i128 %state_i_read_3, i32 80, i32 87)

]]></node>
<StgValue><ssdm name="B_2_2"/></StgValue>
</operation>

<operation id="28" st_id="1" stage="1" lat="1">
<core>NULL</core>
<MemPortIdVec></MemPortIdVec>
<condition id="-1">
<or_exp><and_exp></and_exp></or_exp>
</condition>

<node id="28" bw="8" op_0_bw="8" op_1_bw="128" op_2_bw="32" op_3_bw="32">
<![CDATA[
:26  %B_3_2 = call i8 @_ssdm_op_PartSelect.i8.i128.i32.i32(i128 %state_i_read_3, i32 88, i32 95)

]]></node>
<StgValue><ssdm name="B_3_2"/></StgValue>
</operation>

<operation id="29" st_id="1" stage="1" lat="1">
<core></core>
<MemPortIdVec></MemPortIdVec>
<condition id="-1">
<or_exp><and_exp></and_exp></or_exp>
</condition>

<node id="29" bw="32" op_0_bw="32" op_1_bw="8" op_2_bw="8" op_3_bw="8" op_4_bw="8">
<![CDATA[
:27  %call_ret3 = call fastcc { i8, i8, i8, i8 } @Cipher_Four_Term_Multiplication(i8 %B_0_2, i8 %B_1_2, i8 %B_2_2, i8 %B_3_2)

]]></node>
<StgValue><ssdm name="call_ret3"/></StgValue>
</operation>

<operation id="30" st_id="1" stage="1" lat="1">
<core>NULL</core>
<MemPortIdVec></MemPortIdVec>
<condition id="-1">
<or_exp><and_exp></and_exp></or_exp>
</condition>

<node id="30" bw="8" op_0_bw="32">
<![CDATA[
:28  %temp_0_2 = extractvalue { i8, i8, i8, i8 } %call_ret3, 0

]]></node>
<StgValue><ssdm name="temp_0_2"/></StgValue>
</operation>

<operation id="31" st_id="1" stage="1" lat="1">
<core>NULL</core>
<MemPortIdVec></MemPortIdVec>
<condition id="-1">
<or_exp><and_exp></and_exp></or_exp>
</condition>

<node id="31" bw="8" op_0_bw="32">
<![CDATA[
:29  %temp_1_2 = extractvalue { i8, i8, i8, i8 } %call_ret3, 1

]]></node>
<StgValue><ssdm name="temp_1_2"/></StgValue>
</operation>

<operation id="32" st_id="1" stage="1" lat="1">
<core>NULL</core>
<MemPortIdVec></MemPortIdVec>
<condition id="-1">
<or_exp><and_exp></and_exp></or_exp>
</condition>

<node id="32" bw="8" op_0_bw="32">
<![CDATA[
:30  %temp_2_2 = extractvalue { i8, i8, i8, i8 } %call_ret3, 2

]]></node>
<StgValue><ssdm name="temp_2_2"/></StgValue>
</operation>

<operation id="33" st_id="1" stage="1" lat="1">
<core>NULL</core>
<MemPortIdVec></MemPortIdVec>
<condition id="-1">
<or_exp><and_exp></and_exp></or_exp>
</condition>

<node id="33" bw="8" op_0_bw="32">
<![CDATA[
:31  %temp_3_2 = extractvalue { i8, i8, i8, i8 } %call_ret3, 3

]]></node>
<StgValue><ssdm name="temp_3_2"/></StgValue>
</operation>

<operation id="34" st_id="1" stage="1" lat="1">
<core>NULL</core>
<MemPortIdVec></MemPortIdVec>
<condition id="-1">
<or_exp><and_exp></and_exp></or_exp>
</condition>

<node id="34" bw="8" op_0_bw="8" op_1_bw="128" op_2_bw="32" op_3_bw="32">
<![CDATA[
:32  %B_0_3 = call i8 @_ssdm_op_PartSelect.i8.i128.i32.i32(i128 %state_i_read_3, i32 96, i32 103)

]]></node>
<StgValue><ssdm name="B_0_3"/></StgValue>
</operation>

<operation id="35" st_id="1" stage="1" lat="1">
<core>NULL</core>
<MemPortIdVec></MemPortIdVec>
<condition id="-1">
<or_exp><and_exp></and_exp></or_exp>
</condition>

<node id="35" bw="8" op_0_bw="8" op_1_bw="128" op_2_bw="32" op_3_bw="32">
<![CDATA[
:33  %B_1_3 = call i8 @_ssdm_op_PartSelect.i8.i128.i32.i32(i128 %state_i_read_3, i32 104, i32 111)

]]></node>
<StgValue><ssdm name="B_1_3"/></StgValue>
</operation>

<operation id="36" st_id="1" stage="1" lat="1">
<core>NULL</core>
<MemPortIdVec></MemPortIdVec>
<condition id="-1">
<or_exp><and_exp></and_exp></or_exp>
</condition>

<node id="36" bw="8" op_0_bw="8" op_1_bw="128" op_2_bw="32" op_3_bw="32">
<![CDATA[
:34  %B_2_3 = call i8 @_ssdm_op_PartSelect.i8.i128.i32.i32(i128 %state_i_read_3, i32 112, i32 119)

]]></node>
<StgValue><ssdm name="B_2_3"/></StgValue>
</operation>

<operation id="37" st_id="1" stage="1" lat="1">
<core>NULL</core>
<MemPortIdVec></MemPortIdVec>
<condition id="-1">
<or_exp><and_exp></and_exp></or_exp>
</condition>

<node id="37" bw="8" op_0_bw="8" op_1_bw="128" op_2_bw="32" op_3_bw="32">
<![CDATA[
:35  %B_3_3 = call i8 @_ssdm_op_PartSelect.i8.i128.i32.i32(i128 %state_i_read_3, i32 120, i32 127)

]]></node>
<StgValue><ssdm name="B_3_3"/></StgValue>
</operation>

<operation id="38" st_id="1" stage="1" lat="1">
<core></core>
<MemPortIdVec></MemPortIdVec>
<condition id="-1">
<or_exp><and_exp></and_exp></or_exp>
</condition>

<node id="38" bw="32" op_0_bw="32" op_1_bw="8" op_2_bw="8" op_3_bw="8" op_4_bw="8">
<![CDATA[
:36  %call_ret = call fastcc { i8, i8, i8, i8 } @Cipher_Four_Term_Multiplication(i8 %B_0_3, i8 %B_1_3, i8 %B_2_3, i8 %B_3_3)

]]></node>
<StgValue><ssdm name="call_ret"/></StgValue>
</operation>

<operation id="39" st_id="1" stage="1" lat="1">
<core>NULL</core>
<MemPortIdVec></MemPortIdVec>
<condition id="-1">
<or_exp><and_exp></and_exp></or_exp>
</condition>

<node id="39" bw="8" op_0_bw="32">
<![CDATA[
:37  %temp_0_3 = extractvalue { i8, i8, i8, i8 } %call_ret, 0

]]></node>
<StgValue><ssdm name="temp_0_3"/></StgValue>
</operation>

<operation id="40" st_id="1" stage="1" lat="1">
<core>NULL</core>
<MemPortIdVec></MemPortIdVec>
<condition id="-1">
<or_exp><and_exp></and_exp></or_exp>
</condition>

<node id="40" bw="8" op_0_bw="32">
<![CDATA[
:38  %temp_1_3 = extractvalue { i8, i8, i8, i8 } %call_ret, 1

]]></node>
<StgValue><ssdm name="temp_1_3"/></StgValue>
</operation>

<operation id="41" st_id="1" stage="1" lat="1">
<core>NULL</core>
<MemPortIdVec></MemPortIdVec>
<condition id="-1">
<or_exp><and_exp></and_exp></or_exp>
</condition>

<node id="41" bw="8" op_0_bw="32">
<![CDATA[
:39  %temp_2_3 = extractvalue { i8, i8, i8, i8 } %call_ret, 2

]]></node>
<StgValue><ssdm name="temp_2_3"/></StgValue>
</operation>

<operation id="42" st_id="1" stage="1" lat="1">
<core>NULL</core>
<MemPortIdVec></MemPortIdVec>
<condition id="-1">
<or_exp><and_exp></and_exp></or_exp>
</condition>

<node id="42" bw="8" op_0_bw="32">
<![CDATA[
:40  %temp_3_3 = extractvalue { i8, i8, i8, i8 } %call_ret, 3

]]></node>
<StgValue><ssdm name="temp_3_3"/></StgValue>
</operation>

<operation id="43" st_id="1" stage="1" lat="1">
<core>NULL</core>
<MemPortIdVec></MemPortIdVec>
<condition id="-1">
<or_exp><and_exp></and_exp></or_exp>
</condition>

<node id="43" bw="128" op_0_bw="128" op_1_bw="8" op_2_bw="8" op_3_bw="8" op_4_bw="8" op_5_bw="8" op_6_bw="8" op_7_bw="8" op_8_bw="8" op_9_bw="8" op_10_bw="8" op_11_bw="8" op_12_bw="8" op_13_bw="8" op_14_bw="8" op_15_bw="8" op_16_bw="8">
<![CDATA[
:41  %state_o = call i128 @_ssdm_op_BitConcatenate.i128.i8.i8.i8.i8.i8.i8.i8.i8.i8.i8.i8.i8.i8.i8.i8.i8(i8 %temp_3_3, i8 %temp_2_3, i8 %temp_1_3, i8 %temp_0_3, i8 %temp_3_2, i8 %temp_2_2, i8 %temp_1_2, i8 %temp_0_2, i8 %temp_3_1, i8 %temp_2_1, i8 %temp_1_1, i8 %temp_0_1, i8 %temp_3, i8 %temp_2, i8 %temp_1, i8 %temp_0)

]]></node>
<StgValue><ssdm name="state_o"/></StgValue>
</operation>

<operation id="44" st_id="1" stage="1" lat="1">
<core>NULL</core>
<MemPortIdVec></MemPortIdVec>
<condition id="-1">
<or_exp><and_exp></and_exp></or_exp>
</condition>

<node id="44" bw="0" op_0_bw="128">
<![CDATA[
:42  ret i128 %state_o

]]></node>
<StgValue><ssdm name=""/></StgValue>
</operation>
</state>
</state_list>


<ports>
</ports>


<dataflows>
</dataflows>


</stg>
