<stg><name>Cipher_SubBytes</name>


<trans_list>

<trans id="92" from="1" to="2">
<condition id="1">
<or_exp><and_exp></and_exp></or_exp>
</condition>
</trans>
</trans_list>



<state_list>

<state id="1" st_id="1">

<operation id="3" st_id="1" stage="1" lat="1">
<core>NULL</core>
<MemPortIdVec></MemPortIdVec>
<condition id="-1">
<or_exp><and_exp></and_exp></or_exp>
</condition>

<node id="3" bw="128" op_0_bw="128" op_1_bw="128">
<![CDATA[
.preheader.preheader.0:0  %state_i_read_1 = call i128 @_ssdm_op_Read.ap_none.i128(i128 %state_i_read)

]]></node>
<StgValue><ssdm name="state_i_read_1"/></StgValue>
</operation>

<operation id="4" st_id="1" stage="1" lat="1">
<core>NULL</core>
<MemPortIdVec></MemPortIdVec>
<condition id="-1">
<or_exp><and_exp></and_exp></or_exp>
</condition>

<node id="8" bw="8" op_0_bw="128">
<![CDATA[
.preheader.preheader.0:5  %tmp = trunc i128 %state_i_read_1 to i8

]]></node>
<StgValue><ssdm name="tmp"/></StgValue>
</operation>

<operation id="5" st_id="1" stage="1" lat="1">
<core>NULL</core>
<MemPortIdVec></MemPortIdVec>
<condition id="-1">
<or_exp><and_exp></and_exp></or_exp>
</condition>

<node id="9" bw="64" op_0_bw="8">
<![CDATA[
.preheader.preheader.0:6  %tmp_16 = zext i8 %tmp to i64

]]></node>
<StgValue><ssdm name="tmp_16"/></StgValue>
</operation>

<operation id="6" st_id="1" stage="1" lat="1">
<core>NULL</core>
<MemPortIdVec></MemPortIdVec>
<condition id="-1">
<or_exp><and_exp></and_exp></or_exp>
</condition>

<node id="10" bw="8" op_0_bw="8" op_1_bw="64" op_2_bw="64">
<![CDATA[
.preheader.preheader.0:7  %S_Box_addr = getelementptr inbounds [256 x i8]* @S_Box, i64 0, i64 %tmp_16

]]></node>
<StgValue><ssdm name="S_Box_addr"/></StgValue>
</operation>

<operation id="7" st_id="1" stage="2" lat="2">
<core>ROM_nP</core>
<MemPortIdVec></MemPortIdVec>
<condition id="-1">
<or_exp><and_exp></and_exp></or_exp>
</condition>

<node id="11" bw="8" op_0_bw="8">
<![CDATA[
.preheader.preheader.0:8  %S_Box_load = load i8* %S_Box_addr, align 1

]]></node>
<StgValue><ssdm name="S_Box_load"/></StgValue>
</operation>

<operation id="8" st_id="1" stage="1" lat="1">
<core>NULL</core>
<MemPortIdVec></MemPortIdVec>
<condition id="-1">
<or_exp><and_exp></and_exp></or_exp>
</condition>

<node id="12" bw="8" op_0_bw="8" op_1_bw="128" op_2_bw="32" op_3_bw="32">
<![CDATA[
.preheader.preheader.0:9  %tmp_1 = call i8 @_ssdm_op_PartSelect.i8.i128.i32.i32(i128 %state_i_read_1, i32 32, i32 39)

]]></node>
<StgValue><ssdm name="tmp_1"/></StgValue>
</operation>

<operation id="9" st_id="1" stage="1" lat="1">
<core>NULL</core>
<MemPortIdVec></MemPortIdVec>
<condition id="-1">
<or_exp><and_exp></and_exp></or_exp>
</condition>

<node id="13" bw="64" op_0_bw="8">
<![CDATA[
.preheader.preheader.0:10  %tmp_23_0_1 = zext i8 %tmp_1 to i64

]]></node>
<StgValue><ssdm name="tmp_23_0_1"/></StgValue>
</operation>

<operation id="10" st_id="1" stage="1" lat="1">
<core>NULL</core>
<MemPortIdVec></MemPortIdVec>
<condition id="-1">
<or_exp><and_exp></and_exp></or_exp>
</condition>

<node id="14" bw="8" op_0_bw="8" op_1_bw="64" op_2_bw="64">
<![CDATA[
.preheader.preheader.0:11  %S_Box_addr_1 = getelementptr inbounds [256 x i8]* @S_Box, i64 0, i64 %tmp_23_0_1

]]></node>
<StgValue><ssdm name="S_Box_addr_1"/></StgValue>
</operation>

<operation id="11" st_id="1" stage="2" lat="2">
<core>ROM_nP</core>
<MemPortIdVec></MemPortIdVec>
<condition id="-1">
<or_exp><and_exp></and_exp></or_exp>
</condition>

<node id="15" bw="8" op_0_bw="8">
<![CDATA[
.preheader.preheader.0:12  %S_Box_load_1 = load i8* %S_Box_addr_1, align 1

]]></node>
<StgValue><ssdm name="S_Box_load_1"/></StgValue>
</operation>

<operation id="12" st_id="1" stage="1" lat="1">
<core>NULL</core>
<MemPortIdVec></MemPortIdVec>
<condition id="-1">
<or_exp><and_exp></and_exp></or_exp>
</condition>

<node id="16" bw="8" op_0_bw="8" op_1_bw="128" op_2_bw="32" op_3_bw="32">
<![CDATA[
.preheader.preheader.0:13  %tmp_2 = call i8 @_ssdm_op_PartSelect.i8.i128.i32.i32(i128 %state_i_read_1, i32 64, i32 71)

]]></node>
<StgValue><ssdm name="tmp_2"/></StgValue>
</operation>

<operation id="13" st_id="1" stage="1" lat="1">
<core>NULL</core>
<MemPortIdVec></MemPortIdVec>
<condition id="-1">
<or_exp><and_exp></and_exp></or_exp>
</condition>

<node id="17" bw="64" op_0_bw="8">
<![CDATA[
.preheader.preheader.0:14  %tmp_23_0_2 = zext i8 %tmp_2 to i64

]]></node>
<StgValue><ssdm name="tmp_23_0_2"/></StgValue>
</operation>

<operation id="14" st_id="1" stage="1" lat="1">
<core>NULL</core>
<MemPortIdVec></MemPortIdVec>
<condition id="-1">
<or_exp><and_exp></and_exp></or_exp>
</condition>

<node id="18" bw="8" op_0_bw="8" op_1_bw="64" op_2_bw="64">
<![CDATA[
.preheader.preheader.0:15  %S_Box_addr_2 = getelementptr inbounds [256 x i8]* @S_Box, i64 0, i64 %tmp_23_0_2

]]></node>
<StgValue><ssdm name="S_Box_addr_2"/></StgValue>
</operation>

<operation id="15" st_id="1" stage="2" lat="2">
<core>ROM_nP</core>
<MemPortIdVec></MemPortIdVec>
<condition id="-1">
<or_exp><and_exp></and_exp></or_exp>
</condition>

<node id="19" bw="8" op_0_bw="8">
<![CDATA[
.preheader.preheader.0:16  %S_Box_load_2 = load i8* %S_Box_addr_2, align 1

]]></node>
<StgValue><ssdm name="S_Box_load_2"/></StgValue>
</operation>

<operation id="16" st_id="1" stage="1" lat="1">
<core>NULL</core>
<MemPortIdVec></MemPortIdVec>
<condition id="-1">
<or_exp><and_exp></and_exp></or_exp>
</condition>

<node id="20" bw="8" op_0_bw="8" op_1_bw="128" op_2_bw="32" op_3_bw="32">
<![CDATA[
.preheader.preheader.0:17  %tmp_3 = call i8 @_ssdm_op_PartSelect.i8.i128.i32.i32(i128 %state_i_read_1, i32 96, i32 103)

]]></node>
<StgValue><ssdm name="tmp_3"/></StgValue>
</operation>

<operation id="17" st_id="1" stage="1" lat="1">
<core>NULL</core>
<MemPortIdVec></MemPortIdVec>
<condition id="-1">
<or_exp><and_exp></and_exp></or_exp>
</condition>

<node id="21" bw="64" op_0_bw="8">
<![CDATA[
.preheader.preheader.0:18  %tmp_23_0_3 = zext i8 %tmp_3 to i64

]]></node>
<StgValue><ssdm name="tmp_23_0_3"/></StgValue>
</operation>

<operation id="18" st_id="1" stage="1" lat="1">
<core>NULL</core>
<MemPortIdVec></MemPortIdVec>
<condition id="-1">
<or_exp><and_exp></and_exp></or_exp>
</condition>

<node id="22" bw="8" op_0_bw="8" op_1_bw="64" op_2_bw="64">
<![CDATA[
.preheader.preheader.0:19  %S_Box_addr_3 = getelementptr inbounds [256 x i8]* @S_Box, i64 0, i64 %tmp_23_0_3

]]></node>
<StgValue><ssdm name="S_Box_addr_3"/></StgValue>
</operation>

<operation id="19" st_id="1" stage="2" lat="2">
<core>ROM_nP</core>
<MemPortIdVec></MemPortIdVec>
<condition id="-1">
<or_exp><and_exp></and_exp></or_exp>
</condition>

<node id="23" bw="8" op_0_bw="8">
<![CDATA[
.preheader.preheader.0:20  %S_Box_load_3 = load i8* %S_Box_addr_3, align 1

]]></node>
<StgValue><ssdm name="S_Box_load_3"/></StgValue>
</operation>

<operation id="20" st_id="1" stage="1" lat="1">
<core>NULL</core>
<MemPortIdVec></MemPortIdVec>
<condition id="-1">
<or_exp><and_exp></and_exp></or_exp>
</condition>

<node id="24" bw="8" op_0_bw="8" op_1_bw="128" op_2_bw="32" op_3_bw="32">
<![CDATA[
.preheader.preheader.0:21  %tmp_4 = call i8 @_ssdm_op_PartSelect.i8.i128.i32.i32(i128 %state_i_read_1, i32 8, i32 15)

]]></node>
<StgValue><ssdm name="tmp_4"/></StgValue>
</operation>

<operation id="21" st_id="1" stage="1" lat="1">
<core>NULL</core>
<MemPortIdVec></MemPortIdVec>
<condition id="-1">
<or_exp><and_exp></and_exp></or_exp>
</condition>

<node id="25" bw="64" op_0_bw="8">
<![CDATA[
.preheader.preheader.0:22  %tmp_23_1 = zext i8 %tmp_4 to i64

]]></node>
<StgValue><ssdm name="tmp_23_1"/></StgValue>
</operation>

<operation id="22" st_id="1" stage="1" lat="1">
<core>NULL</core>
<MemPortIdVec></MemPortIdVec>
<condition id="-1">
<or_exp><and_exp></and_exp></or_exp>
</condition>

<node id="26" bw="8" op_0_bw="8" op_1_bw="64" op_2_bw="64">
<![CDATA[
.preheader.preheader.0:23  %S_Box_addr_4 = getelementptr inbounds [256 x i8]* @S_Box, i64 0, i64 %tmp_23_1

]]></node>
<StgValue><ssdm name="S_Box_addr_4"/></StgValue>
</operation>

<operation id="23" st_id="1" stage="2" lat="2">
<core>ROM_nP</core>
<MemPortIdVec></MemPortIdVec>
<condition id="-1">
<or_exp><and_exp></and_exp></or_exp>
</condition>

<node id="27" bw="8" op_0_bw="8">
<![CDATA[
.preheader.preheader.0:24  %S_Box_load_4 = load i8* %S_Box_addr_4, align 1

]]></node>
<StgValue><ssdm name="S_Box_load_4"/></StgValue>
</operation>

<operation id="24" st_id="1" stage="1" lat="1">
<core>NULL</core>
<MemPortIdVec></MemPortIdVec>
<condition id="-1">
<or_exp><and_exp></and_exp></or_exp>
</condition>

<node id="28" bw="8" op_0_bw="8" op_1_bw="128" op_2_bw="32" op_3_bw="32">
<![CDATA[
.preheader.preheader.0:25  %tmp_5 = call i8 @_ssdm_op_PartSelect.i8.i128.i32.i32(i128 %state_i_read_1, i32 40, i32 47)

]]></node>
<StgValue><ssdm name="tmp_5"/></StgValue>
</operation>

<operation id="25" st_id="1" stage="1" lat="1">
<core>NULL</core>
<MemPortIdVec></MemPortIdVec>
<condition id="-1">
<or_exp><and_exp></and_exp></or_exp>
</condition>

<node id="29" bw="64" op_0_bw="8">
<![CDATA[
.preheader.preheader.0:26  %tmp_23_1_1 = zext i8 %tmp_5 to i64

]]></node>
<StgValue><ssdm name="tmp_23_1_1"/></StgValue>
</operation>

<operation id="26" st_id="1" stage="1" lat="1">
<core>NULL</core>
<MemPortIdVec></MemPortIdVec>
<condition id="-1">
<or_exp><and_exp></and_exp></or_exp>
</condition>

<node id="30" bw="8" op_0_bw="8" op_1_bw="64" op_2_bw="64">
<![CDATA[
.preheader.preheader.0:27  %S_Box_addr_5 = getelementptr inbounds [256 x i8]* @S_Box, i64 0, i64 %tmp_23_1_1

]]></node>
<StgValue><ssdm name="S_Box_addr_5"/></StgValue>
</operation>

<operation id="27" st_id="1" stage="2" lat="2">
<core>ROM_nP</core>
<MemPortIdVec></MemPortIdVec>
<condition id="-1">
<or_exp><and_exp></and_exp></or_exp>
</condition>

<node id="31" bw="8" op_0_bw="8">
<![CDATA[
.preheader.preheader.0:28  %S_Box_load_5 = load i8* %S_Box_addr_5, align 1

]]></node>
<StgValue><ssdm name="S_Box_load_5"/></StgValue>
</operation>

<operation id="28" st_id="1" stage="1" lat="1">
<core>NULL</core>
<MemPortIdVec></MemPortIdVec>
<condition id="-1">
<or_exp><and_exp></and_exp></or_exp>
</condition>

<node id="32" bw="8" op_0_bw="8" op_1_bw="128" op_2_bw="32" op_3_bw="32">
<![CDATA[
.preheader.preheader.0:29  %tmp_6 = call i8 @_ssdm_op_PartSelect.i8.i128.i32.i32(i128 %state_i_read_1, i32 72, i32 79)

]]></node>
<StgValue><ssdm name="tmp_6"/></StgValue>
</operation>

<operation id="29" st_id="1" stage="1" lat="1">
<core>NULL</core>
<MemPortIdVec></MemPortIdVec>
<condition id="-1">
<or_exp><and_exp></and_exp></or_exp>
</condition>

<node id="33" bw="64" op_0_bw="8">
<![CDATA[
.preheader.preheader.0:30  %tmp_23_1_2 = zext i8 %tmp_6 to i64

]]></node>
<StgValue><ssdm name="tmp_23_1_2"/></StgValue>
</operation>

<operation id="30" st_id="1" stage="1" lat="1">
<core>NULL</core>
<MemPortIdVec></MemPortIdVec>
<condition id="-1">
<or_exp><and_exp></and_exp></or_exp>
</condition>

<node id="34" bw="8" op_0_bw="8" op_1_bw="64" op_2_bw="64">
<![CDATA[
.preheader.preheader.0:31  %S_Box_addr_6 = getelementptr inbounds [256 x i8]* @S_Box, i64 0, i64 %tmp_23_1_2

]]></node>
<StgValue><ssdm name="S_Box_addr_6"/></StgValue>
</operation>

<operation id="31" st_id="1" stage="2" lat="2">
<core>ROM_nP</core>
<MemPortIdVec></MemPortIdVec>
<condition id="-1">
<or_exp><and_exp></and_exp></or_exp>
</condition>

<node id="35" bw="8" op_0_bw="8">
<![CDATA[
.preheader.preheader.0:32  %S_Box_load_6 = load i8* %S_Box_addr_6, align 1

]]></node>
<StgValue><ssdm name="S_Box_load_6"/></StgValue>
</operation>

<operation id="32" st_id="1" stage="1" lat="1">
<core>NULL</core>
<MemPortIdVec></MemPortIdVec>
<condition id="-1">
<or_exp><and_exp></and_exp></or_exp>
</condition>

<node id="36" bw="8" op_0_bw="8" op_1_bw="128" op_2_bw="32" op_3_bw="32">
<![CDATA[
.preheader.preheader.0:33  %tmp_7 = call i8 @_ssdm_op_PartSelect.i8.i128.i32.i32(i128 %state_i_read_1, i32 104, i32 111)

]]></node>
<StgValue><ssdm name="tmp_7"/></StgValue>
</operation>

<operation id="33" st_id="1" stage="1" lat="1">
<core>NULL</core>
<MemPortIdVec></MemPortIdVec>
<condition id="-1">
<or_exp><and_exp></and_exp></or_exp>
</condition>

<node id="37" bw="64" op_0_bw="8">
<![CDATA[
.preheader.preheader.0:34  %tmp_23_1_3 = zext i8 %tmp_7 to i64

]]></node>
<StgValue><ssdm name="tmp_23_1_3"/></StgValue>
</operation>

<operation id="34" st_id="1" stage="1" lat="1">
<core>NULL</core>
<MemPortIdVec></MemPortIdVec>
<condition id="-1">
<or_exp><and_exp></and_exp></or_exp>
</condition>

<node id="38" bw="8" op_0_bw="8" op_1_bw="64" op_2_bw="64">
<![CDATA[
.preheader.preheader.0:35  %S_Box_addr_7 = getelementptr inbounds [256 x i8]* @S_Box, i64 0, i64 %tmp_23_1_3

]]></node>
<StgValue><ssdm name="S_Box_addr_7"/></StgValue>
</operation>

<operation id="35" st_id="1" stage="2" lat="2">
<core>ROM_nP</core>
<MemPortIdVec></MemPortIdVec>
<condition id="-1">
<or_exp><and_exp></and_exp></or_exp>
</condition>

<node id="39" bw="8" op_0_bw="8">
<![CDATA[
.preheader.preheader.0:36  %S_Box_load_7 = load i8* %S_Box_addr_7, align 1

]]></node>
<StgValue><ssdm name="S_Box_load_7"/></StgValue>
</operation>

<operation id="36" st_id="1" stage="1" lat="1">
<core>NULL</core>
<MemPortIdVec></MemPortIdVec>
<condition id="-1">
<or_exp><and_exp></and_exp></or_exp>
</condition>

<node id="40" bw="8" op_0_bw="8" op_1_bw="128" op_2_bw="32" op_3_bw="32">
<![CDATA[
.preheader.preheader.0:37  %tmp_8 = call i8 @_ssdm_op_PartSelect.i8.i128.i32.i32(i128 %state_i_read_1, i32 16, i32 23)

]]></node>
<StgValue><ssdm name="tmp_8"/></StgValue>
</operation>

<operation id="37" st_id="1" stage="1" lat="1">
<core>NULL</core>
<MemPortIdVec></MemPortIdVec>
<condition id="-1">
<or_exp><and_exp></and_exp></or_exp>
</condition>

<node id="41" bw="64" op_0_bw="8">
<![CDATA[
.preheader.preheader.0:38  %tmp_23_2 = zext i8 %tmp_8 to i64

]]></node>
<StgValue><ssdm name="tmp_23_2"/></StgValue>
</operation>

<operation id="38" st_id="1" stage="1" lat="1">
<core>NULL</core>
<MemPortIdVec></MemPortIdVec>
<condition id="-1">
<or_exp><and_exp></and_exp></or_exp>
</condition>

<node id="42" bw="8" op_0_bw="8" op_1_bw="64" op_2_bw="64">
<![CDATA[
.preheader.preheader.0:39  %S_Box_addr_8 = getelementptr inbounds [256 x i8]* @S_Box, i64 0, i64 %tmp_23_2

]]></node>
<StgValue><ssdm name="S_Box_addr_8"/></StgValue>
</operation>

<operation id="39" st_id="1" stage="2" lat="2">
<core>ROM_nP</core>
<MemPortIdVec></MemPortIdVec>
<condition id="-1">
<or_exp><and_exp></and_exp></or_exp>
</condition>

<node id="43" bw="8" op_0_bw="8">
<![CDATA[
.preheader.preheader.0:40  %S_Box_load_8 = load i8* %S_Box_addr_8, align 1

]]></node>
<StgValue><ssdm name="S_Box_load_8"/></StgValue>
</operation>

<operation id="40" st_id="1" stage="1" lat="1">
<core>NULL</core>
<MemPortIdVec></MemPortIdVec>
<condition id="-1">
<or_exp><and_exp></and_exp></or_exp>
</condition>

<node id="44" bw="8" op_0_bw="8" op_1_bw="128" op_2_bw="32" op_3_bw="32">
<![CDATA[
.preheader.preheader.0:41  %tmp_9 = call i8 @_ssdm_op_PartSelect.i8.i128.i32.i32(i128 %state_i_read_1, i32 48, i32 55)

]]></node>
<StgValue><ssdm name="tmp_9"/></StgValue>
</operation>

<operation id="41" st_id="1" stage="1" lat="1">
<core>NULL</core>
<MemPortIdVec></MemPortIdVec>
<condition id="-1">
<or_exp><and_exp></and_exp></or_exp>
</condition>

<node id="45" bw="64" op_0_bw="8">
<![CDATA[
.preheader.preheader.0:42  %tmp_23_2_1 = zext i8 %tmp_9 to i64

]]></node>
<StgValue><ssdm name="tmp_23_2_1"/></StgValue>
</operation>

<operation id="42" st_id="1" stage="1" lat="1">
<core>NULL</core>
<MemPortIdVec></MemPortIdVec>
<condition id="-1">
<or_exp><and_exp></and_exp></or_exp>
</condition>

<node id="46" bw="8" op_0_bw="8" op_1_bw="64" op_2_bw="64">
<![CDATA[
.preheader.preheader.0:43  %S_Box_addr_9 = getelementptr inbounds [256 x i8]* @S_Box, i64 0, i64 %tmp_23_2_1

]]></node>
<StgValue><ssdm name="S_Box_addr_9"/></StgValue>
</operation>

<operation id="43" st_id="1" stage="2" lat="2">
<core>ROM_nP</core>
<MemPortIdVec></MemPortIdVec>
<condition id="-1">
<or_exp><and_exp></and_exp></or_exp>
</condition>

<node id="47" bw="8" op_0_bw="8">
<![CDATA[
.preheader.preheader.0:44  %S_Box_load_9 = load i8* %S_Box_addr_9, align 1

]]></node>
<StgValue><ssdm name="S_Box_load_9"/></StgValue>
</operation>

<operation id="44" st_id="1" stage="1" lat="1">
<core>NULL</core>
<MemPortIdVec></MemPortIdVec>
<condition id="-1">
<or_exp><and_exp></and_exp></or_exp>
</condition>

<node id="48" bw="8" op_0_bw="8" op_1_bw="128" op_2_bw="32" op_3_bw="32">
<![CDATA[
.preheader.preheader.0:45  %tmp_10 = call i8 @_ssdm_op_PartSelect.i8.i128.i32.i32(i128 %state_i_read_1, i32 80, i32 87)

]]></node>
<StgValue><ssdm name="tmp_10"/></StgValue>
</operation>

<operation id="45" st_id="1" stage="1" lat="1">
<core>NULL</core>
<MemPortIdVec></MemPortIdVec>
<condition id="-1">
<or_exp><and_exp></and_exp></or_exp>
</condition>

<node id="49" bw="64" op_0_bw="8">
<![CDATA[
.preheader.preheader.0:46  %tmp_23_2_2 = zext i8 %tmp_10 to i64

]]></node>
<StgValue><ssdm name="tmp_23_2_2"/></StgValue>
</operation>

<operation id="46" st_id="1" stage="1" lat="1">
<core>NULL</core>
<MemPortIdVec></MemPortIdVec>
<condition id="-1">
<or_exp><and_exp></and_exp></or_exp>
</condition>

<node id="50" bw="8" op_0_bw="8" op_1_bw="64" op_2_bw="64">
<![CDATA[
.preheader.preheader.0:47  %S_Box_addr_10 = getelementptr inbounds [256 x i8]* @S_Box, i64 0, i64 %tmp_23_2_2

]]></node>
<StgValue><ssdm name="S_Box_addr_10"/></StgValue>
</operation>

<operation id="47" st_id="1" stage="2" lat="2">
<core>ROM_nP</core>
<MemPortIdVec></MemPortIdVec>
<condition id="-1">
<or_exp><and_exp></and_exp></or_exp>
</condition>

<node id="51" bw="8" op_0_bw="8">
<![CDATA[
.preheader.preheader.0:48  %S_Box_load_10 = load i8* %S_Box_addr_10, align 1

]]></node>
<StgValue><ssdm name="S_Box_load_10"/></StgValue>
</operation>

<operation id="48" st_id="1" stage="1" lat="1">
<core>NULL</core>
<MemPortIdVec></MemPortIdVec>
<condition id="-1">
<or_exp><and_exp></and_exp></or_exp>
</condition>

<node id="52" bw="8" op_0_bw="8" op_1_bw="128" op_2_bw="32" op_3_bw="32">
<![CDATA[
.preheader.preheader.0:49  %tmp_11 = call i8 @_ssdm_op_PartSelect.i8.i128.i32.i32(i128 %state_i_read_1, i32 112, i32 119)

]]></node>
<StgValue><ssdm name="tmp_11"/></StgValue>
</operation>

<operation id="49" st_id="1" stage="1" lat="1">
<core>NULL</core>
<MemPortIdVec></MemPortIdVec>
<condition id="-1">
<or_exp><and_exp></and_exp></or_exp>
</condition>

<node id="53" bw="64" op_0_bw="8">
<![CDATA[
.preheader.preheader.0:50  %tmp_23_2_3 = zext i8 %tmp_11 to i64

]]></node>
<StgValue><ssdm name="tmp_23_2_3"/></StgValue>
</operation>

<operation id="50" st_id="1" stage="1" lat="1">
<core>NULL</core>
<MemPortIdVec></MemPortIdVec>
<condition id="-1">
<or_exp><and_exp></and_exp></or_exp>
</condition>

<node id="54" bw="8" op_0_bw="8" op_1_bw="64" op_2_bw="64">
<![CDATA[
.preheader.preheader.0:51  %S_Box_addr_11 = getelementptr inbounds [256 x i8]* @S_Box, i64 0, i64 %tmp_23_2_3

]]></node>
<StgValue><ssdm name="S_Box_addr_11"/></StgValue>
</operation>

<operation id="51" st_id="1" stage="2" lat="2">
<core>ROM_nP</core>
<MemPortIdVec></MemPortIdVec>
<condition id="-1">
<or_exp><and_exp></and_exp></or_exp>
</condition>

<node id="55" bw="8" op_0_bw="8">
<![CDATA[
.preheader.preheader.0:52  %S_Box_load_11 = load i8* %S_Box_addr_11, align 1

]]></node>
<StgValue><ssdm name="S_Box_load_11"/></StgValue>
</operation>

<operation id="52" st_id="1" stage="1" lat="1">
<core>NULL</core>
<MemPortIdVec></MemPortIdVec>
<condition id="-1">
<or_exp><and_exp></and_exp></or_exp>
</condition>

<node id="56" bw="8" op_0_bw="8" op_1_bw="128" op_2_bw="32" op_3_bw="32">
<![CDATA[
.preheader.preheader.0:53  %tmp_s = call i8 @_ssdm_op_PartSelect.i8.i128.i32.i32(i128 %state_i_read_1, i32 24, i32 31)

]]></node>
<StgValue><ssdm name="tmp_s"/></StgValue>
</operation>

<operation id="53" st_id="1" stage="1" lat="1">
<core>NULL</core>
<MemPortIdVec></MemPortIdVec>
<condition id="-1">
<or_exp><and_exp></and_exp></or_exp>
</condition>

<node id="57" bw="64" op_0_bw="8">
<![CDATA[
.preheader.preheader.0:54  %tmp_23_3 = zext i8 %tmp_s to i64

]]></node>
<StgValue><ssdm name="tmp_23_3"/></StgValue>
</operation>

<operation id="54" st_id="1" stage="1" lat="1">
<core>NULL</core>
<MemPortIdVec></MemPortIdVec>
<condition id="-1">
<or_exp><and_exp></and_exp></or_exp>
</condition>

<node id="58" bw="8" op_0_bw="8" op_1_bw="64" op_2_bw="64">
<![CDATA[
.preheader.preheader.0:55  %S_Box_addr_12 = getelementptr inbounds [256 x i8]* @S_Box, i64 0, i64 %tmp_23_3

]]></node>
<StgValue><ssdm name="S_Box_addr_12"/></StgValue>
</operation>

<operation id="55" st_id="1" stage="2" lat="2">
<core>ROM_nP</core>
<MemPortIdVec></MemPortIdVec>
<condition id="-1">
<or_exp><and_exp></and_exp></or_exp>
</condition>

<node id="59" bw="8" op_0_bw="8">
<![CDATA[
.preheader.preheader.0:56  %S_Box_load_12 = load i8* %S_Box_addr_12, align 1

]]></node>
<StgValue><ssdm name="S_Box_load_12"/></StgValue>
</operation>

<operation id="56" st_id="1" stage="1" lat="1">
<core>NULL</core>
<MemPortIdVec></MemPortIdVec>
<condition id="-1">
<or_exp><and_exp></and_exp></or_exp>
</condition>

<node id="60" bw="8" op_0_bw="8" op_1_bw="128" op_2_bw="32" op_3_bw="32">
<![CDATA[
.preheader.preheader.0:57  %tmp_12 = call i8 @_ssdm_op_PartSelect.i8.i128.i32.i32(i128 %state_i_read_1, i32 56, i32 63)

]]></node>
<StgValue><ssdm name="tmp_12"/></StgValue>
</operation>

<operation id="57" st_id="1" stage="1" lat="1">
<core>NULL</core>
<MemPortIdVec></MemPortIdVec>
<condition id="-1">
<or_exp><and_exp></and_exp></or_exp>
</condition>

<node id="61" bw="64" op_0_bw="8">
<![CDATA[
.preheader.preheader.0:58  %tmp_23_3_1 = zext i8 %tmp_12 to i64

]]></node>
<StgValue><ssdm name="tmp_23_3_1"/></StgValue>
</operation>

<operation id="58" st_id="1" stage="1" lat="1">
<core>NULL</core>
<MemPortIdVec></MemPortIdVec>
<condition id="-1">
<or_exp><and_exp></and_exp></or_exp>
</condition>

<node id="62" bw="8" op_0_bw="8" op_1_bw="64" op_2_bw="64">
<![CDATA[
.preheader.preheader.0:59  %S_Box_addr_13 = getelementptr inbounds [256 x i8]* @S_Box, i64 0, i64 %tmp_23_3_1

]]></node>
<StgValue><ssdm name="S_Box_addr_13"/></StgValue>
</operation>

<operation id="59" st_id="1" stage="2" lat="2">
<core>ROM_nP</core>
<MemPortIdVec></MemPortIdVec>
<condition id="-1">
<or_exp><and_exp></and_exp></or_exp>
</condition>

<node id="63" bw="8" op_0_bw="8">
<![CDATA[
.preheader.preheader.0:60  %S_Box_load_13 = load i8* %S_Box_addr_13, align 1

]]></node>
<StgValue><ssdm name="S_Box_load_13"/></StgValue>
</operation>

<operation id="60" st_id="1" stage="1" lat="1">
<core>NULL</core>
<MemPortIdVec></MemPortIdVec>
<condition id="-1">
<or_exp><and_exp></and_exp></or_exp>
</condition>

<node id="64" bw="8" op_0_bw="8" op_1_bw="128" op_2_bw="32" op_3_bw="32">
<![CDATA[
.preheader.preheader.0:61  %tmp_13 = call i8 @_ssdm_op_PartSelect.i8.i128.i32.i32(i128 %state_i_read_1, i32 88, i32 95)

]]></node>
<StgValue><ssdm name="tmp_13"/></StgValue>
</operation>

<operation id="61" st_id="1" stage="1" lat="1">
<core>NULL</core>
<MemPortIdVec></MemPortIdVec>
<condition id="-1">
<or_exp><and_exp></and_exp></or_exp>
</condition>

<node id="65" bw="64" op_0_bw="8">
<![CDATA[
.preheader.preheader.0:62  %tmp_23_3_2 = zext i8 %tmp_13 to i64

]]></node>
<StgValue><ssdm name="tmp_23_3_2"/></StgValue>
</operation>

<operation id="62" st_id="1" stage="1" lat="1">
<core>NULL</core>
<MemPortIdVec></MemPortIdVec>
<condition id="-1">
<or_exp><and_exp></and_exp></or_exp>
</condition>

<node id="66" bw="8" op_0_bw="8" op_1_bw="64" op_2_bw="64">
<![CDATA[
.preheader.preheader.0:63  %S_Box_addr_14 = getelementptr inbounds [256 x i8]* @S_Box, i64 0, i64 %tmp_23_3_2

]]></node>
<StgValue><ssdm name="S_Box_addr_14"/></StgValue>
</operation>

<operation id="63" st_id="1" stage="2" lat="2">
<core>ROM_nP</core>
<MemPortIdVec></MemPortIdVec>
<condition id="-1">
<or_exp><and_exp></and_exp></or_exp>
</condition>

<node id="67" bw="8" op_0_bw="8">
<![CDATA[
.preheader.preheader.0:64  %S_Box_load_14 = load i8* %S_Box_addr_14, align 1

]]></node>
<StgValue><ssdm name="S_Box_load_14"/></StgValue>
</operation>

<operation id="64" st_id="1" stage="1" lat="1">
<core>NULL</core>
<MemPortIdVec></MemPortIdVec>
<condition id="-1">
<or_exp><and_exp></and_exp></or_exp>
</condition>

<node id="68" bw="8" op_0_bw="8" op_1_bw="128" op_2_bw="32" op_3_bw="32">
<![CDATA[
.preheader.preheader.0:65  %tmp_14 = call i8 @_ssdm_op_PartSelect.i8.i128.i32.i32(i128 %state_i_read_1, i32 120, i32 127)

]]></node>
<StgValue><ssdm name="tmp_14"/></StgValue>
</operation>

<operation id="65" st_id="1" stage="1" lat="1">
<core>NULL</core>
<MemPortIdVec></MemPortIdVec>
<condition id="-1">
<or_exp><and_exp></and_exp></or_exp>
</condition>

<node id="69" bw="64" op_0_bw="8">
<![CDATA[
.preheader.preheader.0:66  %tmp_23_3_3 = zext i8 %tmp_14 to i64

]]></node>
<StgValue><ssdm name="tmp_23_3_3"/></StgValue>
</operation>

<operation id="66" st_id="1" stage="1" lat="1">
<core>NULL</core>
<MemPortIdVec></MemPortIdVec>
<condition id="-1">
<or_exp><and_exp></and_exp></or_exp>
</condition>

<node id="70" bw="8" op_0_bw="8" op_1_bw="64" op_2_bw="64">
<![CDATA[
.preheader.preheader.0:67  %S_Box_addr_15 = getelementptr inbounds [256 x i8]* @S_Box, i64 0, i64 %tmp_23_3_3

]]></node>
<StgValue><ssdm name="S_Box_addr_15"/></StgValue>
</operation>

<operation id="67" st_id="1" stage="2" lat="2">
<core>ROM_nP</core>
<MemPortIdVec></MemPortIdVec>
<condition id="-1">
<or_exp><and_exp></and_exp></or_exp>
</condition>

<node id="71" bw="8" op_0_bw="8">
<![CDATA[
.preheader.preheader.0:68  %S_Box_load_15 = load i8* %S_Box_addr_15, align 1

]]></node>
<StgValue><ssdm name="S_Box_load_15"/></StgValue>
</operation>
</state>

<state id="2" st_id="2">

<operation id="68" st_id="2" stage="1" lat="1">
<core>NULL</core>
<MemPortIdVec></MemPortIdVec>
<condition id="-1">
<or_exp><and_exp></and_exp></or_exp>
</condition>

<node id="4" bw="0" op_0_bw="0" op_1_bw="32" op_2_bw="8" op_3_bw="32" op_4_bw="32" op_5_bw="32" op_6_bw="32" op_7_bw="8" op_8_bw="8" op_9_bw="8">
<![CDATA[
.preheader.preheader.0:1  call void (...)* @_ssdm_op_SpecInterface(i32 0, [11 x i8]* @p_str, i32 0, i32 0, i32 0, i32 0, [1 x i8]* @p_str1, [1 x i8]* @p_str1, [1 x i8]* @p_str1) nounwind

]]></node>
<StgValue><ssdm name=""/></StgValue>
</operation>

<operation id="69" st_id="2" stage="1" lat="1">
<core>NULL</core>
<MemPortIdVec></MemPortIdVec>
<condition id="-1">
<or_exp><and_exp></and_exp></or_exp>
</condition>

<node id="5" bw="0" op_0_bw="0" op_1_bw="32" op_2_bw="32" op_3_bw="32" op_4_bw="32" op_5_bw="8">
<![CDATA[
.preheader.preheader.0:2  call void (...)* @_ssdm_op_SpecPipeline(i32 1, i32 1, i32 1, i32 0, [1 x i8]* @p_str1) nounwind

]]></node>
<StgValue><ssdm name=""/></StgValue>
</operation>

<operation id="70" st_id="2" stage="1" lat="1">
<core>NULL</core>
<MemPortIdVec></MemPortIdVec>
<condition id="-1">
<or_exp><and_exp></and_exp></or_exp>
</condition>

<node id="6" bw="0" op_0_bw="0" op_1_bw="128" op_2_bw="8" op_3_bw="32" op_4_bw="32" op_5_bw="32" op_6_bw="32" op_7_bw="8" op_8_bw="8" op_9_bw="8">
<![CDATA[
.preheader.preheader.0:3  call void (...)* @_ssdm_op_SpecInterface(i128 %state_i_read, [8 x i8]* @p_str2, i32 0, i32 0, i32 0, i32 0, [1 x i8]* @p_str1, [1 x i8]* @p_str1, [1 x i8]* @p_str1) nounwind

]]></node>
<StgValue><ssdm name=""/></StgValue>
</operation>

<operation id="71" st_id="2" stage="1" lat="1">
<core>NULL</core>
<MemPortIdVec></MemPortIdVec>
<condition id="-1">
<or_exp><and_exp></and_exp></or_exp>
</condition>

<node id="7" bw="0" op_0_bw="0" op_1_bw="32" op_2_bw="128" op_3_bw="8" op_4_bw="32" op_5_bw="32" op_6_bw="32" op_7_bw="32" op_8_bw="8" op_9_bw="8" op_10_bw="8">
<![CDATA[
.preheader.preheader.0:4  call void (...)* @_ssdm_op_SpecInterface(i32 0, i128 %state_i_read, [8 x i8]* @p_str2, i32 0, i32 0, i32 0, i32 0, [1 x i8]* @p_str1, [1 x i8]* @p_str1, [1 x i8]* @p_str1)

]]></node>
<StgValue><ssdm name=""/></StgValue>
</operation>

<operation id="72" st_id="2" stage="1" lat="2">
<core>ROM_nP</core>
<MemPortIdVec></MemPortIdVec>
<condition id="-1">
<or_exp><and_exp></and_exp></or_exp>
</condition>

<node id="11" bw="8" op_0_bw="8">
<![CDATA[
.preheader.preheader.0:8  %S_Box_load = load i8* %S_Box_addr, align 1

]]></node>
<StgValue><ssdm name="S_Box_load"/></StgValue>
</operation>

<operation id="73" st_id="2" stage="1" lat="2">
<core>ROM_nP</core>
<MemPortIdVec></MemPortIdVec>
<condition id="-1">
<or_exp><and_exp></and_exp></or_exp>
</condition>

<node id="15" bw="8" op_0_bw="8">
<![CDATA[
.preheader.preheader.0:12  %S_Box_load_1 = load i8* %S_Box_addr_1, align 1

]]></node>
<StgValue><ssdm name="S_Box_load_1"/></StgValue>
</operation>

<operation id="74" st_id="2" stage="1" lat="2">
<core>ROM_nP</core>
<MemPortIdVec></MemPortIdVec>
<condition id="-1">
<or_exp><and_exp></and_exp></or_exp>
</condition>

<node id="19" bw="8" op_0_bw="8">
<![CDATA[
.preheader.preheader.0:16  %S_Box_load_2 = load i8* %S_Box_addr_2, align 1

]]></node>
<StgValue><ssdm name="S_Box_load_2"/></StgValue>
</operation>

<operation id="75" st_id="2" stage="1" lat="2">
<core>ROM_nP</core>
<MemPortIdVec></MemPortIdVec>
<condition id="-1">
<or_exp><and_exp></and_exp></or_exp>
</condition>

<node id="23" bw="8" op_0_bw="8">
<![CDATA[
.preheader.preheader.0:20  %S_Box_load_3 = load i8* %S_Box_addr_3, align 1

]]></node>
<StgValue><ssdm name="S_Box_load_3"/></StgValue>
</operation>

<operation id="76" st_id="2" stage="1" lat="2">
<core>ROM_nP</core>
<MemPortIdVec></MemPortIdVec>
<condition id="-1">
<or_exp><and_exp></and_exp></or_exp>
</condition>

<node id="27" bw="8" op_0_bw="8">
<![CDATA[
.preheader.preheader.0:24  %S_Box_load_4 = load i8* %S_Box_addr_4, align 1

]]></node>
<StgValue><ssdm name="S_Box_load_4"/></StgValue>
</operation>

<operation id="77" st_id="2" stage="1" lat="2">
<core>ROM_nP</core>
<MemPortIdVec></MemPortIdVec>
<condition id="-1">
<or_exp><and_exp></and_exp></or_exp>
</condition>

<node id="31" bw="8" op_0_bw="8">
<![CDATA[
.preheader.preheader.0:28  %S_Box_load_5 = load i8* %S_Box_addr_5, align 1

]]></node>
<StgValue><ssdm name="S_Box_load_5"/></StgValue>
</operation>

<operation id="78" st_id="2" stage="1" lat="2">
<core>ROM_nP</core>
<MemPortIdVec></MemPortIdVec>
<condition id="-1">
<or_exp><and_exp></and_exp></or_exp>
</condition>

<node id="35" bw="8" op_0_bw="8">
<![CDATA[
.preheader.preheader.0:32  %S_Box_load_6 = load i8* %S_Box_addr_6, align 1

]]></node>
<StgValue><ssdm name="S_Box_load_6"/></StgValue>
</operation>

<operation id="79" st_id="2" stage="1" lat="2">
<core>ROM_nP</core>
<MemPortIdVec></MemPortIdVec>
<condition id="-1">
<or_exp><and_exp></and_exp></or_exp>
</condition>

<node id="39" bw="8" op_0_bw="8">
<![CDATA[
.preheader.preheader.0:36  %S_Box_load_7 = load i8* %S_Box_addr_7, align 1

]]></node>
<StgValue><ssdm name="S_Box_load_7"/></StgValue>
</operation>

<operation id="80" st_id="2" stage="1" lat="2">
<core>ROM_nP</core>
<MemPortIdVec></MemPortIdVec>
<condition id="-1">
<or_exp><and_exp></and_exp></or_exp>
</condition>

<node id="43" bw="8" op_0_bw="8">
<![CDATA[
.preheader.preheader.0:40  %S_Box_load_8 = load i8* %S_Box_addr_8, align 1

]]></node>
<StgValue><ssdm name="S_Box_load_8"/></StgValue>
</operation>

<operation id="81" st_id="2" stage="1" lat="2">
<core>ROM_nP</core>
<MemPortIdVec></MemPortIdVec>
<condition id="-1">
<or_exp><and_exp></and_exp></or_exp>
</condition>

<node id="47" bw="8" op_0_bw="8">
<![CDATA[
.preheader.preheader.0:44  %S_Box_load_9 = load i8* %S_Box_addr_9, align 1

]]></node>
<StgValue><ssdm name="S_Box_load_9"/></StgValue>
</operation>

<operation id="82" st_id="2" stage="1" lat="2">
<core>ROM_nP</core>
<MemPortIdVec></MemPortIdVec>
<condition id="-1">
<or_exp><and_exp></and_exp></or_exp>
</condition>

<node id="51" bw="8" op_0_bw="8">
<![CDATA[
.preheader.preheader.0:48  %S_Box_load_10 = load i8* %S_Box_addr_10, align 1

]]></node>
<StgValue><ssdm name="S_Box_load_10"/></StgValue>
</operation>

<operation id="83" st_id="2" stage="1" lat="2">
<core>ROM_nP</core>
<MemPortIdVec></MemPortIdVec>
<condition id="-1">
<or_exp><and_exp></and_exp></or_exp>
</condition>

<node id="55" bw="8" op_0_bw="8">
<![CDATA[
.preheader.preheader.0:52  %S_Box_load_11 = load i8* %S_Box_addr_11, align 1

]]></node>
<StgValue><ssdm name="S_Box_load_11"/></StgValue>
</operation>

<operation id="84" st_id="2" stage="1" lat="2">
<core>ROM_nP</core>
<MemPortIdVec></MemPortIdVec>
<condition id="-1">
<or_exp><and_exp></and_exp></or_exp>
</condition>

<node id="59" bw="8" op_0_bw="8">
<![CDATA[
.preheader.preheader.0:56  %S_Box_load_12 = load i8* %S_Box_addr_12, align 1

]]></node>
<StgValue><ssdm name="S_Box_load_12"/></StgValue>
</operation>

<operation id="85" st_id="2" stage="1" lat="2">
<core>ROM_nP</core>
<MemPortIdVec></MemPortIdVec>
<condition id="-1">
<or_exp><and_exp></and_exp></or_exp>
</condition>

<node id="63" bw="8" op_0_bw="8">
<![CDATA[
.preheader.preheader.0:60  %S_Box_load_13 = load i8* %S_Box_addr_13, align 1

]]></node>
<StgValue><ssdm name="S_Box_load_13"/></StgValue>
</operation>

<operation id="86" st_id="2" stage="1" lat="2">
<core>ROM_nP</core>
<MemPortIdVec></MemPortIdVec>
<condition id="-1">
<or_exp><and_exp></and_exp></or_exp>
</condition>

<node id="67" bw="8" op_0_bw="8">
<![CDATA[
.preheader.preheader.0:64  %S_Box_load_14 = load i8* %S_Box_addr_14, align 1

]]></node>
<StgValue><ssdm name="S_Box_load_14"/></StgValue>
</operation>

<operation id="87" st_id="2" stage="1" lat="2">
<core>ROM_nP</core>
<MemPortIdVec></MemPortIdVec>
<condition id="-1">
<or_exp><and_exp></and_exp></or_exp>
</condition>

<node id="71" bw="8" op_0_bw="8">
<![CDATA[
.preheader.preheader.0:68  %S_Box_load_15 = load i8* %S_Box_addr_15, align 1

]]></node>
<StgValue><ssdm name="S_Box_load_15"/></StgValue>
</operation>

<operation id="88" st_id="2" stage="1" lat="1">
<core>NULL</core>
<MemPortIdVec></MemPortIdVec>
<condition id="-1">
<or_exp><and_exp></and_exp></or_exp>
</condition>

<node id="72" bw="128" op_0_bw="128" op_1_bw="8" op_2_bw="8" op_3_bw="8" op_4_bw="8" op_5_bw="8" op_6_bw="8" op_7_bw="8" op_8_bw="8" op_9_bw="8" op_10_bw="8" op_11_bw="8" op_12_bw="8" op_13_bw="8" op_14_bw="8" op_15_bw="8" op_16_bw="8">
<![CDATA[
.preheader.preheader.0:69  %tmp_15 = call i128 @_ssdm_op_BitConcatenate.i128.i8.i8.i8.i8.i8.i8.i8.i8.i8.i8.i8.i8.i8.i8.i8.i8(i8 %S_Box_load_15, i8 %S_Box_load_11, i8 %S_Box_load_7, i8 %S_Box_load_3, i8 %S_Box_load_14, i8 %S_Box_load_10, i8 %S_Box_load_6, i8 %S_Box_load_2, i8 %S_Box_load_13, i8 %S_Box_load_9, i8 %S_Box_load_5, i8 %S_Box_load_1, i8 %S_Box_load_12, i8 %S_Box_load_8, i8 %S_Box_load_4, i8 %S_Box_load)

]]></node>
<StgValue><ssdm name="tmp_15"/></StgValue>
</operation>

<operation id="89" st_id="2" stage="1" lat="1">
<core>NULL</core>
<MemPortIdVec></MemPortIdVec>
<condition id="-1">
<or_exp><and_exp></and_exp></or_exp>
</condition>

<node id="73" bw="0" op_0_bw="128">
<![CDATA[
.preheader.preheader.0:70  ret i128 %tmp_15

]]></node>
<StgValue><ssdm name=""/></StgValue>
</operation>
</state>
</state_list>


<ports>
</ports>


<dataflows>
</dataflows>


</stg>
