<profile>

<section name = "Vivado HLS Report for 'Cipher_MixColumns'" level="0">
<item name = "Date">Tue Jan 31 18:40:46 2017
</item>
<item name = "Version">2015.1 (Build 1215546 on Mon Apr 27 19:24:50 PM 2015)</item>
<item name = "Project">HLS_v2</item>
<item name = "Solution">solution1</item>
<item name = "Product family">zynq</item>
<item name = "Target device">xc7z020clg484-1</item>
</section>

<section name = "Performance Estimates" level="0">
<item name = "Timing (ns)">
<section name = "" level="1">
<item name = "Summary"><table name="" hasTotal="0">
<keys size="4">Clock, Target, Estimated, Uncertainty</keys>
<column name="default">1000000.00, 6.85, 125000.00</column>
</table>
</item>
</section>
</item>
<item name = "Latency (clock cycles)">
<section name = "" level="1">
<item name = "Summary"><table name="" hasTotal="0">
<keys size="6">, min, max, min, max, Type</keys>
<column name="">0, 0, 1, 1, function</column>
</table>
</item>
<item name = "Detail">
<section name = "" level="1">
<item name = "Instance"><table name="" hasTotal="0">
<keys size="7">Instance, Module, min, max, min, max, Type</keys>
<column name="call_ret1_Cipher_Four_Term_Multiplication_fu_91">Cipher_Four_Term_Multiplication, 0, 0, 1, 1, function</column>
<column name="call_ret2_Cipher_Four_Term_Multiplication_fu_99">Cipher_Four_Term_Multiplication, 0, 0, 1, 1, function</column>
<column name="call_ret3_Cipher_Four_Term_Multiplication_fu_107">Cipher_Four_Term_Multiplication, 0, 0, 1, 1, function</column>
<column name="call_ret_Cipher_Four_Term_Multiplication_fu_115">Cipher_Four_Term_Multiplication, 0, 0, 1, 1, function</column>
</table>
</item>
<item name = "Loop"><table name="" hasTotal="0">
<keys size="8">Loop Name, min, max, Latency, achieved, target, Count, Pipelined</keys>
</table>
</item>
</section>
</item>
</section>
</item>
</section>

<section name = "Utilization Estimates" level="0">
<item name = "Summary"><table name="" hasTotal="1">
<keys size="5">Name, BRAM_18K, DSP48E, FF, LUT</keys>
<column name="Expression">-, -, -, -</column>
<column name="FIFO">-, -, -, -</column>
<column name="Instance">-, -, 0, 768</column>
<column name="Memory">-, -, -, -</column>
<column name="Multiplexer">-, -, -, -</column>
<column name="Register">-, -, -, -</column>
<specialColumn name="Available">280, 220, 106400, 53200</specialColumn>
<specialColumn name="Utilization (%)">0, 0, 0, 1</specialColumn>
</table>
</item>
<item name = "Detail">
<section name = "" level="1">
<item name = "Instance"><table name="" hasTotal="1">
<keys size="6">Instance, Module, BRAM_18K, DSP48E, FF, LUT</keys>
<column name="call_ret1_Cipher_Four_Term_Multiplication_fu_91">Cipher_Four_Term_Multiplication, 0, 0, 0, 192</column>
<column name="call_ret2_Cipher_Four_Term_Multiplication_fu_99">Cipher_Four_Term_Multiplication, 0, 0, 0, 192</column>
<column name="call_ret3_Cipher_Four_Term_Multiplication_fu_107">Cipher_Four_Term_Multiplication, 0, 0, 0, 192</column>
<column name="call_ret_Cipher_Four_Term_Multiplication_fu_115">Cipher_Four_Term_Multiplication, 0, 0, 0, 192</column>
</table>
</item>
<item name = "Memory"><table name="" hasTotal="1">
<keys size="9">Memory, Module, BRAM_18K, FF, LUT, Words, Bits, Banks, W*Bits*Banks</keys>
</table>
</item>
<item name = "FIFO"><table name="" hasTotal="1">
<keys size="7">Name, BRAM_18K, FF, LUT, Depth, Bits, Size:D*B</keys>
</table>
</item>
<item name = "Expression"><table name="" hasTotal="1">
<keys size="7">Variable Name, Operation, DSP48E, FF, LUT, Bitwidth P0, Bitwidth P1</keys>
</table>
</item>
<item name = "Multiplexer"><table name="" hasTotal="1">
<keys size="5">Name, LUT, Input Size, Bits, Total Bits</keys>
</table>
</item>
<item name = "Register"><table name="" hasTotal="1">
<keys size="5">Name, FF, LUT, Bits, Const Bits</keys>
</table>
</item>
</section>
</item>
</section>

<section name = "Interface" level="0">
<item name = "Summary"><table name="" hasTotal="0">
<keys size="6">RTL Ports, Dir, Bits, Protocol, Source Object, C Type</keys>
<column name="state_i_read">in, 128, ap_none, state_i_read, scalar</column>
<column name="ap_return">out, 128, ap_ctrl_none, Cipher_MixColumns, return value</column>
</table>
</item>
</section>
</profile>
