<profile>

<section name = "Vivado HLS Report for 'Cipher_AddRoundKey'" level="0">
<item name = "Date">Tue Jan 31 18:40:46 2017
</item>
<item name = "Version">2015.1 (Build 1215546 on Mon Apr 27 19:24:50 PM 2015)</item>
<item name = "Project">HLS_v2</item>
<item name = "Solution">solution1</item>
<item name = "Product family">zynq</item>
<item name = "Target device">xc7z020clg484-1</item>
</section>

<section name = "Performance Estimates" level="0">
<item name = "Timing (ns)">
<section name = "" level="1">
<item name = "Summary"><table name="" hasTotal="0">
<keys size="4">Clock, Target, Estimated, Uncertainty</keys>
<column name="default">1000000.00, 4.08, 125000.00</column>
</table>
</item>
</section>
</item>
<item name = "Latency (clock cycles)">
<section name = "" level="1">
<item name = "Summary"><table name="" hasTotal="0">
<keys size="6">, min, max, min, max, Type</keys>
<column name="">1, 1, 1, 1, function</column>
</table>
</item>
<item name = "Detail">
<section name = "" level="1">
<item name = "Instance"><table name="" hasTotal="0">
<keys size="7">Instance, Module, min, max, min, max, Type</keys>
</table>
</item>
<item name = "Loop"><table name="" hasTotal="0">
<keys size="8">Loop Name, min, max, Latency, achieved, target, Count, Pipelined</keys>
</table>
</item>
</section>
</item>
</section>
</item>
</section>

<section name = "Utilization Estimates" level="0">
<item name = "Summary"><table name="" hasTotal="1">
<keys size="5">Name, BRAM_18K, DSP48E, FF, LUT</keys>
<column name="Expression">-, -, 0, 128</column>
<column name="FIFO">-, -, -, -</column>
<column name="Instance">-, -, -, -</column>
<column name="Memory">-, -, -, -</column>
<column name="Multiplexer">-, -, -, -</column>
<column name="Register">-, -, 130, -</column>
<specialColumn name="Available">280, 220, 106400, 53200</specialColumn>
<specialColumn name="Utilization (%)">0, 0, ~0, ~0</specialColumn>
</table>
</item>
<item name = "Detail">
<section name = "" level="1">
<item name = "Instance"><table name="" hasTotal="1">
<keys size="6">Instance, Module, BRAM_18K, DSP48E, FF, LUT</keys>
</table>
</item>
<item name = "Memory"><table name="" hasTotal="1">
<keys size="9">Memory, Module, BRAM_18K, FF, LUT, Words, Bits, Banks, W*Bits*Banks</keys>
</table>
</item>
<item name = "FIFO"><table name="" hasTotal="1">
<keys size="7">Name, BRAM_18K, FF, LUT, Depth, Bits, Size:D*B</keys>
</table>
</item>
<item name = "Expression"><table name="" hasTotal="1">
<keys size="7">Variable Name, Operation, DSP48E, FF, LUT, Bitwidth P0, Bitwidth P1</keys>
<column name="tmp_27_0_1_fu_355_p2">xor, 0, 0, 8, 8, 8</column>
<column name="tmp_27_0_2_fu_370_p2">xor, 0, 0, 8, 8, 8</column>
<column name="tmp_27_0_3_fu_385_p2">xor, 0, 0, 8, 8, 8</column>
<column name="tmp_27_1_1_fu_415_p2">xor, 0, 0, 8, 8, 8</column>
<column name="tmp_27_1_2_fu_430_p2">xor, 0, 0, 8, 8, 8</column>
<column name="tmp_27_1_3_fu_445_p2">xor, 0, 0, 8, 8, 8</column>
<column name="tmp_27_1_fu_400_p2">xor, 0, 0, 8, 8, 8</column>
<column name="tmp_27_2_1_fu_475_p2">xor, 0, 0, 8, 8, 8</column>
<column name="tmp_27_2_2_fu_490_p2">xor, 0, 0, 8, 8, 8</column>
<column name="tmp_27_2_3_fu_505_p2">xor, 0, 0, 8, 8, 8</column>
<column name="tmp_27_2_fu_460_p2">xor, 0, 0, 8, 8, 8</column>
<column name="tmp_27_3_1_fu_535_p2">xor, 0, 0, 8, 8, 8</column>
<column name="tmp_27_3_2_fu_550_p2">xor, 0, 0, 8, 8, 8</column>
<column name="tmp_27_3_3_fu_565_p2">xor, 0, 0, 8, 8, 8</column>
<column name="tmp_27_3_fu_520_p2">xor, 0, 0, 8, 8, 8</column>
<column name="tmp_27_fu_340_p2">xor, 0, 0, 8, 8, 8</column>
</table>
</item>
<item name = "Multiplexer"><table name="" hasTotal="1">
<keys size="5">Name, LUT, Input Size, Bits, Total Bits</keys>
</table>
</item>
<item name = "Register"><table name="" hasTotal="1">
<keys size="5">Name, FF, LUT, Bits, Const Bits</keys>
<column name="ap_CS_fsm">1, 0, 1, 0</column>
<column name="ap_reg_ppiten_pp0_it1">1, 0, 1, 0</column>
<column name="tmp_39_reg_621">8, 0, 8, 0</column>
<column name="tmp_41_reg_626">8, 0, 8, 0</column>
<column name="tmp_43_reg_631">8, 0, 8, 0</column>
<column name="tmp_45_reg_636">8, 0, 8, 0</column>
<column name="tmp_47_reg_641">8, 0, 8, 0</column>
<column name="tmp_49_reg_646">8, 0, 8, 0</column>
<column name="tmp_51_reg_651">8, 0, 8, 0</column>
<column name="tmp_53_reg_656">8, 0, 8, 0</column>
<column name="tmp_55_reg_661">8, 0, 8, 0</column>
<column name="tmp_57_reg_666">8, 0, 8, 0</column>
<column name="tmp_59_reg_671">8, 0, 8, 0</column>
<column name="tmp_61_reg_676">8, 0, 8, 0</column>
<column name="tmp_63_reg_681">8, 0, 8, 0</column>
<column name="tmp_65_reg_686">8, 0, 8, 0</column>
<column name="tmp_reg_611">8, 0, 8, 0</column>
<column name="tmp_s_reg_616">8, 0, 8, 0</column>
</table>
</item>
</section>
</item>
</section>

<section name = "Interface" level="0">
<item name = "Summary"><table name="" hasTotal="0">
<keys size="6">RTL Ports, Dir, Bits, Protocol, Source Object, C Type</keys>
<column name="ap_clk">in, 1, ap_ctrl_hs, Cipher_AddRoundKey, return value</column>
<column name="ap_rst">in, 1, ap_ctrl_hs, Cipher_AddRoundKey, return value</column>
<column name="ap_start">in, 1, ap_ctrl_hs, Cipher_AddRoundKey, return value</column>
<column name="ap_done">out, 1, ap_ctrl_hs, Cipher_AddRoundKey, return value</column>
<column name="ap_idle">out, 1, ap_ctrl_hs, Cipher_AddRoundKey, return value</column>
<column name="ap_ready">out, 1, ap_ctrl_hs, Cipher_AddRoundKey, return value</column>
<column name="ap_return">out, 128, ap_ctrl_hs, Cipher_AddRoundKey, return value</column>
<column name="state_i_read">in, 128, ap_none, state_i_read, scalar</column>
<column name="w_bias_address0">out, 4, ap_memory, w_bias, array</column>
<column name="w_bias_ce0">out, 1, ap_memory, w_bias, array</column>
<column name="w_bias_q0">in, 128, ap_memory, w_bias, array</column>
<column name="w_bias_offset">in, 5, ap_none, w_bias_offset, scalar</column>
</table>
</item>
</section>
</profile>
