<profile>

<section name = "Vivado HLS Report for 'Cipher_Four_Term_Multiplication'" level="0">
<item name = "Date">Tue Jan 31 18:40:46 2017
</item>
<item name = "Version">2015.1 (Build 1215546 on Mon Apr 27 19:24:50 PM 2015)</item>
<item name = "Project">HLS_v2</item>
<item name = "Solution">solution1</item>
<item name = "Product family">zynq</item>
<item name = "Target device">xc7z020clg484-1</item>
</section>

<section name = "Performance Estimates" level="0">
<item name = "Timing (ns)">
<section name = "" level="1">
<item name = "Summary"><table name="" hasTotal="0">
<keys size="4">Clock, Target, Estimated, Uncertainty</keys>
<column name="default">1000000.00, 6.85, 125000.00</column>
</table>
</item>
</section>
</item>
<item name = "Latency (clock cycles)">
<section name = "" level="1">
<item name = "Summary"><table name="" hasTotal="0">
<keys size="6">, min, max, min, max, Type</keys>
<column name="">0, 0, 1, 1, function</column>
</table>
</item>
<item name = "Detail">
<section name = "" level="1">
<item name = "Instance"><table name="" hasTotal="0">
<keys size="7">Instance, Module, min, max, min, max, Type</keys>
</table>
</item>
<item name = "Loop"><table name="" hasTotal="0">
<keys size="8">Loop Name, min, max, Latency, achieved, target, Count, Pipelined</keys>
</table>
</item>
</section>
</item>
</section>
</item>
</section>

<section name = "Utilization Estimates" level="0">
<item name = "Summary"><table name="" hasTotal="1">
<keys size="5">Name, BRAM_18K, DSP48E, FF, LUT</keys>
<column name="Expression">-, -, 0, 192</column>
<column name="FIFO">-, -, -, -</column>
<column name="Instance">-, -, -, -</column>
<column name="Memory">-, -, -, -</column>
<column name="Multiplexer">-, -, -, -</column>
<column name="Register">-, -, -, -</column>
<specialColumn name="Available">280, 220, 106400, 53200</specialColumn>
<specialColumn name="Utilization (%)">0, 0, 0, ~0</specialColumn>
</table>
</item>
<item name = "Detail">
<section name = "" level="1">
<item name = "Instance"><table name="" hasTotal="1">
<keys size="6">Instance, Module, BRAM_18K, DSP48E, FF, LUT</keys>
</table>
</item>
<item name = "Memory"><table name="" hasTotal="1">
<keys size="9">Memory, Module, BRAM_18K, FF, LUT, Words, Bits, Banks, W*Bits*Banks</keys>
</table>
</item>
<item name = "FIFO"><table name="" hasTotal="1">
<keys size="7">Name, BRAM_18K, FF, LUT, Depth, Bits, Size:D*B</keys>
</table>
</item>
<item name = "Expression"><table name="" hasTotal="1">
<keys size="7">Variable Name, Operation, DSP48E, FF, LUT, Bitwidth P0, Bitwidth P1</keys>
<column name="result_11_fu_197_p3">Select, 0, 0, 8, 1, 8</column>
<column name="result_2_fu_65_p3">Select, 0, 0, 8, 1, 8</column>
<column name="result_5_fu_93_p3">Select, 0, 0, 8, 1, 8</column>
<column name="result_8_fu_145_p3">Select, 0, 0, 8, 1, 8</column>
<column name="OUT_1_fu_171_p2">xor, 0, 0, 8, 8, 8</column>
<column name="OUT_2_fu_223_p2">xor, 0, 0, 8, 8, 8</column>
<column name="OUT_3_fu_247_p2">xor, 0, 0, 8, 8, 8</column>
<column name="OUT_fu_119_p2">xor, 0, 0, 8, 8, 8</column>
<column name="result_10_fu_191_p2">xor, 0, 0, 8, 8, 5</column>
<column name="result_1_fu_59_p2">xor, 0, 0, 8, 8, 5</column>
<column name="result_4_fu_87_p2">xor, 0, 0, 8, 8, 5</column>
<column name="result_7_fu_139_p2">xor, 0, 0, 8, 8, 5</column>
<column name="tmp10_fu_241_p2">xor, 0, 0, 8, 8, 8</column>
<column name="tmp11_fu_235_p2">xor, 0, 0, 8, 8, 8</column>
<column name="tmp1_fu_113_p2">xor, 0, 0, 8, 8, 8</column>
<column name="tmp2_fu_107_p2">xor, 0, 0, 8, 8, 8</column>
<column name="tmp3_fu_153_p2">xor, 0, 0, 8, 8, 8</column>
<column name="tmp4_fu_165_p2">xor, 0, 0, 8, 8, 8</column>
<column name="tmp5_fu_159_p2">xor, 0, 0, 8, 8, 8</column>
<column name="tmp6_fu_205_p2">xor, 0, 0, 8, 8, 8</column>
<column name="tmp7_fu_217_p2">xor, 0, 0, 8, 8, 8</column>
<column name="tmp8_fu_211_p2">xor, 0, 0, 8, 8, 8</column>
<column name="tmp9_fu_229_p2">xor, 0, 0, 8, 8, 8</column>
<column name="tmp_fu_101_p2">xor, 0, 0, 8, 8, 8</column>
</table>
</item>
<item name = "Multiplexer"><table name="" hasTotal="1">
<keys size="5">Name, LUT, Input Size, Bits, Total Bits</keys>
</table>
</item>
<item name = "Register"><table name="" hasTotal="1">
<keys size="5">Name, FF, LUT, Bits, Const Bits</keys>
</table>
</item>
</section>
</item>
</section>

<section name = "Interface" level="0">
<item name = "Summary"><table name="" hasTotal="0">
<keys size="6">RTL Ports, Dir, Bits, Protocol, Source Object, C Type</keys>
<column name="p_read">in, 8, ap_none, p_read, scalar</column>
<column name="p_read1">in, 8, ap_none, p_read1, scalar</column>
<column name="p_read2">in, 8, ap_none, p_read2, scalar</column>
<column name="p_read3">in, 8, ap_none, p_read3, scalar</column>
<column name="ap_return_0">out, 8, ap_ctrl_hs, Cipher_Four_Term_Multiplication, return value</column>
<column name="ap_return_1">out, 8, ap_ctrl_hs, Cipher_Four_Term_Multiplication, return value</column>
<column name="ap_return_2">out, 8, ap_ctrl_hs, Cipher_Four_Term_Multiplication, return value</column>
<column name="ap_return_3">out, 8, ap_ctrl_hs, Cipher_Four_Term_Multiplication, return value</column>
</table>
</item>
</section>
</profile>
