<stg><name>Cipher_AddRoundKey</name>


<trans_list>

<trans id="66" from="1" to="2">
<condition id="1">
<or_exp><and_exp></and_exp></or_exp>
</condition>
</trans>
</trans_list>



<state_list>

<state id="1" st_id="1">

<operation id="3" st_id="1" stage="1" lat="1">
<core>NULL</core>
<MemPortIdVec></MemPortIdVec>
<condition id="-1">
<or_exp><and_exp></and_exp></or_exp>
</condition>

<node id="4" bw="5" op_0_bw="5" op_1_bw="5">
<![CDATA[
.preheader.preheader.0:0  %w_bias_offset_read = call i5 @_ssdm_op_Read.ap_auto.i5(i5 %w_bias_offset)

]]></node>
<StgValue><ssdm name="w_bias_offset_read"/></StgValue>
</operation>

<operation id="4" st_id="1" stage="1" lat="1">
<core>NULL</core>
<MemPortIdVec></MemPortIdVec>
<condition id="-1">
<or_exp><and_exp></and_exp></or_exp>
</condition>

<node id="5" bw="128" op_0_bw="128" op_1_bw="128">
<![CDATA[
.preheader.preheader.0:1  %state_i_read_4 = call i128 @_ssdm_op_Read.ap_none.i128(i128 %state_i_read)

]]></node>
<StgValue><ssdm name="state_i_read_4"/></StgValue>
</operation>

<operation id="5" st_id="1" stage="1" lat="1">
<core>NULL</core>
<MemPortIdVec></MemPortIdVec>
<condition id="-1">
<or_exp><and_exp></and_exp></or_exp>
</condition>

<node id="6" bw="64" op_0_bw="5">
<![CDATA[
.preheader.preheader.0:2  %w_bias_offset_cast = zext i5 %w_bias_offset_read to i64

]]></node>
<StgValue><ssdm name="w_bias_offset_cast"/></StgValue>
</operation>

<operation id="6" st_id="1" stage="1" lat="1">
<core>NULL</core>
<MemPortIdVec></MemPortIdVec>
<condition id="-1">
<or_exp><and_exp></and_exp></or_exp>
</condition>

<node id="7" bw="4" op_0_bw="128" op_1_bw="64" op_2_bw="64">
<![CDATA[
.preheader.preheader.0:3  %w_bias_addr = getelementptr [11 x i128]* %w_bias, i64 0, i64 %w_bias_offset_cast

]]></node>
<StgValue><ssdm name="w_bias_addr"/></StgValue>
</operation>

<operation id="7" st_id="1" stage="1" lat="1">
<core>NULL</core>
<MemPortIdVec></MemPortIdVec>
<condition id="-1">
<or_exp><and_exp></and_exp></or_exp>
</condition>

<node id="13" bw="8" op_0_bw="128">
<![CDATA[
.preheader.preheader.0:9  %tmp = trunc i128 %state_i_read_4 to i8

]]></node>
<StgValue><ssdm name="tmp"/></StgValue>
</operation>

<operation id="8" st_id="1" stage="2" lat="2">
<core>RAM</core>
<MemPortIdVec></MemPortIdVec>
<condition id="-1">
<or_exp><and_exp></and_exp></or_exp>
</condition>

<node id="14" bw="128" op_0_bw="4">
<![CDATA[
.preheader.preheader.0:10  %w_bias_load = load i128* %w_bias_addr, align 8

]]></node>
<StgValue><ssdm name="w_bias_load"/></StgValue>
</operation>

<operation id="9" st_id="1" stage="1" lat="1">
<core>NULL</core>
<MemPortIdVec></MemPortIdVec>
<condition id="-1">
<or_exp><and_exp></and_exp></or_exp>
</condition>

<node id="17" bw="8" op_0_bw="8" op_1_bw="128" op_2_bw="32" op_3_bw="32">
<![CDATA[
.preheader.preheader.0:13  %tmp_s = call i8 @_ssdm_op_PartSelect.i8.i128.i32.i32(i128 %state_i_read_4, i32 32, i32 39)

]]></node>
<StgValue><ssdm name="tmp_s"/></StgValue>
</operation>

<operation id="10" st_id="1" stage="1" lat="1">
<core>NULL</core>
<MemPortIdVec></MemPortIdVec>
<condition id="-1">
<or_exp><and_exp></and_exp></or_exp>
</condition>

<node id="20" bw="8" op_0_bw="8" op_1_bw="128" op_2_bw="32" op_3_bw="32">
<![CDATA[
.preheader.preheader.0:16  %tmp_39 = call i8 @_ssdm_op_PartSelect.i8.i128.i32.i32(i128 %state_i_read_4, i32 64, i32 71)

]]></node>
<StgValue><ssdm name="tmp_39"/></StgValue>
</operation>

<operation id="11" st_id="1" stage="1" lat="1">
<core>NULL</core>
<MemPortIdVec></MemPortIdVec>
<condition id="-1">
<or_exp><and_exp></and_exp></or_exp>
</condition>

<node id="23" bw="8" op_0_bw="8" op_1_bw="128" op_2_bw="32" op_3_bw="32">
<![CDATA[
.preheader.preheader.0:19  %tmp_41 = call i8 @_ssdm_op_PartSelect.i8.i128.i32.i32(i128 %state_i_read_4, i32 96, i32 103)

]]></node>
<StgValue><ssdm name="tmp_41"/></StgValue>
</operation>

<operation id="12" st_id="1" stage="1" lat="1">
<core>NULL</core>
<MemPortIdVec></MemPortIdVec>
<condition id="-1">
<or_exp><and_exp></and_exp></or_exp>
</condition>

<node id="26" bw="8" op_0_bw="8" op_1_bw="128" op_2_bw="32" op_3_bw="32">
<![CDATA[
.preheader.preheader.0:22  %tmp_43 = call i8 @_ssdm_op_PartSelect.i8.i128.i32.i32(i128 %state_i_read_4, i32 8, i32 15)

]]></node>
<StgValue><ssdm name="tmp_43"/></StgValue>
</operation>

<operation id="13" st_id="1" stage="1" lat="1">
<core>NULL</core>
<MemPortIdVec></MemPortIdVec>
<condition id="-1">
<or_exp><and_exp></and_exp></or_exp>
</condition>

<node id="29" bw="8" op_0_bw="8" op_1_bw="128" op_2_bw="32" op_3_bw="32">
<![CDATA[
.preheader.preheader.0:25  %tmp_45 = call i8 @_ssdm_op_PartSelect.i8.i128.i32.i32(i128 %state_i_read_4, i32 40, i32 47)

]]></node>
<StgValue><ssdm name="tmp_45"/></StgValue>
</operation>

<operation id="14" st_id="1" stage="1" lat="1">
<core>NULL</core>
<MemPortIdVec></MemPortIdVec>
<condition id="-1">
<or_exp><and_exp></and_exp></or_exp>
</condition>

<node id="32" bw="8" op_0_bw="8" op_1_bw="128" op_2_bw="32" op_3_bw="32">
<![CDATA[
.preheader.preheader.0:28  %tmp_47 = call i8 @_ssdm_op_PartSelect.i8.i128.i32.i32(i128 %state_i_read_4, i32 72, i32 79)

]]></node>
<StgValue><ssdm name="tmp_47"/></StgValue>
</operation>

<operation id="15" st_id="1" stage="1" lat="1">
<core>NULL</core>
<MemPortIdVec></MemPortIdVec>
<condition id="-1">
<or_exp><and_exp></and_exp></or_exp>
</condition>

<node id="35" bw="8" op_0_bw="8" op_1_bw="128" op_2_bw="32" op_3_bw="32">
<![CDATA[
.preheader.preheader.0:31  %tmp_49 = call i8 @_ssdm_op_PartSelect.i8.i128.i32.i32(i128 %state_i_read_4, i32 104, i32 111)

]]></node>
<StgValue><ssdm name="tmp_49"/></StgValue>
</operation>

<operation id="16" st_id="1" stage="1" lat="1">
<core>NULL</core>
<MemPortIdVec></MemPortIdVec>
<condition id="-1">
<or_exp><and_exp></and_exp></or_exp>
</condition>

<node id="38" bw="8" op_0_bw="8" op_1_bw="128" op_2_bw="32" op_3_bw="32">
<![CDATA[
.preheader.preheader.0:34  %tmp_51 = call i8 @_ssdm_op_PartSelect.i8.i128.i32.i32(i128 %state_i_read_4, i32 16, i32 23)

]]></node>
<StgValue><ssdm name="tmp_51"/></StgValue>
</operation>

<operation id="17" st_id="1" stage="1" lat="1">
<core>NULL</core>
<MemPortIdVec></MemPortIdVec>
<condition id="-1">
<or_exp><and_exp></and_exp></or_exp>
</condition>

<node id="41" bw="8" op_0_bw="8" op_1_bw="128" op_2_bw="32" op_3_bw="32">
<![CDATA[
.preheader.preheader.0:37  %tmp_53 = call i8 @_ssdm_op_PartSelect.i8.i128.i32.i32(i128 %state_i_read_4, i32 48, i32 55)

]]></node>
<StgValue><ssdm name="tmp_53"/></StgValue>
</operation>

<operation id="18" st_id="1" stage="1" lat="1">
<core>NULL</core>
<MemPortIdVec></MemPortIdVec>
<condition id="-1">
<or_exp><and_exp></and_exp></or_exp>
</condition>

<node id="44" bw="8" op_0_bw="8" op_1_bw="128" op_2_bw="32" op_3_bw="32">
<![CDATA[
.preheader.preheader.0:40  %tmp_55 = call i8 @_ssdm_op_PartSelect.i8.i128.i32.i32(i128 %state_i_read_4, i32 80, i32 87)

]]></node>
<StgValue><ssdm name="tmp_55"/></StgValue>
</operation>

<operation id="19" st_id="1" stage="1" lat="1">
<core>NULL</core>
<MemPortIdVec></MemPortIdVec>
<condition id="-1">
<or_exp><and_exp></and_exp></or_exp>
</condition>

<node id="47" bw="8" op_0_bw="8" op_1_bw="128" op_2_bw="32" op_3_bw="32">
<![CDATA[
.preheader.preheader.0:43  %tmp_57 = call i8 @_ssdm_op_PartSelect.i8.i128.i32.i32(i128 %state_i_read_4, i32 112, i32 119)

]]></node>
<StgValue><ssdm name="tmp_57"/></StgValue>
</operation>

<operation id="20" st_id="1" stage="1" lat="1">
<core>NULL</core>
<MemPortIdVec></MemPortIdVec>
<condition id="-1">
<or_exp><and_exp></and_exp></or_exp>
</condition>

<node id="50" bw="8" op_0_bw="8" op_1_bw="128" op_2_bw="32" op_3_bw="32">
<![CDATA[
.preheader.preheader.0:46  %tmp_59 = call i8 @_ssdm_op_PartSelect.i8.i128.i32.i32(i128 %state_i_read_4, i32 24, i32 31)

]]></node>
<StgValue><ssdm name="tmp_59"/></StgValue>
</operation>

<operation id="21" st_id="1" stage="1" lat="1">
<core>NULL</core>
<MemPortIdVec></MemPortIdVec>
<condition id="-1">
<or_exp><and_exp></and_exp></or_exp>
</condition>

<node id="53" bw="8" op_0_bw="8" op_1_bw="128" op_2_bw="32" op_3_bw="32">
<![CDATA[
.preheader.preheader.0:49  %tmp_61 = call i8 @_ssdm_op_PartSelect.i8.i128.i32.i32(i128 %state_i_read_4, i32 56, i32 63)

]]></node>
<StgValue><ssdm name="tmp_61"/></StgValue>
</operation>

<operation id="22" st_id="1" stage="1" lat="1">
<core>NULL</core>
<MemPortIdVec></MemPortIdVec>
<condition id="-1">
<or_exp><and_exp></and_exp></or_exp>
</condition>

<node id="56" bw="8" op_0_bw="8" op_1_bw="128" op_2_bw="32" op_3_bw="32">
<![CDATA[
.preheader.preheader.0:52  %tmp_63 = call i8 @_ssdm_op_PartSelect.i8.i128.i32.i32(i128 %state_i_read_4, i32 88, i32 95)

]]></node>
<StgValue><ssdm name="tmp_63"/></StgValue>
</operation>

<operation id="23" st_id="1" stage="1" lat="1">
<core>NULL</core>
<MemPortIdVec></MemPortIdVec>
<condition id="-1">
<or_exp><and_exp></and_exp></or_exp>
</condition>

<node id="59" bw="8" op_0_bw="8" op_1_bw="128" op_2_bw="32" op_3_bw="32">
<![CDATA[
.preheader.preheader.0:55  %tmp_65 = call i8 @_ssdm_op_PartSelect.i8.i128.i32.i32(i128 %state_i_read_4, i32 120, i32 127)

]]></node>
<StgValue><ssdm name="tmp_65"/></StgValue>
</operation>
</state>

<state id="2" st_id="2">

<operation id="24" st_id="2" stage="1" lat="1">
<core>NULL</core>
<MemPortIdVec></MemPortIdVec>
<condition id="-1">
<or_exp><and_exp></and_exp></or_exp>
</condition>

<node id="8" bw="0" op_0_bw="0" op_1_bw="32" op_2_bw="8" op_3_bw="32" op_4_bw="32" op_5_bw="32" op_6_bw="32" op_7_bw="8" op_8_bw="8" op_9_bw="8">
<![CDATA[
.preheader.preheader.0:4  call void (...)* @_ssdm_op_SpecInterface(i32 0, [13 x i8]* @p_str4, i32 0, i32 0, i32 0, i32 0, [1 x i8]* @p_str1, [1 x i8]* @p_str1, [1 x i8]* @p_str1) nounwind

]]></node>
<StgValue><ssdm name=""/></StgValue>
</operation>

<operation id="25" st_id="2" stage="1" lat="1">
<core>NULL</core>
<MemPortIdVec></MemPortIdVec>
<condition id="-1">
<or_exp><and_exp></and_exp></or_exp>
</condition>

<node id="9" bw="0" op_0_bw="0" op_1_bw="32" op_2_bw="32" op_3_bw="32" op_4_bw="32" op_5_bw="8">
<![CDATA[
.preheader.preheader.0:5  call void (...)* @_ssdm_op_SpecPipeline(i32 1, i32 1, i32 1, i32 0, [1 x i8]* @p_str1) nounwind

]]></node>
<StgValue><ssdm name=""/></StgValue>
</operation>

<operation id="26" st_id="2" stage="1" lat="1">
<core>NULL</core>
<MemPortIdVec></MemPortIdVec>
<condition id="-1">
<or_exp><and_exp></and_exp></or_exp>
</condition>

<node id="10" bw="0" op_0_bw="0" op_1_bw="128" op_2_bw="8" op_3_bw="32" op_4_bw="32" op_5_bw="32" op_6_bw="32" op_7_bw="8" op_8_bw="8" op_9_bw="8">
<![CDATA[
.preheader.preheader.0:6  call void (...)* @_ssdm_op_SpecInterface([11 x i128]* %w_bias, [8 x i8]* @p_str2, i32 0, i32 0, i32 0, i32 0, [1 x i8]* @p_str1, [1 x i8]* @p_str1, [1 x i8]* @p_str1) nounwind

]]></node>
<StgValue><ssdm name=""/></StgValue>
</operation>

<operation id="27" st_id="2" stage="1" lat="1">
<core>NULL</core>
<MemPortIdVec></MemPortIdVec>
<condition id="-1">
<or_exp><and_exp></and_exp></or_exp>
</condition>

<node id="11" bw="0" op_0_bw="0" op_1_bw="128" op_2_bw="8" op_3_bw="32" op_4_bw="32" op_5_bw="32" op_6_bw="32" op_7_bw="8" op_8_bw="8" op_9_bw="8">
<![CDATA[
.preheader.preheader.0:7  call void (...)* @_ssdm_op_SpecInterface(i128 %state_i_read, [8 x i8]* @p_str2, i32 0, i32 0, i32 0, i32 0, [1 x i8]* @p_str1, [1 x i8]* @p_str1, [1 x i8]* @p_str1) nounwind

]]></node>
<StgValue><ssdm name=""/></StgValue>
</operation>

<operation id="28" st_id="2" stage="1" lat="1">
<core>NULL</core>
<MemPortIdVec></MemPortIdVec>
<condition id="-1">
<or_exp><and_exp></and_exp></or_exp>
</condition>

<node id="12" bw="0" op_0_bw="0" op_1_bw="32" op_2_bw="128" op_3_bw="8" op_4_bw="32" op_5_bw="32" op_6_bw="32" op_7_bw="32" op_8_bw="8" op_9_bw="8" op_10_bw="8">
<![CDATA[
.preheader.preheader.0:8  call void (...)* @_ssdm_op_SpecInterface(i32 0, i128 %state_i_read, [8 x i8]* @p_str2, i32 0, i32 0, i32 0, i32 0, [1 x i8]* @p_str1, [1 x i8]* @p_str1, [1 x i8]* @p_str1)

]]></node>
<StgValue><ssdm name=""/></StgValue>
</operation>

<operation id="29" st_id="2" stage="1" lat="2">
<core>RAM</core>
<MemPortIdVec></MemPortIdVec>
<condition id="-1">
<or_exp><and_exp></and_exp></or_exp>
</condition>

<node id="14" bw="128" op_0_bw="4">
<![CDATA[
.preheader.preheader.0:10  %w_bias_load = load i128* %w_bias_addr, align 8

]]></node>
<StgValue><ssdm name="w_bias_load"/></StgValue>
</operation>

<operation id="30" st_id="2" stage="1" lat="1">
<core>NULL</core>
<MemPortIdVec></MemPortIdVec>
<condition id="-1">
<or_exp><and_exp></and_exp></or_exp>
</condition>

<node id="15" bw="8" op_0_bw="128">
<![CDATA[
.preheader.preheader.0:11  %tmp_13 = trunc i128 %w_bias_load to i8

]]></node>
<StgValue><ssdm name="tmp_13"/></StgValue>
</operation>

<operation id="31" st_id="2" stage="1" lat="1">
<core>LogicGate</core>
<MemPortIdVec></MemPortIdVec>
<condition id="-1">
<or_exp><and_exp></and_exp></or_exp>
</condition>

<node id="16" bw="8" op_0_bw="8" op_1_bw="8">
<![CDATA[
.preheader.preheader.0:12  %tmp_27 = xor i8 %tmp_13, %tmp

]]></node>
<StgValue><ssdm name="tmp_27"/></StgValue>
</operation>

<operation id="32" st_id="2" stage="1" lat="1">
<core>NULL</core>
<MemPortIdVec></MemPortIdVec>
<condition id="-1">
<or_exp><and_exp></and_exp></or_exp>
</condition>

<node id="18" bw="8" op_0_bw="8" op_1_bw="128" op_2_bw="9" op_3_bw="9">
<![CDATA[
.preheader.preheader.0:14  %tmp_38 = call i8 @_ssdm_op_PartSelect.i8.i128.i9.i9(i128 %w_bias_load, i9 32, i9 39)

]]></node>
<StgValue><ssdm name="tmp_38"/></StgValue>
</operation>

<operation id="33" st_id="2" stage="1" lat="1">
<core>LogicGate</core>
<MemPortIdVec></MemPortIdVec>
<condition id="-1">
<or_exp><and_exp></and_exp></or_exp>
</condition>

<node id="19" bw="8" op_0_bw="8" op_1_bw="8">
<![CDATA[
.preheader.preheader.0:15  %tmp_27_0_1 = xor i8 %tmp_38, %tmp_s

]]></node>
<StgValue><ssdm name="tmp_27_0_1"/></StgValue>
</operation>

<operation id="34" st_id="2" stage="1" lat="1">
<core>NULL</core>
<MemPortIdVec></MemPortIdVec>
<condition id="-1">
<or_exp><and_exp></and_exp></or_exp>
</condition>

<node id="21" bw="8" op_0_bw="8" op_1_bw="128" op_2_bw="9" op_3_bw="9">
<![CDATA[
.preheader.preheader.0:17  %tmp_40 = call i8 @_ssdm_op_PartSelect.i8.i128.i9.i9(i128 %w_bias_load, i9 64, i9 71)

]]></node>
<StgValue><ssdm name="tmp_40"/></StgValue>
</operation>

<operation id="35" st_id="2" stage="1" lat="1">
<core>LogicGate</core>
<MemPortIdVec></MemPortIdVec>
<condition id="-1">
<or_exp><and_exp></and_exp></or_exp>
</condition>

<node id="22" bw="8" op_0_bw="8" op_1_bw="8">
<![CDATA[
.preheader.preheader.0:18  %tmp_27_0_2 = xor i8 %tmp_40, %tmp_39

]]></node>
<StgValue><ssdm name="tmp_27_0_2"/></StgValue>
</operation>

<operation id="36" st_id="2" stage="1" lat="1">
<core>NULL</core>
<MemPortIdVec></MemPortIdVec>
<condition id="-1">
<or_exp><and_exp></and_exp></or_exp>
</condition>

<node id="24" bw="8" op_0_bw="8" op_1_bw="128" op_2_bw="9" op_3_bw="9">
<![CDATA[
.preheader.preheader.0:20  %tmp_42 = call i8 @_ssdm_op_PartSelect.i8.i128.i9.i9(i128 %w_bias_load, i9 96, i9 103)

]]></node>
<StgValue><ssdm name="tmp_42"/></StgValue>
</operation>

<operation id="37" st_id="2" stage="1" lat="1">
<core>LogicGate</core>
<MemPortIdVec></MemPortIdVec>
<condition id="-1">
<or_exp><and_exp></and_exp></or_exp>
</condition>

<node id="25" bw="8" op_0_bw="8" op_1_bw="8">
<![CDATA[
.preheader.preheader.0:21  %tmp_27_0_3 = xor i8 %tmp_42, %tmp_41

]]></node>
<StgValue><ssdm name="tmp_27_0_3"/></StgValue>
</operation>

<operation id="38" st_id="2" stage="1" lat="1">
<core>NULL</core>
<MemPortIdVec></MemPortIdVec>
<condition id="-1">
<or_exp><and_exp></and_exp></or_exp>
</condition>

<node id="27" bw="8" op_0_bw="8" op_1_bw="128" op_2_bw="9" op_3_bw="9">
<![CDATA[
.preheader.preheader.0:23  %tmp_44 = call i8 @_ssdm_op_PartSelect.i8.i128.i9.i9(i128 %w_bias_load, i9 8, i9 15)

]]></node>
<StgValue><ssdm name="tmp_44"/></StgValue>
</operation>

<operation id="39" st_id="2" stage="1" lat="1">
<core>LogicGate</core>
<MemPortIdVec></MemPortIdVec>
<condition id="-1">
<or_exp><and_exp></and_exp></or_exp>
</condition>

<node id="28" bw="8" op_0_bw="8" op_1_bw="8">
<![CDATA[
.preheader.preheader.0:24  %tmp_27_1 = xor i8 %tmp_44, %tmp_43

]]></node>
<StgValue><ssdm name="tmp_27_1"/></StgValue>
</operation>

<operation id="40" st_id="2" stage="1" lat="1">
<core>NULL</core>
<MemPortIdVec></MemPortIdVec>
<condition id="-1">
<or_exp><and_exp></and_exp></or_exp>
</condition>

<node id="30" bw="8" op_0_bw="8" op_1_bw="128" op_2_bw="9" op_3_bw="9">
<![CDATA[
.preheader.preheader.0:26  %tmp_46 = call i8 @_ssdm_op_PartSelect.i8.i128.i9.i9(i128 %w_bias_load, i9 40, i9 47)

]]></node>
<StgValue><ssdm name="tmp_46"/></StgValue>
</operation>

<operation id="41" st_id="2" stage="1" lat="1">
<core>LogicGate</core>
<MemPortIdVec></MemPortIdVec>
<condition id="-1">
<or_exp><and_exp></and_exp></or_exp>
</condition>

<node id="31" bw="8" op_0_bw="8" op_1_bw="8">
<![CDATA[
.preheader.preheader.0:27  %tmp_27_1_1 = xor i8 %tmp_46, %tmp_45

]]></node>
<StgValue><ssdm name="tmp_27_1_1"/></StgValue>
</operation>

<operation id="42" st_id="2" stage="1" lat="1">
<core>NULL</core>
<MemPortIdVec></MemPortIdVec>
<condition id="-1">
<or_exp><and_exp></and_exp></or_exp>
</condition>

<node id="33" bw="8" op_0_bw="8" op_1_bw="128" op_2_bw="9" op_3_bw="9">
<![CDATA[
.preheader.preheader.0:29  %tmp_48 = call i8 @_ssdm_op_PartSelect.i8.i128.i9.i9(i128 %w_bias_load, i9 72, i9 79)

]]></node>
<StgValue><ssdm name="tmp_48"/></StgValue>
</operation>

<operation id="43" st_id="2" stage="1" lat="1">
<core>LogicGate</core>
<MemPortIdVec></MemPortIdVec>
<condition id="-1">
<or_exp><and_exp></and_exp></or_exp>
</condition>

<node id="34" bw="8" op_0_bw="8" op_1_bw="8">
<![CDATA[
.preheader.preheader.0:30  %tmp_27_1_2 = xor i8 %tmp_48, %tmp_47

]]></node>
<StgValue><ssdm name="tmp_27_1_2"/></StgValue>
</operation>

<operation id="44" st_id="2" stage="1" lat="1">
<core>NULL</core>
<MemPortIdVec></MemPortIdVec>
<condition id="-1">
<or_exp><and_exp></and_exp></or_exp>
</condition>

<node id="36" bw="8" op_0_bw="8" op_1_bw="128" op_2_bw="9" op_3_bw="9">
<![CDATA[
.preheader.preheader.0:32  %tmp_50 = call i8 @_ssdm_op_PartSelect.i8.i128.i9.i9(i128 %w_bias_load, i9 104, i9 111)

]]></node>
<StgValue><ssdm name="tmp_50"/></StgValue>
</operation>

<operation id="45" st_id="2" stage="1" lat="1">
<core>LogicGate</core>
<MemPortIdVec></MemPortIdVec>
<condition id="-1">
<or_exp><and_exp></and_exp></or_exp>
</condition>

<node id="37" bw="8" op_0_bw="8" op_1_bw="8">
<![CDATA[
.preheader.preheader.0:33  %tmp_27_1_3 = xor i8 %tmp_50, %tmp_49

]]></node>
<StgValue><ssdm name="tmp_27_1_3"/></StgValue>
</operation>

<operation id="46" st_id="2" stage="1" lat="1">
<core>NULL</core>
<MemPortIdVec></MemPortIdVec>
<condition id="-1">
<or_exp><and_exp></and_exp></or_exp>
</condition>

<node id="39" bw="8" op_0_bw="8" op_1_bw="128" op_2_bw="9" op_3_bw="9">
<![CDATA[
.preheader.preheader.0:35  %tmp_52 = call i8 @_ssdm_op_PartSelect.i8.i128.i9.i9(i128 %w_bias_load, i9 16, i9 23)

]]></node>
<StgValue><ssdm name="tmp_52"/></StgValue>
</operation>

<operation id="47" st_id="2" stage="1" lat="1">
<core>LogicGate</core>
<MemPortIdVec></MemPortIdVec>
<condition id="-1">
<or_exp><and_exp></and_exp></or_exp>
</condition>

<node id="40" bw="8" op_0_bw="8" op_1_bw="8">
<![CDATA[
.preheader.preheader.0:36  %tmp_27_2 = xor i8 %tmp_52, %tmp_51

]]></node>
<StgValue><ssdm name="tmp_27_2"/></StgValue>
</operation>

<operation id="48" st_id="2" stage="1" lat="1">
<core>NULL</core>
<MemPortIdVec></MemPortIdVec>
<condition id="-1">
<or_exp><and_exp></and_exp></or_exp>
</condition>

<node id="42" bw="8" op_0_bw="8" op_1_bw="128" op_2_bw="9" op_3_bw="9">
<![CDATA[
.preheader.preheader.0:38  %tmp_54 = call i8 @_ssdm_op_PartSelect.i8.i128.i9.i9(i128 %w_bias_load, i9 48, i9 55)

]]></node>
<StgValue><ssdm name="tmp_54"/></StgValue>
</operation>

<operation id="49" st_id="2" stage="1" lat="1">
<core>LogicGate</core>
<MemPortIdVec></MemPortIdVec>
<condition id="-1">
<or_exp><and_exp></and_exp></or_exp>
</condition>

<node id="43" bw="8" op_0_bw="8" op_1_bw="8">
<![CDATA[
.preheader.preheader.0:39  %tmp_27_2_1 = xor i8 %tmp_54, %tmp_53

]]></node>
<StgValue><ssdm name="tmp_27_2_1"/></StgValue>
</operation>

<operation id="50" st_id="2" stage="1" lat="1">
<core>NULL</core>
<MemPortIdVec></MemPortIdVec>
<condition id="-1">
<or_exp><and_exp></and_exp></or_exp>
</condition>

<node id="45" bw="8" op_0_bw="8" op_1_bw="128" op_2_bw="9" op_3_bw="9">
<![CDATA[
.preheader.preheader.0:41  %tmp_56 = call i8 @_ssdm_op_PartSelect.i8.i128.i9.i9(i128 %w_bias_load, i9 80, i9 87)

]]></node>
<StgValue><ssdm name="tmp_56"/></StgValue>
</operation>

<operation id="51" st_id="2" stage="1" lat="1">
<core>LogicGate</core>
<MemPortIdVec></MemPortIdVec>
<condition id="-1">
<or_exp><and_exp></and_exp></or_exp>
</condition>

<node id="46" bw="8" op_0_bw="8" op_1_bw="8">
<![CDATA[
.preheader.preheader.0:42  %tmp_27_2_2 = xor i8 %tmp_56, %tmp_55

]]></node>
<StgValue><ssdm name="tmp_27_2_2"/></StgValue>
</operation>

<operation id="52" st_id="2" stage="1" lat="1">
<core>NULL</core>
<MemPortIdVec></MemPortIdVec>
<condition id="-1">
<or_exp><and_exp></and_exp></or_exp>
</condition>

<node id="48" bw="8" op_0_bw="8" op_1_bw="128" op_2_bw="9" op_3_bw="9">
<![CDATA[
.preheader.preheader.0:44  %tmp_58 = call i8 @_ssdm_op_PartSelect.i8.i128.i9.i9(i128 %w_bias_load, i9 112, i9 119)

]]></node>
<StgValue><ssdm name="tmp_58"/></StgValue>
</operation>

<operation id="53" st_id="2" stage="1" lat="1">
<core>LogicGate</core>
<MemPortIdVec></MemPortIdVec>
<condition id="-1">
<or_exp><and_exp></and_exp></or_exp>
</condition>

<node id="49" bw="8" op_0_bw="8" op_1_bw="8">
<![CDATA[
.preheader.preheader.0:45  %tmp_27_2_3 = xor i8 %tmp_58, %tmp_57

]]></node>
<StgValue><ssdm name="tmp_27_2_3"/></StgValue>
</operation>

<operation id="54" st_id="2" stage="1" lat="1">
<core>NULL</core>
<MemPortIdVec></MemPortIdVec>
<condition id="-1">
<or_exp><and_exp></and_exp></or_exp>
</condition>

<node id="51" bw="8" op_0_bw="8" op_1_bw="128" op_2_bw="9" op_3_bw="9">
<![CDATA[
.preheader.preheader.0:47  %tmp_60 = call i8 @_ssdm_op_PartSelect.i8.i128.i9.i9(i128 %w_bias_load, i9 24, i9 31)

]]></node>
<StgValue><ssdm name="tmp_60"/></StgValue>
</operation>

<operation id="55" st_id="2" stage="1" lat="1">
<core>LogicGate</core>
<MemPortIdVec></MemPortIdVec>
<condition id="-1">
<or_exp><and_exp></and_exp></or_exp>
</condition>

<node id="52" bw="8" op_0_bw="8" op_1_bw="8">
<![CDATA[
.preheader.preheader.0:48  %tmp_27_3 = xor i8 %tmp_60, %tmp_59

]]></node>
<StgValue><ssdm name="tmp_27_3"/></StgValue>
</operation>

<operation id="56" st_id="2" stage="1" lat="1">
<core>NULL</core>
<MemPortIdVec></MemPortIdVec>
<condition id="-1">
<or_exp><and_exp></and_exp></or_exp>
</condition>

<node id="54" bw="8" op_0_bw="8" op_1_bw="128" op_2_bw="9" op_3_bw="9">
<![CDATA[
.preheader.preheader.0:50  %tmp_62 = call i8 @_ssdm_op_PartSelect.i8.i128.i9.i9(i128 %w_bias_load, i9 56, i9 63)

]]></node>
<StgValue><ssdm name="tmp_62"/></StgValue>
</operation>

<operation id="57" st_id="2" stage="1" lat="1">
<core>LogicGate</core>
<MemPortIdVec></MemPortIdVec>
<condition id="-1">
<or_exp><and_exp></and_exp></or_exp>
</condition>

<node id="55" bw="8" op_0_bw="8" op_1_bw="8">
<![CDATA[
.preheader.preheader.0:51  %tmp_27_3_1 = xor i8 %tmp_62, %tmp_61

]]></node>
<StgValue><ssdm name="tmp_27_3_1"/></StgValue>
</operation>

<operation id="58" st_id="2" stage="1" lat="1">
<core>NULL</core>
<MemPortIdVec></MemPortIdVec>
<condition id="-1">
<or_exp><and_exp></and_exp></or_exp>
</condition>

<node id="57" bw="8" op_0_bw="8" op_1_bw="128" op_2_bw="9" op_3_bw="9">
<![CDATA[
.preheader.preheader.0:53  %tmp_64 = call i8 @_ssdm_op_PartSelect.i8.i128.i9.i9(i128 %w_bias_load, i9 88, i9 95)

]]></node>
<StgValue><ssdm name="tmp_64"/></StgValue>
</operation>

<operation id="59" st_id="2" stage="1" lat="1">
<core>LogicGate</core>
<MemPortIdVec></MemPortIdVec>
<condition id="-1">
<or_exp><and_exp></and_exp></or_exp>
</condition>

<node id="58" bw="8" op_0_bw="8" op_1_bw="8">
<![CDATA[
.preheader.preheader.0:54  %tmp_27_3_2 = xor i8 %tmp_64, %tmp_63

]]></node>
<StgValue><ssdm name="tmp_27_3_2"/></StgValue>
</operation>

<operation id="60" st_id="2" stage="1" lat="1">
<core>NULL</core>
<MemPortIdVec></MemPortIdVec>
<condition id="-1">
<or_exp><and_exp></and_exp></or_exp>
</condition>

<node id="60" bw="8" op_0_bw="8" op_1_bw="128" op_2_bw="9" op_3_bw="9">
<![CDATA[
.preheader.preheader.0:56  %tmp_66 = call i8 @_ssdm_op_PartSelect.i8.i128.i9.i9(i128 %w_bias_load, i9 120, i9 127)

]]></node>
<StgValue><ssdm name="tmp_66"/></StgValue>
</operation>

<operation id="61" st_id="2" stage="1" lat="1">
<core>LogicGate</core>
<MemPortIdVec></MemPortIdVec>
<condition id="-1">
<or_exp><and_exp></and_exp></or_exp>
</condition>

<node id="61" bw="8" op_0_bw="8" op_1_bw="8">
<![CDATA[
.preheader.preheader.0:57  %tmp_27_3_3 = xor i8 %tmp_66, %tmp_65

]]></node>
<StgValue><ssdm name="tmp_27_3_3"/></StgValue>
</operation>

<operation id="62" st_id="2" stage="1" lat="1">
<core>NULL</core>
<MemPortIdVec></MemPortIdVec>
<condition id="-1">
<or_exp><and_exp></and_exp></or_exp>
</condition>

<node id="62" bw="128" op_0_bw="128" op_1_bw="8" op_2_bw="8" op_3_bw="8" op_4_bw="8" op_5_bw="8" op_6_bw="8" op_7_bw="8" op_8_bw="8" op_9_bw="8" op_10_bw="8" op_11_bw="8" op_12_bw="8" op_13_bw="8" op_14_bw="8" op_15_bw="8" op_16_bw="8">
<![CDATA[
.preheader.preheader.0:58  %tmp_67 = call i128 @_ssdm_op_BitConcatenate.i128.i8.i8.i8.i8.i8.i8.i8.i8.i8.i8.i8.i8.i8.i8.i8.i8(i8 %tmp_27_3_3, i8 %tmp_27_2_3, i8 %tmp_27_1_3, i8 %tmp_27_0_3, i8 %tmp_27_3_2, i8 %tmp_27_2_2, i8 %tmp_27_1_2, i8 %tmp_27_0_2, i8 %tmp_27_3_1, i8 %tmp_27_2_1, i8 %tmp_27_1_1, i8 %tmp_27_0_1, i8 %tmp_27_3, i8 %tmp_27_2, i8 %tmp_27_1, i8 %tmp_27)

]]></node>
<StgValue><ssdm name="tmp_67"/></StgValue>
</operation>

<operation id="63" st_id="2" stage="1" lat="1">
<core>NULL</core>
<MemPortIdVec></MemPortIdVec>
<condition id="-1">
<or_exp><and_exp></and_exp></or_exp>
</condition>

<node id="63" bw="0" op_0_bw="128">
<![CDATA[
.preheader.preheader.0:59  ret i128 %tmp_67

]]></node>
<StgValue><ssdm name=""/></StgValue>
</operation>
</state>
</state_list>


<ports>
</ports>


<dataflows>
</dataflows>


</stg>
