<stg><name>Cipher_Four_Term_Multiplication</name>


<trans_list>
</trans_list>



<state_list>

<state id="1" st_id="1">

<operation id="2" st_id="1" stage="1" lat="1">
<core>NULL</core>
<MemPortIdVec></MemPortIdVec>
<condition id="-1">
<or_exp><and_exp></and_exp></or_exp>
</condition>

<node id="5" bw="8" op_0_bw="8" op_1_bw="8">
<![CDATA[
:0  %p_read_1 = call i8 @_ssdm_op_Read.ap_auto.i8(i8 %p_read3)

]]></node>
<StgValue><ssdm name="p_read_1"/></StgValue>
</operation>

<operation id="3" st_id="1" stage="1" lat="1">
<core>NULL</core>
<MemPortIdVec></MemPortIdVec>
<condition id="-1">
<or_exp><and_exp></and_exp></or_exp>
</condition>

<node id="6" bw="8" op_0_bw="8" op_1_bw="8">
<![CDATA[
:1  %p_read_2 = call i8 @_ssdm_op_Read.ap_auto.i8(i8 %p_read2)

]]></node>
<StgValue><ssdm name="p_read_2"/></StgValue>
</operation>

<operation id="4" st_id="1" stage="1" lat="1">
<core>NULL</core>
<MemPortIdVec></MemPortIdVec>
<condition id="-1">
<or_exp><and_exp></and_exp></or_exp>
</condition>

<node id="7" bw="8" op_0_bw="8" op_1_bw="8">
<![CDATA[
:2  %p_read_3 = call i8 @_ssdm_op_Read.ap_auto.i8(i8 %p_read1)

]]></node>
<StgValue><ssdm name="p_read_3"/></StgValue>
</operation>

<operation id="5" st_id="1" stage="1" lat="1">
<core>NULL</core>
<MemPortIdVec></MemPortIdVec>
<condition id="-1">
<or_exp><and_exp></and_exp></or_exp>
</condition>

<node id="8" bw="8" op_0_bw="8" op_1_bw="8">
<![CDATA[
:3  %p_read_4 = call i8 @_ssdm_op_Read.ap_auto.i8(i8 %p_read)

]]></node>
<StgValue><ssdm name="p_read_4"/></StgValue>
</operation>

<operation id="6" st_id="1" stage="1" lat="1">
<core>NULL</core>
<MemPortIdVec></MemPortIdVec>
<condition id="-1">
<or_exp><and_exp></and_exp></or_exp>
</condition>

<node id="9" bw="8" op_0_bw="8" op_1_bw="8">
<![CDATA[
:4  %result = shl i8 %p_read_4, 1

]]></node>
<StgValue><ssdm name="result"/></StgValue>
</operation>

<operation id="7" st_id="1" stage="1" lat="1">
<core>NULL</core>
<MemPortIdVec></MemPortIdVec>
<condition id="-1">
<or_exp><and_exp></and_exp></or_exp>
</condition>

<node id="10" bw="1" op_0_bw="1" op_1_bw="8" op_2_bw="32">
<![CDATA[
:5  %tmp_2 = call i1 @_ssdm_op_BitSelect.i1.i8.i32(i8 %p_read_4, i32 7)

]]></node>
<StgValue><ssdm name="tmp_2"/></StgValue>
</operation>

<operation id="8" st_id="1" stage="1" lat="1">
<core>LogicGate</core>
<MemPortIdVec></MemPortIdVec>
<condition id="12">
<or_exp><and_exp><literal name="tmp_2" val="1"/>
</and_exp></or_exp>
</condition>

<node id="11" bw="8" op_0_bw="8" op_1_bw="8">
<![CDATA[
:6  %result_1 = xor i8 %result, 27

]]></node>
<StgValue><ssdm name="result_1"/></StgValue>
</operation>

<operation id="9" st_id="1" stage="1" lat="1">
<core>Sel</core>
<MemPortIdVec></MemPortIdVec>
<condition id="-1">
<or_exp><and_exp></and_exp></or_exp>
</condition>

<node id="12" bw="8" op_0_bw="1" op_1_bw="8" op_2_bw="8">
<![CDATA[
:7  %result_2 = select i1 %tmp_2, i8 %result_1, i8 %result

]]></node>
<StgValue><ssdm name="result_2"/></StgValue>
</operation>

<operation id="10" st_id="1" stage="1" lat="1">
<core>NULL</core>
<MemPortIdVec></MemPortIdVec>
<condition id="-1">
<or_exp><and_exp></and_exp></or_exp>
</condition>

<node id="13" bw="8" op_0_bw="8" op_1_bw="8">
<![CDATA[
:8  %result_3 = shl i8 %p_read_3, 1

]]></node>
<StgValue><ssdm name="result_3"/></StgValue>
</operation>

<operation id="11" st_id="1" stage="1" lat="1">
<core>NULL</core>
<MemPortIdVec></MemPortIdVec>
<condition id="-1">
<or_exp><and_exp></and_exp></or_exp>
</condition>

<node id="14" bw="1" op_0_bw="1" op_1_bw="8" op_2_bw="32">
<![CDATA[
:9  %tmp_4 = call i1 @_ssdm_op_BitSelect.i1.i8.i32(i8 %p_read_3, i32 7)

]]></node>
<StgValue><ssdm name="tmp_4"/></StgValue>
</operation>

<operation id="12" st_id="1" stage="1" lat="1">
<core>LogicGate</core>
<MemPortIdVec></MemPortIdVec>
<condition id="13">
<or_exp><and_exp><literal name="tmp_4" val="1"/>
</and_exp></or_exp>
</condition>

<node id="15" bw="8" op_0_bw="8" op_1_bw="8">
<![CDATA[
:10  %result_4 = xor i8 %result_3, 27

]]></node>
<StgValue><ssdm name="result_4"/></StgValue>
</operation>

<operation id="13" st_id="1" stage="1" lat="1">
<core>Sel</core>
<MemPortIdVec></MemPortIdVec>
<condition id="-1">
<or_exp><and_exp></and_exp></or_exp>
</condition>

<node id="16" bw="8" op_0_bw="1" op_1_bw="8" op_2_bw="8">
<![CDATA[
:11  %result_5 = select i1 %tmp_4, i8 %result_4, i8 %result_3

]]></node>
<StgValue><ssdm name="result_5"/></StgValue>
</operation>

<operation id="14" st_id="1" stage="1" lat="1">
<core>LogicGate</core>
<MemPortIdVec></MemPortIdVec>
<condition id="-1">
<or_exp><and_exp></and_exp></or_exp>
</condition>

<node id="17" bw="8" op_0_bw="8" op_1_bw="8">
<![CDATA[
:12  %tmp = xor i8 %result_2, %p_read_4

]]></node>
<StgValue><ssdm name="tmp"/></StgValue>
</operation>

<operation id="15" st_id="1" stage="1" lat="1">
<core>LogicGate</core>
<MemPortIdVec></MemPortIdVec>
<condition id="-1">
<or_exp><and_exp></and_exp></or_exp>
</condition>

<node id="18" bw="8" op_0_bw="8" op_1_bw="8">
<![CDATA[
:13  %tmp2 = xor i8 %p_read_2, %p_read_1

]]></node>
<StgValue><ssdm name="tmp2"/></StgValue>
</operation>

<operation id="16" st_id="1" stage="1" lat="1">
<core>LogicGate</core>
<MemPortIdVec></MemPortIdVec>
<condition id="-1">
<or_exp><and_exp></and_exp></or_exp>
</condition>

<node id="19" bw="8" op_0_bw="8" op_1_bw="8">
<![CDATA[
:14  %tmp1 = xor i8 %tmp2, %result_5

]]></node>
<StgValue><ssdm name="tmp1"/></StgValue>
</operation>

<operation id="17" st_id="1" stage="1" lat="1">
<core>LogicGate</core>
<MemPortIdVec></MemPortIdVec>
<condition id="-1">
<or_exp><and_exp></and_exp></or_exp>
</condition>

<node id="20" bw="8" op_0_bw="8" op_1_bw="8">
<![CDATA[
:15  %OUT = xor i8 %tmp1, %tmp

]]></node>
<StgValue><ssdm name="OUT"/></StgValue>
</operation>

<operation id="18" st_id="1" stage="1" lat="1">
<core>NULL</core>
<MemPortIdVec></MemPortIdVec>
<condition id="-1">
<or_exp><and_exp></and_exp></or_exp>
</condition>

<node id="21" bw="8" op_0_bw="8" op_1_bw="8">
<![CDATA[
:16  %result_6 = shl i8 %p_read_2, 1

]]></node>
<StgValue><ssdm name="result_6"/></StgValue>
</operation>

<operation id="19" st_id="1" stage="1" lat="1">
<core>NULL</core>
<MemPortIdVec></MemPortIdVec>
<condition id="-1">
<or_exp><and_exp></and_exp></or_exp>
</condition>

<node id="22" bw="1" op_0_bw="1" op_1_bw="8" op_2_bw="32">
<![CDATA[
:17  %tmp_6 = call i1 @_ssdm_op_BitSelect.i1.i8.i32(i8 %p_read_2, i32 7)

]]></node>
<StgValue><ssdm name="tmp_6"/></StgValue>
</operation>

<operation id="20" st_id="1" stage="1" lat="1">
<core>LogicGate</core>
<MemPortIdVec></MemPortIdVec>
<condition id="14">
<or_exp><and_exp><literal name="tmp_6" val="1"/>
</and_exp></or_exp>
</condition>

<node id="23" bw="8" op_0_bw="8" op_1_bw="8">
<![CDATA[
:18  %result_7 = xor i8 %result_6, 27

]]></node>
<StgValue><ssdm name="result_7"/></StgValue>
</operation>

<operation id="21" st_id="1" stage="1" lat="1">
<core>Sel</core>
<MemPortIdVec></MemPortIdVec>
<condition id="-1">
<or_exp><and_exp></and_exp></or_exp>
</condition>

<node id="24" bw="8" op_0_bw="1" op_1_bw="8" op_2_bw="8">
<![CDATA[
:19  %result_8 = select i1 %tmp_6, i8 %result_7, i8 %result_6

]]></node>
<StgValue><ssdm name="result_8"/></StgValue>
</operation>

<operation id="22" st_id="1" stage="1" lat="1">
<core>LogicGate</core>
<MemPortIdVec></MemPortIdVec>
<condition id="-1">
<or_exp><and_exp></and_exp></or_exp>
</condition>

<node id="25" bw="8" op_0_bw="8" op_1_bw="8">
<![CDATA[
:20  %tmp3 = xor i8 %result_5, %p_read_4

]]></node>
<StgValue><ssdm name="tmp3"/></StgValue>
</operation>

<operation id="23" st_id="1" stage="1" lat="1">
<core>LogicGate</core>
<MemPortIdVec></MemPortIdVec>
<condition id="-1">
<or_exp><and_exp></and_exp></or_exp>
</condition>

<node id="26" bw="8" op_0_bw="8" op_1_bw="8">
<![CDATA[
:21  %tmp5 = xor i8 %result_8, %p_read_1

]]></node>
<StgValue><ssdm name="tmp5"/></StgValue>
</operation>

<operation id="24" st_id="1" stage="1" lat="1">
<core>LogicGate</core>
<MemPortIdVec></MemPortIdVec>
<condition id="-1">
<or_exp><and_exp></and_exp></or_exp>
</condition>

<node id="27" bw="8" op_0_bw="8" op_1_bw="8">
<![CDATA[
:22  %tmp4 = xor i8 %tmp5, %p_read_3

]]></node>
<StgValue><ssdm name="tmp4"/></StgValue>
</operation>

<operation id="25" st_id="1" stage="1" lat="1">
<core>LogicGate</core>
<MemPortIdVec></MemPortIdVec>
<condition id="-1">
<or_exp><and_exp></and_exp></or_exp>
</condition>

<node id="28" bw="8" op_0_bw="8" op_1_bw="8">
<![CDATA[
:23  %OUT_1 = xor i8 %tmp4, %tmp3

]]></node>
<StgValue><ssdm name="OUT_1"/></StgValue>
</operation>

<operation id="26" st_id="1" stage="1" lat="1">
<core>NULL</core>
<MemPortIdVec></MemPortIdVec>
<condition id="-1">
<or_exp><and_exp></and_exp></or_exp>
</condition>

<node id="29" bw="8" op_0_bw="8" op_1_bw="8">
<![CDATA[
:24  %result_9 = shl i8 %p_read_1, 1

]]></node>
<StgValue><ssdm name="result_9"/></StgValue>
</operation>

<operation id="27" st_id="1" stage="1" lat="1">
<core>NULL</core>
<MemPortIdVec></MemPortIdVec>
<condition id="-1">
<or_exp><and_exp></and_exp></or_exp>
</condition>

<node id="30" bw="1" op_0_bw="1" op_1_bw="8" op_2_bw="32">
<![CDATA[
:25  %tmp_8 = call i1 @_ssdm_op_BitSelect.i1.i8.i32(i8 %p_read_1, i32 7)

]]></node>
<StgValue><ssdm name="tmp_8"/></StgValue>
</operation>

<operation id="28" st_id="1" stage="1" lat="1">
<core>LogicGate</core>
<MemPortIdVec></MemPortIdVec>
<condition id="15">
<or_exp><and_exp><literal name="tmp_8" val="1"/>
</and_exp></or_exp>
</condition>

<node id="31" bw="8" op_0_bw="8" op_1_bw="8">
<![CDATA[
:26  %result_10 = xor i8 %result_9, 27

]]></node>
<StgValue><ssdm name="result_10"/></StgValue>
</operation>

<operation id="29" st_id="1" stage="1" lat="1">
<core>Sel</core>
<MemPortIdVec></MemPortIdVec>
<condition id="-1">
<or_exp><and_exp></and_exp></or_exp>
</condition>

<node id="32" bw="8" op_0_bw="1" op_1_bw="8" op_2_bw="8">
<![CDATA[
:27  %result_11 = select i1 %tmp_8, i8 %result_10, i8 %result_9

]]></node>
<StgValue><ssdm name="result_11"/></StgValue>
</operation>

<operation id="30" st_id="1" stage="1" lat="1">
<core>LogicGate</core>
<MemPortIdVec></MemPortIdVec>
<condition id="-1">
<or_exp><and_exp></and_exp></or_exp>
</condition>

<node id="33" bw="8" op_0_bw="8" op_1_bw="8">
<![CDATA[
:28  %tmp6 = xor i8 %p_read_3, %p_read_4

]]></node>
<StgValue><ssdm name="tmp6"/></StgValue>
</operation>

<operation id="31" st_id="1" stage="1" lat="1">
<core>LogicGate</core>
<MemPortIdVec></MemPortIdVec>
<condition id="-1">
<or_exp><and_exp></and_exp></or_exp>
</condition>

<node id="34" bw="8" op_0_bw="8" op_1_bw="8">
<![CDATA[
:29  %tmp8 = xor i8 %result_11, %p_read_2

]]></node>
<StgValue><ssdm name="tmp8"/></StgValue>
</operation>

<operation id="32" st_id="1" stage="1" lat="1">
<core>LogicGate</core>
<MemPortIdVec></MemPortIdVec>
<condition id="-1">
<or_exp><and_exp></and_exp></or_exp>
</condition>

<node id="35" bw="8" op_0_bw="8" op_1_bw="8">
<![CDATA[
:30  %tmp7 = xor i8 %tmp8, %result_8

]]></node>
<StgValue><ssdm name="tmp7"/></StgValue>
</operation>

<operation id="33" st_id="1" stage="1" lat="1">
<core>LogicGate</core>
<MemPortIdVec></MemPortIdVec>
<condition id="-1">
<or_exp><and_exp></and_exp></or_exp>
</condition>

<node id="36" bw="8" op_0_bw="8" op_1_bw="8">
<![CDATA[
:31  %OUT_2 = xor i8 %tmp7, %tmp6

]]></node>
<StgValue><ssdm name="OUT_2"/></StgValue>
</operation>

<operation id="34" st_id="1" stage="1" lat="1">
<core>LogicGate</core>
<MemPortIdVec></MemPortIdVec>
<condition id="-1">
<or_exp><and_exp></and_exp></or_exp>
</condition>

<node id="37" bw="8" op_0_bw="8" op_1_bw="8">
<![CDATA[
:32  %tmp9 = xor i8 %result_2, %p_read_3

]]></node>
<StgValue><ssdm name="tmp9"/></StgValue>
</operation>

<operation id="35" st_id="1" stage="1" lat="1">
<core>LogicGate</core>
<MemPortIdVec></MemPortIdVec>
<condition id="-1">
<or_exp><and_exp></and_exp></or_exp>
</condition>

<node id="38" bw="8" op_0_bw="8" op_1_bw="8">
<![CDATA[
:33  %tmp11 = xor i8 %result_11, %p_read_1

]]></node>
<StgValue><ssdm name="tmp11"/></StgValue>
</operation>

<operation id="36" st_id="1" stage="1" lat="1">
<core>LogicGate</core>
<MemPortIdVec></MemPortIdVec>
<condition id="-1">
<or_exp><and_exp></and_exp></or_exp>
</condition>

<node id="39" bw="8" op_0_bw="8" op_1_bw="8">
<![CDATA[
:34  %tmp10 = xor i8 %tmp11, %p_read_2

]]></node>
<StgValue><ssdm name="tmp10"/></StgValue>
</operation>

<operation id="37" st_id="1" stage="1" lat="1">
<core>LogicGate</core>
<MemPortIdVec></MemPortIdVec>
<condition id="-1">
<or_exp><and_exp></and_exp></or_exp>
</condition>

<node id="40" bw="8" op_0_bw="8" op_1_bw="8">
<![CDATA[
:35  %OUT_3 = xor i8 %tmp10, %tmp9

]]></node>
<StgValue><ssdm name="OUT_3"/></StgValue>
</operation>

<operation id="38" st_id="1" stage="1" lat="1">
<core>NULL</core>
<MemPortIdVec></MemPortIdVec>
<condition id="-1">
<or_exp><and_exp></and_exp></or_exp>
</condition>

<node id="41" bw="32" op_0_bw="32" op_1_bw="8">
<![CDATA[
:36  %mrv = insertvalue { i8, i8, i8, i8 } undef, i8 %OUT, 0

]]></node>
<StgValue><ssdm name="mrv"/></StgValue>
</operation>

<operation id="39" st_id="1" stage="1" lat="1">
<core>NULL</core>
<MemPortIdVec></MemPortIdVec>
<condition id="-1">
<or_exp><and_exp></and_exp></or_exp>
</condition>

<node id="42" bw="32" op_0_bw="32" op_1_bw="8">
<![CDATA[
:37  %mrv_1 = insertvalue { i8, i8, i8, i8 } %mrv, i8 %OUT_1, 1

]]></node>
<StgValue><ssdm name="mrv_1"/></StgValue>
</operation>

<operation id="40" st_id="1" stage="1" lat="1">
<core>NULL</core>
<MemPortIdVec></MemPortIdVec>
<condition id="-1">
<or_exp><and_exp></and_exp></or_exp>
</condition>

<node id="43" bw="32" op_0_bw="32" op_1_bw="8">
<![CDATA[
:38  %mrv_2 = insertvalue { i8, i8, i8, i8 } %mrv_1, i8 %OUT_2, 2

]]></node>
<StgValue><ssdm name="mrv_2"/></StgValue>
</operation>

<operation id="41" st_id="1" stage="1" lat="1">
<core>NULL</core>
<MemPortIdVec></MemPortIdVec>
<condition id="-1">
<or_exp><and_exp></and_exp></or_exp>
</condition>

<node id="44" bw="32" op_0_bw="32" op_1_bw="8">
<![CDATA[
:39  %mrv_3 = insertvalue { i8, i8, i8, i8 } %mrv_2, i8 %OUT_3, 3

]]></node>
<StgValue><ssdm name="mrv_3"/></StgValue>
</operation>

<operation id="42" st_id="1" stage="1" lat="1">
<core>NULL</core>
<MemPortIdVec></MemPortIdVec>
<condition id="-1">
<or_exp><and_exp></and_exp></or_exp>
</condition>

<node id="45" bw="0" op_0_bw="32">
<![CDATA[
:40  ret { i8, i8, i8, i8 } %mrv_3

]]></node>
<StgValue><ssdm name=""/></StgValue>
</operation>
</state>
</state_list>


<ports>
</ports>


<dataflows>
</dataflows>


</stg>
