<?xml version="1.0" encoding="UTF-8"?>
<vivadoHLSLog:LogRoot xmlns:vivadoHLSLog="www.xilinx.com/vivadoHLSLog">
  <errorLogs>
    <logs>
      <synLog/>
      <simLog/>
      <mgLog/>
      <packageLog/>
      <csimLog/>
    </logs>
  </errorLogs>
  <warningLogs>
    <logs>
      <synLog>
        <logs message="@W [RTGEN-101] Global scalar 'cipher_state' will not be exposed as RTL port." projectName="HLS" solutionName="solution1" date="2017-01-20T19:38:20.926+0800" type="Warning"/>
        <logs message="@W [RTGEN-101] Register 'cipher_state' is power-on initialization." projectName="HLS" solutionName="solution1" date="2017-01-20T19:38:20.863+0800" type="Warning"/>
        <logs message="@W [SYN-107] Renaming port name 'Cipher/out' to 'Cipher/out_r' to avoid the conflict with HDL keywords or other object names." projectName="HLS" solutionName="solution1" date="2017-01-20T19:38:14.781+0800" type="Warning"/>
        <logs message="@W [SYN-107] Renaming port name 'Cipher/in' to 'Cipher/in_r' to avoid the conflict with HDL keywords or other object names." projectName="HLS" solutionName="solution1" date="2017-01-20T19:38:14.781+0800" type="Warning"/>
      </synLog>
      <simLog/>
      <mgLog/>
      <packageLog/>
      <csimLog/>
    </logs>
  </warningLogs>
</vivadoHLSLog:LogRoot>
