<?xml version="1.0" encoding="UTF-8"?>
<vivadoHLSLog:LogRoot xmlns:vivadoHLSLog="www.xilinx.com/vivadoHLSLog">
  <errorLogs>
    <logs>
      <synLog/>
      <simLog/>
      <mgLog/>
      <packageLog/>
      <csimLog/>
    </logs>
  </errorLogs>
  <warningLogs>
    <logs>
      <synLog>
        <logs message="@W [SCHED-68] Unable to enforce a carried dependency constraint (II = 21, distance = 1)&#xD;&#xA;   between 'call' operation ('cipher_state', HLS_v2/AES.cpp:80) to 'Cipher_AddRoundKey' and 'call' operation ('cipher_state', HLS_v2/AES.cpp:80) to 'Cipher_AddRoundKey'." projectName="HLS_v2" solutionName="solution1" date="2017-01-31T18:40:45.656+0800" type="Warning"/>
        <logs message="@W [SCHED-68] Unable to enforce a carried dependency constraint (II = 20, distance = 1)&#xD;&#xA;   between 'call' operation ('cipher_state', HLS_v2/AES.cpp:80) to 'Cipher_AddRoundKey' and 'call' operation ('cipher_state', HLS_v2/AES.cpp:80) to 'Cipher_AddRoundKey'." projectName="HLS_v2" solutionName="solution1" date="2017-01-31T18:40:45.640+0800" type="Warning"/>
        <logs message="@W [SCHED-68] Unable to enforce a carried dependency constraint (II = 19, distance = 1)&#xD;&#xA;   between 'call' operation ('cipher_state', HLS_v2/AES.cpp:80) to 'Cipher_AddRoundKey' and 'call' operation ('cipher_state', HLS_v2/AES.cpp:80) to 'Cipher_AddRoundKey'." projectName="HLS_v2" solutionName="solution1" date="2017-01-31T18:40:45.640+0800" type="Warning"/>
        <logs message="@W [SCHED-68] Unable to enforce a carried dependency constraint (II = 16, distance = 1)&#xD;&#xA;   between 'call' operation ('cipher_state', HLS_v2/AES.cpp:80) to 'Cipher_AddRoundKey' and 'call' operation ('cipher_state', HLS_v2/AES.cpp:80) to 'Cipher_AddRoundKey'." projectName="HLS_v2" solutionName="solution1" date="2017-01-31T18:40:45.640+0800" type="Warning"/>
        <logs message="@W [SCHED-68] Unable to enforce a carried dependency constraint (II = 10, distance = 1)&#xD;&#xA;   between 'call' operation ('cipher_state', HLS_v2/AES.cpp:80) to 'Cipher_AddRoundKey' and 'call' operation ('cipher_state', HLS_v2/AES.cpp:80) to 'Cipher_AddRoundKey'." projectName="HLS_v2" solutionName="solution1" date="2017-01-31T18:40:45.638+0800" type="Warning"/>
        <logs message="@W [SCHED-68] Unable to enforce a carried dependency constraint (II = 4, distance = 1)&#xD;&#xA;   between 'call' operation ('cipher_state', HLS_v2/AES.cpp:80) to 'Cipher_AddRoundKey' and 'call' operation ('cipher_state', HLS_v2/AES.cpp:80) to 'Cipher_AddRoundKey'." projectName="HLS_v2" solutionName="solution1" date="2017-01-31T18:40:45.622+0800" type="Warning"/>
        <logs message="@W [SCHED-68] Unable to enforce a carried dependency constraint (II = 3, distance = 1)&#xD;&#xA;   between 'call' operation ('cipher_state', HLS_v2/AES.cpp:80) to 'Cipher_AddRoundKey' and 'call' operation ('cipher_state', HLS_v2/AES.cpp:80) to 'Cipher_AddRoundKey'." projectName="HLS_v2" solutionName="solution1" date="2017-01-31T18:40:45.622+0800" type="Warning"/>
        <logs message="@W [SCHED-68] Unable to enforce a carried dependency constraint (II = 2, distance = 1)&#xD;&#xA;   between 'call' operation ('cipher_state', HLS_v2/AES.cpp:80) to 'Cipher_AddRoundKey' and 'call' operation ('cipher_state', HLS_v2/AES.cpp:80) to 'Cipher_AddRoundKey'." projectName="HLS_v2" solutionName="solution1" date="2017-01-31T18:40:45.621+0800" type="Warning"/>
        <logs message="@W [SCHED-68] Unable to enforce a carried dependency constraint (II = 1, distance = 1)&#xD;&#xA;   between 'call' operation ('cipher_state', HLS_v2/AES.cpp:80) to 'Cipher_AddRoundKey' and 'call' operation ('cipher_state', HLS_v2/AES.cpp:80) to 'Cipher_AddRoundKey'." projectName="HLS_v2" solutionName="solution1" date="2017-01-31T18:40:45.615+0800" type="Warning"/>
        <logs message="@W [SYN-107] Renaming port name 'Cipher/out' to 'Cipher/out_r' to avoid the conflict with HDL keywords or other object names." projectName="HLS_v2" solutionName="solution1" date="2017-01-31T18:40:44.556+0800" type="Warning"/>
        <logs message="@W [SYN-107] Renaming port name 'Cipher/in' to 'Cipher/in_r' to avoid the conflict with HDL keywords or other object names." projectName="HLS_v2" solutionName="solution1" date="2017-01-31T18:40:44.556+0800" type="Warning"/>
      </synLog>
      <simLog/>
      <mgLog/>
      <packageLog/>
      <csimLog/>
    </logs>
  </warningLogs>
</vivadoHLSLog:LogRoot>
