<stg><name>Cipher_SubBytes</name>


<trans_list>

<trans id="109" from="1" to="2">
<condition id="11">
<or_exp><and_exp></and_exp></or_exp>
</condition>
</trans>

<trans id="110" from="2" to="3">
<condition id="13">
<or_exp><and_exp><literal name="exitcond1" val="0"/>
</and_exp></or_exp>
</condition>
</trans>

<trans id="111" from="3" to="2">
<condition id="15">
<or_exp><and_exp><literal name="exitcond" val="1"/>
</and_exp></or_exp>
</condition>
</trans>

<trans id="112" from="3" to="4">
<condition id="16">
<or_exp><and_exp><literal name="exitcond" val="0"/>
</and_exp></or_exp>
</condition>
</trans>

<trans id="114" from="4" to="3">
<condition id="19">
<or_exp><and_exp></and_exp></or_exp>
</condition>
</trans>
</trans_list>



<state_list>

<state id="1" st_id="1">

<operation id="5" st_id="1" stage="1" lat="1">
<core>NULL</core>
<MemPortIdVec></MemPortIdVec>
<condition id="0">
<or_exp><and_exp></and_exp></or_exp>
</condition>

<node id="3" bw="0" op_0_bw="0">
<![CDATA[
:0  br label %.loopexit

]]></node>
<StgValue><ssdm name=""/></StgValue>
</operation>
</state>

<state id="2" st_id="2">

<operation id="6" st_id="2" stage="1" lat="1">
<core>NULL</core>
<MemPortIdVec></MemPortIdVec>
<condition id="1">
<or_exp><and_exp></and_exp></or_exp>
</condition>

<node id="5" bw="3" op_0_bw="3" op_1_bw="0">
<![CDATA[
.loopexit:0  %i = phi i3 [ 0, %0 ], [ %i_1, %.preheader ]

]]></node>
<StgValue><ssdm name="i"/></StgValue>
</operation>

<operation id="7" st_id="2" stage="1" lat="1">
<core>Cmp</core>
<MemPortIdVec></MemPortIdVec>
<condition id="1">
<or_exp><and_exp></and_exp></or_exp>
</condition>

<node id="6" bw="1" op_0_bw="3" op_1_bw="3">
<![CDATA[
.loopexit:1  %exitcond1 = icmp eq i3 %i, -4

]]></node>
<StgValue><ssdm name="exitcond1"/></StgValue>
</operation>

<operation id="8" st_id="2" stage="1" lat="1">
<core>NULL</core>
<MemPortIdVec></MemPortIdVec>
<condition id="1">
<or_exp><and_exp></and_exp></or_exp>
</condition>

<node id="7" bw="32" op_0_bw="32" op_1_bw="64" op_2_bw="64" op_3_bw="64">
<![CDATA[
.loopexit:2  %empty = call i32 (...)* @_ssdm_op_SpecLoopTripCount(i64 4, i64 4, i64 4) nounwind

]]></node>
<StgValue><ssdm name="empty"/></StgValue>
</operation>

<operation id="9" st_id="2" stage="1" lat="1">
<core>AddSub</core>
<MemPortIdVec></MemPortIdVec>
<condition id="1">
<or_exp><and_exp></and_exp></or_exp>
</condition>

<node id="8" bw="3" op_0_bw="3" op_1_bw="3">
<![CDATA[
.loopexit:3  %i_1 = add i3 %i, 1

]]></node>
<StgValue><ssdm name="i_1"/></StgValue>
</operation>

<operation id="10" st_id="2" stage="1" lat="1">
<core>NULL</core>
<MemPortIdVec></MemPortIdVec>
<condition id="1">
<or_exp><and_exp></and_exp></or_exp>
</condition>

<node id="9" bw="0" op_0_bw="1" op_1_bw="0" op_2_bw="0">
<![CDATA[
.loopexit:4  br i1 %exitcond1, label %2, label %.preheader.preheader

]]></node>
<StgValue><ssdm name=""/></StgValue>
</operation>

<operation id="11" st_id="2" stage="1" lat="1">
<core>NULL</core>
<MemPortIdVec></MemPortIdVec>
<condition id="3">
<or_exp><and_exp><literal name="exitcond1" val="0"/>
</and_exp></or_exp>
</condition>

<node id="11" bw="2" op_0_bw="3">
<![CDATA[
.preheader.preheader:0  %tmp = trunc i3 %i to i2

]]></node>
<StgValue><ssdm name="tmp"/></StgValue>
</operation>

<operation id="12" st_id="2" stage="1" lat="1">
<core>NULL</core>
<MemPortIdVec></MemPortIdVec>
<condition id="3">
<or_exp><and_exp><literal name="exitcond1" val="0"/>
</and_exp></or_exp>
</condition>

<node id="12" bw="5" op_0_bw="5" op_1_bw="2" op_2_bw="3">
<![CDATA[
.preheader.preheader:1  %tmp_7 = call i5 @_ssdm_op_BitConcatenate.i5.i2.i3(i2 %tmp, i3 0)

]]></node>
<StgValue><ssdm name="tmp_7"/></StgValue>
</operation>

<operation id="13" st_id="2" stage="1" lat="1">
<core>NULL</core>
<MemPortIdVec></MemPortIdVec>
<condition id="3">
<or_exp><and_exp><literal name="exitcond1" val="0"/>
</and_exp></or_exp>
</condition>

<node id="13" bw="5" op_0_bw="5" op_1_bw="5">
<![CDATA[
.preheader.preheader:2  %tmp_8 = or i5 %tmp_7, 7

]]></node>
<StgValue><ssdm name="tmp_8"/></StgValue>
</operation>

<operation id="14" st_id="2" stage="1" lat="1">
<core>NULL</core>
<MemPortIdVec></MemPortIdVec>
<condition id="3">
<or_exp><and_exp><literal name="exitcond1" val="0"/>
</and_exp></or_exp>
</condition>

<node id="14" bw="0" op_0_bw="0">
<![CDATA[
.preheader.preheader:3  br label %.preheader

]]></node>
<StgValue><ssdm name=""/></StgValue>
</operation>

<operation id="15" st_id="2" stage="1" lat="1">
<core>NULL</core>
<MemPortIdVec></MemPortIdVec>
<condition id="5">
<or_exp><and_exp><literal name="exitcond1" val="1"/>
</and_exp></or_exp>
</condition>

<node id="110" bw="0">
<![CDATA[
:0  ret void

]]></node>
<StgValue><ssdm name=""/></StgValue>
</operation>
</state>

<state id="3" st_id="3">

<operation id="16" st_id="3" stage="1" lat="1">
<core>NULL</core>
<MemPortIdVec></MemPortIdVec>
<condition id="6">
<or_exp><and_exp></and_exp></or_exp>
</condition>

<node id="16" bw="3" op_0_bw="3" op_1_bw="0">
<![CDATA[
.preheader:0  %j = phi i3 [ %j_1, %1 ], [ 0, %.preheader.preheader ]

]]></node>
<StgValue><ssdm name="j"/></StgValue>
</operation>

<operation id="17" st_id="3" stage="1" lat="1">
<core>Cmp</core>
<MemPortIdVec></MemPortIdVec>
<condition id="6">
<or_exp><and_exp></and_exp></or_exp>
</condition>

<node id="17" bw="1" op_0_bw="3" op_1_bw="3">
<![CDATA[
.preheader:1  %exitcond = icmp eq i3 %j, -4

]]></node>
<StgValue><ssdm name="exitcond"/></StgValue>
</operation>

<operation id="18" st_id="3" stage="1" lat="1">
<core>NULL</core>
<MemPortIdVec></MemPortIdVec>
<condition id="6">
<or_exp><and_exp></and_exp></or_exp>
</condition>

<node id="18" bw="32" op_0_bw="32" op_1_bw="64" op_2_bw="64" op_3_bw="64">
<![CDATA[
.preheader:2  %empty_12 = call i32 (...)* @_ssdm_op_SpecLoopTripCount(i64 4, i64 4, i64 4) nounwind

]]></node>
<StgValue><ssdm name="empty_12"/></StgValue>
</operation>

<operation id="19" st_id="3" stage="1" lat="1">
<core>AddSub</core>
<MemPortIdVec></MemPortIdVec>
<condition id="6">
<or_exp><and_exp></and_exp></or_exp>
</condition>

<node id="19" bw="3" op_0_bw="3" op_1_bw="3">
<![CDATA[
.preheader:3  %j_1 = add i3 %j, 1

]]></node>
<StgValue><ssdm name="j_1"/></StgValue>
</operation>

<operation id="20" st_id="3" stage="1" lat="1">
<core>NULL</core>
<MemPortIdVec></MemPortIdVec>
<condition id="6">
<or_exp><and_exp></and_exp></or_exp>
</condition>

<node id="20" bw="0" op_0_bw="1" op_1_bw="0" op_2_bw="0">
<![CDATA[
.preheader:4  br i1 %exitcond, label %.loopexit, label %1

]]></node>
<StgValue><ssdm name=""/></StgValue>
</operation>

<operation id="21" st_id="3" stage="1" lat="1">
<core>NULL</core>
<MemPortIdVec></MemPortIdVec>
<condition id="8">
<or_exp><and_exp><literal name="exitcond" val="0"/>
</and_exp></or_exp>
</condition>

<node id="22" bw="128" op_0_bw="128">
<![CDATA[
:0  %cipher_state_load = load i128* @cipher_state, align 8

]]></node>
<StgValue><ssdm name="cipher_state_load"/></StgValue>
</operation>

<operation id="22" st_id="3" stage="1" lat="1">
<core>NULL</core>
<MemPortIdVec></MemPortIdVec>
<condition id="8">
<or_exp><and_exp><literal name="exitcond" val="0"/>
</and_exp></or_exp>
</condition>

<node id="23" bw="2" op_0_bw="3">
<![CDATA[
:1  %tmp_1 = trunc i3 %j to i2

]]></node>
<StgValue><ssdm name="tmp_1"/></StgValue>
</operation>

<operation id="23" st_id="3" stage="1" lat="1">
<core>NULL</core>
<MemPortIdVec></MemPortIdVec>
<condition id="8">
<or_exp><and_exp><literal name="exitcond" val="0"/>
</and_exp></or_exp>
</condition>

<node id="24" bw="7" op_0_bw="7" op_1_bw="2" op_2_bw="5">
<![CDATA[
:2  %tmp_3 = call i7 @_ssdm_op_BitConcatenate.i7.i2.i5(i2 %tmp_1, i5 0)

]]></node>
<StgValue><ssdm name="tmp_3"/></StgValue>
</operation>

<operation id="24" st_id="3" stage="1" lat="1">
<core>NULL</core>
<MemPortIdVec></MemPortIdVec>
<condition id="8">
<or_exp><and_exp><literal name="exitcond" val="0"/>
</and_exp></or_exp>
</condition>

<node id="25" bw="7" op_0_bw="7" op_1_bw="7">
<![CDATA[
:3  %tmp_4 = or i7 %tmp_3, 31

]]></node>
<StgValue><ssdm name="tmp_4"/></StgValue>
</operation>

<operation id="25" st_id="3" stage="1" lat="1">
<core>Cmp</core>
<MemPortIdVec></MemPortIdVec>
<condition id="8">
<or_exp><and_exp><literal name="exitcond" val="0"/>
</and_exp></or_exp>
</condition>

<node id="26" bw="1" op_0_bw="7" op_1_bw="7">
<![CDATA[
:4  %tmp_2 = icmp ugt i7 %tmp_3, %tmp_4

]]></node>
<StgValue><ssdm name="tmp_2"/></StgValue>
</operation>

<operation id="26" st_id="3" stage="1" lat="1">
<core>NULL</core>
<MemPortIdVec></MemPortIdVec>
<condition id="8">
<or_exp><and_exp><literal name="exitcond" val="0"/>
</and_exp></or_exp>
</condition>

<node id="27" bw="8" op_0_bw="7">
<![CDATA[
:5  %tmp_5 = zext i7 %tmp_3 to i8

]]></node>
<StgValue><ssdm name="tmp_5"/></StgValue>
</operation>

<operation id="27" st_id="3" stage="1" lat="1">
<core>NULL</core>
<MemPortIdVec></MemPortIdVec>
<condition id="8">
<or_exp><and_exp><literal name="exitcond" val="0"/>
</and_exp></or_exp>
</condition>

<node id="28" bw="8" op_0_bw="7">
<![CDATA[
:6  %tmp_6 = zext i7 %tmp_4 to i8

]]></node>
<StgValue><ssdm name="tmp_6"/></StgValue>
</operation>

<operation id="28" st_id="3" stage="1" lat="1">
<core>NULL</core>
<MemPortIdVec></MemPortIdVec>
<condition id="8">
<or_exp><and_exp><literal name="exitcond" val="0"/>
</and_exp></or_exp>
</condition>

<node id="29" bw="128" op_0_bw="128" op_1_bw="128" op_2_bw="32" op_3_bw="32">
<![CDATA[
:7  %tmp_9 = call i128 @llvm.part.select.i128(i128 %cipher_state_load, i32 127, i32 0)

]]></node>
<StgValue><ssdm name="tmp_9"/></StgValue>
</operation>

<operation id="29" st_id="3" stage="1" lat="1">
<core>AddSub</core>
<MemPortIdVec></MemPortIdVec>
<condition id="8">
<or_exp><and_exp><literal name="exitcond" val="0"/>
</and_exp></or_exp>
</condition>

<node id="30" bw="8" op_0_bw="8" op_1_bw="8">
<![CDATA[
:8  %tmp_10 = sub i8 %tmp_5, %tmp_6

]]></node>
<StgValue><ssdm name="tmp_10"/></StgValue>
</operation>

<operation id="30" st_id="3" stage="1" lat="1">
<core>LogicGate</core>
<MemPortIdVec></MemPortIdVec>
<condition id="8">
<or_exp><and_exp><literal name="exitcond" val="0"/>
</and_exp></or_exp>
</condition>

<node id="31" bw="8" op_0_bw="8" op_1_bw="8">
<![CDATA[
:9  %tmp_11 = xor i8 %tmp_5, 127

]]></node>
<StgValue><ssdm name="tmp_11"/></StgValue>
</operation>

<operation id="31" st_id="3" stage="1" lat="1">
<core>AddSub</core>
<MemPortIdVec></MemPortIdVec>
<condition id="8">
<or_exp><and_exp><literal name="exitcond" val="0"/>
</and_exp></or_exp>
</condition>

<node id="32" bw="8" op_0_bw="8" op_1_bw="8">
<![CDATA[
:10  %tmp_12 = sub i8 %tmp_6, %tmp_5

]]></node>
<StgValue><ssdm name="tmp_12"/></StgValue>
</operation>

<operation id="32" st_id="3" stage="1" lat="1">
<core>Sel</core>
<MemPortIdVec></MemPortIdVec>
<condition id="8">
<or_exp><and_exp><literal name="exitcond" val="0"/>
</and_exp></or_exp>
</condition>

<node id="33" bw="8" op_0_bw="1" op_1_bw="8" op_2_bw="8">
<![CDATA[
:11  %tmp_13 = select i1 %tmp_2, i8 %tmp_10, i8 %tmp_12

]]></node>
<StgValue><ssdm name="tmp_13"/></StgValue>
</operation>

<operation id="33" st_id="3" stage="1" lat="1">
<core>Sel</core>
<MemPortIdVec></MemPortIdVec>
<condition id="8">
<or_exp><and_exp><literal name="exitcond" val="0"/>
</and_exp></or_exp>
</condition>

<node id="34" bw="128" op_0_bw="1" op_1_bw="128" op_2_bw="128">
<![CDATA[
:12  %tmp_14 = select i1 %tmp_2, i128 %tmp_9, i128 %cipher_state_load

]]></node>
<StgValue><ssdm name="tmp_14"/></StgValue>
</operation>

<operation id="34" st_id="3" stage="1" lat="1">
<core>Sel</core>
<MemPortIdVec></MemPortIdVec>
<condition id="8">
<or_exp><and_exp><literal name="exitcond" val="0"/>
</and_exp></or_exp>
</condition>

<node id="35" bw="8" op_0_bw="1" op_1_bw="8" op_2_bw="8">
<![CDATA[
:13  %tmp_15 = select i1 %tmp_2, i8 %tmp_11, i8 %tmp_5

]]></node>
<StgValue><ssdm name="tmp_15"/></StgValue>
</operation>

<operation id="35" st_id="3" stage="1" lat="1">
<core>AddSub</core>
<MemPortIdVec></MemPortIdVec>
<condition id="8">
<or_exp><and_exp><literal name="exitcond" val="0"/>
</and_exp></or_exp>
</condition>

<node id="36" bw="8" op_0_bw="8" op_1_bw="8">
<![CDATA[
:14  %tmp_16 = sub i8 127, %tmp_13

]]></node>
<StgValue><ssdm name="tmp_16"/></StgValue>
</operation>

<operation id="36" st_id="3" stage="1" lat="1">
<core>NULL</core>
<MemPortIdVec></MemPortIdVec>
<condition id="8">
<or_exp><and_exp><literal name="exitcond" val="0"/>
</and_exp></or_exp>
</condition>

<node id="37" bw="128" op_0_bw="8">
<![CDATA[
:15  %tmp_17 = zext i8 %tmp_15 to i128

]]></node>
<StgValue><ssdm name="tmp_17"/></StgValue>
</operation>

<operation id="37" st_id="3" stage="1" lat="1">
<core>NULL</core>
<MemPortIdVec></MemPortIdVec>
<condition id="8">
<or_exp><and_exp><literal name="exitcond" val="0"/>
</and_exp></or_exp>
</condition>

<node id="38" bw="128" op_0_bw="8">
<![CDATA[
:16  %tmp_18 = zext i8 %tmp_16 to i128

]]></node>
<StgValue><ssdm name="tmp_18"/></StgValue>
</operation>

<operation id="38" st_id="3" stage="1" lat="1">
<core>Shift</core>
<MemPortIdVec></MemPortIdVec>
<condition id="8">
<or_exp><and_exp><literal name="exitcond" val="0"/>
</and_exp></or_exp>
</condition>

<node id="39" bw="128" op_0_bw="128" op_1_bw="128">
<![CDATA[
:17  %tmp_19 = lshr i128 %tmp_14, %tmp_17

]]></node>
<StgValue><ssdm name="tmp_19"/></StgValue>
</operation>

<operation id="39" st_id="3" stage="1" lat="1">
<core>ShiftnS</core>
<MemPortIdVec></MemPortIdVec>
<condition id="8">
<or_exp><and_exp><literal name="exitcond" val="0"/>
</and_exp></or_exp>
</condition>

<node id="40" bw="128" op_0_bw="128" op_1_bw="128">
<![CDATA[
:18  %tmp_20 = lshr i128 -1, %tmp_18

]]></node>
<StgValue><ssdm name="tmp_20"/></StgValue>
</operation>

<operation id="40" st_id="3" stage="1" lat="1">
<core>LogicGate</core>
<MemPortIdVec></MemPortIdVec>
<condition id="8">
<or_exp><and_exp><literal name="exitcond" val="0"/>
</and_exp></or_exp>
</condition>

<node id="41" bw="128" op_0_bw="128" op_1_bw="128">
<![CDATA[
:19  %tmp_21 = and i128 %tmp_19, %tmp_20

]]></node>
<StgValue><ssdm name="tmp_21"/></StgValue>
</operation>

<operation id="41" st_id="3" stage="1" lat="1">
<core>NULL</core>
<MemPortIdVec></MemPortIdVec>
<condition id="8">
<or_exp><and_exp><literal name="exitcond" val="0"/>
</and_exp></or_exp>
</condition>

<node id="42" bw="32" op_0_bw="128">
<![CDATA[
:20  %tmp_22 = trunc i128 %tmp_21 to i32

]]></node>
<StgValue><ssdm name="tmp_22"/></StgValue>
</operation>

<operation id="42" st_id="3" stage="1" lat="1">
<core>Cmp</core>
<MemPortIdVec></MemPortIdVec>
<condition id="8">
<or_exp><and_exp><literal name="exitcond" val="0"/>
</and_exp></or_exp>
</condition>

<node id="43" bw="1" op_0_bw="5" op_1_bw="5">
<![CDATA[
:21  %tmp_23 = icmp ugt i5 %tmp_7, %tmp_8

]]></node>
<StgValue><ssdm name="tmp_23"/></StgValue>
</operation>

<operation id="43" st_id="3" stage="1" lat="1">
<core>NULL</core>
<MemPortIdVec></MemPortIdVec>
<condition id="8">
<or_exp><and_exp><literal name="exitcond" val="0"/>
</and_exp></or_exp>
</condition>

<node id="44" bw="6" op_0_bw="5">
<![CDATA[
:22  %tmp_24 = zext i5 %tmp_7 to i6

]]></node>
<StgValue><ssdm name="tmp_24"/></StgValue>
</operation>

<operation id="44" st_id="3" stage="1" lat="1">
<core>NULL</core>
<MemPortIdVec></MemPortIdVec>
<condition id="8">
<or_exp><and_exp><literal name="exitcond" val="0"/>
</and_exp></or_exp>
</condition>

<node id="45" bw="6" op_0_bw="5">
<![CDATA[
:23  %tmp_25 = zext i5 %tmp_8 to i6

]]></node>
<StgValue><ssdm name="tmp_25"/></StgValue>
</operation>

<operation id="45" st_id="3" stage="1" lat="1">
<core>NULL</core>
<MemPortIdVec></MemPortIdVec>
<condition id="8">
<or_exp><and_exp><literal name="exitcond" val="0"/>
</and_exp></or_exp>
</condition>

<node id="46" bw="32" op_0_bw="32" op_1_bw="128" op_2_bw="32" op_3_bw="32">
<![CDATA[
:24  %tmp_26 = call i32 @_ssdm_op_PartSelect.i32.i128.i32.i32(i128 %tmp_21, i32 31, i32 0)

]]></node>
<StgValue><ssdm name="tmp_26"/></StgValue>
</operation>

<operation id="46" st_id="3" stage="1" lat="1">
<core>AddSub</core>
<MemPortIdVec></MemPortIdVec>
<condition id="8">
<or_exp><and_exp><literal name="exitcond" val="0"/>
</and_exp></or_exp>
</condition>

<node id="47" bw="6" op_0_bw="6" op_1_bw="6">
<![CDATA[
:25  %tmp_27 = sub i6 %tmp_24, %tmp_25

]]></node>
<StgValue><ssdm name="tmp_27"/></StgValue>
</operation>

<operation id="47" st_id="3" stage="1" lat="1">
<core>LogicGate</core>
<MemPortIdVec></MemPortIdVec>
<condition id="8">
<or_exp><and_exp><literal name="exitcond" val="0"/>
</and_exp></or_exp>
</condition>

<node id="48" bw="6" op_0_bw="6" op_1_bw="6">
<![CDATA[
:26  %tmp_28 = xor i6 %tmp_24, 31

]]></node>
<StgValue><ssdm name="tmp_28"/></StgValue>
</operation>

<operation id="48" st_id="3" stage="1" lat="1">
<core>AddSub</core>
<MemPortIdVec></MemPortIdVec>
<condition id="8">
<or_exp><and_exp><literal name="exitcond" val="0"/>
</and_exp></or_exp>
</condition>

<node id="49" bw="6" op_0_bw="6" op_1_bw="6">
<![CDATA[
:27  %tmp_29 = sub i6 %tmp_25, %tmp_24

]]></node>
<StgValue><ssdm name="tmp_29"/></StgValue>
</operation>

<operation id="49" st_id="3" stage="1" lat="1">
<core>Sel</core>
<MemPortIdVec></MemPortIdVec>
<condition id="8">
<or_exp><and_exp><literal name="exitcond" val="0"/>
</and_exp></or_exp>
</condition>

<node id="50" bw="6" op_0_bw="1" op_1_bw="6" op_2_bw="6">
<![CDATA[
:28  %tmp_30 = select i1 %tmp_23, i6 %tmp_27, i6 %tmp_29

]]></node>
<StgValue><ssdm name="tmp_30"/></StgValue>
</operation>

<operation id="50" st_id="3" stage="1" lat="1">
<core>Sel</core>
<MemPortIdVec></MemPortIdVec>
<condition id="8">
<or_exp><and_exp><literal name="exitcond" val="0"/>
</and_exp></or_exp>
</condition>

<node id="51" bw="32" op_0_bw="1" op_1_bw="32" op_2_bw="32">
<![CDATA[
:29  %tmp_31 = select i1 %tmp_23, i32 %tmp_26, i32 %tmp_22

]]></node>
<StgValue><ssdm name="tmp_31"/></StgValue>
</operation>

<operation id="51" st_id="3" stage="1" lat="1">
<core>Sel</core>
<MemPortIdVec></MemPortIdVec>
<condition id="8">
<or_exp><and_exp><literal name="exitcond" val="0"/>
</and_exp></or_exp>
</condition>

<node id="52" bw="6" op_0_bw="1" op_1_bw="6" op_2_bw="6">
<![CDATA[
:30  %tmp_32 = select i1 %tmp_23, i6 %tmp_28, i6 %tmp_24

]]></node>
<StgValue><ssdm name="tmp_32"/></StgValue>
</operation>

<operation id="52" st_id="3" stage="1" lat="1">
<core>AddSub</core>
<MemPortIdVec></MemPortIdVec>
<condition id="8">
<or_exp><and_exp><literal name="exitcond" val="0"/>
</and_exp></or_exp>
</condition>

<node id="53" bw="6" op_0_bw="6" op_1_bw="6">
<![CDATA[
:31  %tmp_33 = sub i6 31, %tmp_30

]]></node>
<StgValue><ssdm name="tmp_33"/></StgValue>
</operation>

<operation id="53" st_id="3" stage="1" lat="1">
<core>NULL</core>
<MemPortIdVec></MemPortIdVec>
<condition id="8">
<or_exp><and_exp><literal name="exitcond" val="0"/>
</and_exp></or_exp>
</condition>

<node id="54" bw="32" op_0_bw="6">
<![CDATA[
:32  %tmp_34 = zext i6 %tmp_32 to i32

]]></node>
<StgValue><ssdm name="tmp_34"/></StgValue>
</operation>

<operation id="54" st_id="3" stage="1" lat="1">
<core>NULL</core>
<MemPortIdVec></MemPortIdVec>
<condition id="8">
<or_exp><and_exp><literal name="exitcond" val="0"/>
</and_exp></or_exp>
</condition>

<node id="55" bw="32" op_0_bw="6">
<![CDATA[
:33  %tmp_35 = zext i6 %tmp_33 to i32

]]></node>
<StgValue><ssdm name="tmp_35"/></StgValue>
</operation>

<operation id="55" st_id="3" stage="1" lat="1">
<core>Shift</core>
<MemPortIdVec></MemPortIdVec>
<condition id="8">
<or_exp><and_exp><literal name="exitcond" val="0"/>
</and_exp></or_exp>
</condition>

<node id="56" bw="32" op_0_bw="32" op_1_bw="32">
<![CDATA[
:34  %tmp_36 = lshr i32 %tmp_31, %tmp_34

]]></node>
<StgValue><ssdm name="tmp_36"/></StgValue>
</operation>

<operation id="56" st_id="3" stage="1" lat="1">
<core>ShiftnS</core>
<MemPortIdVec></MemPortIdVec>
<condition id="8">
<or_exp><and_exp><literal name="exitcond" val="0"/>
</and_exp></or_exp>
</condition>

<node id="57" bw="32" op_0_bw="32" op_1_bw="32">
<![CDATA[
:35  %tmp_37 = lshr i32 -1, %tmp_35

]]></node>
<StgValue><ssdm name="tmp_37"/></StgValue>
</operation>

<operation id="57" st_id="3" stage="1" lat="1">
<core>LogicGate</core>
<MemPortIdVec></MemPortIdVec>
<condition id="8">
<or_exp><and_exp><literal name="exitcond" val="0"/>
</and_exp></or_exp>
</condition>

<node id="58" bw="32" op_0_bw="32" op_1_bw="32">
<![CDATA[
:36  %tmp_38 = and i32 %tmp_36, %tmp_37

]]></node>
<StgValue><ssdm name="tmp_38"/></StgValue>
</operation>

<operation id="58" st_id="3" stage="1" lat="1">
<core>NULL</core>
<MemPortIdVec></MemPortIdVec>
<condition id="8">
<or_exp><and_exp><literal name="exitcond" val="0"/>
</and_exp></or_exp>
</condition>

<node id="59" bw="8" op_0_bw="32">
<![CDATA[
:37  %tmp_39 = trunc i32 %tmp_38 to i8

]]></node>
<StgValue><ssdm name="tmp_39"/></StgValue>
</operation>

<operation id="59" st_id="3" stage="1" lat="1">
<core>NULL</core>
<MemPortIdVec></MemPortIdVec>
<condition id="8">
<or_exp><and_exp><literal name="exitcond" val="0"/>
</and_exp></or_exp>
</condition>

<node id="60" bw="64" op_0_bw="8">
<![CDATA[
:38  %tmp_s = zext i8 %tmp_39 to i64

]]></node>
<StgValue><ssdm name="tmp_s"/></StgValue>
</operation>

<operation id="60" st_id="3" stage="1" lat="1">
<core>NULL</core>
<MemPortIdVec></MemPortIdVec>
<condition id="8">
<or_exp><and_exp><literal name="exitcond" val="0"/>
</and_exp></or_exp>
</condition>

<node id="61" bw="8" op_0_bw="8" op_1_bw="64" op_2_bw="64">
<![CDATA[
:39  %S_Box_addr = getelementptr inbounds [256 x i8]* @S_Box, i64 0, i64 %tmp_s

]]></node>
<StgValue><ssdm name="S_Box_addr"/></StgValue>
</operation>

<operation id="61" st_id="3" stage="2" lat="2">
<core>ROM_nP</core>
<MemPortIdVec>0 </MemPortIdVec>
<condition id="8">
<or_exp><and_exp><literal name="exitcond" val="0"/>
</and_exp></or_exp>
</condition>

<node id="62" bw="8" op_0_bw="8">
<![CDATA[
:40  %S_Box_load = load i8* %S_Box_addr, align 1

]]></node>
<StgValue><ssdm name="S_Box_load"/></StgValue>
</operation>
</state>

<state id="4" st_id="4">

<operation id="62" st_id="4" stage="1" lat="2">
<core>ROM_nP</core>
<MemPortIdVec>0 </MemPortIdVec>
<condition id="9">
<or_exp><and_exp></and_exp></or_exp>
</condition>

<node id="62" bw="8" op_0_bw="8">
<![CDATA[
:40  %S_Box_load = load i8* %S_Box_addr, align 1

]]></node>
<StgValue><ssdm name="S_Box_load"/></StgValue>
</operation>

<operation id="63" st_id="4" stage="1" lat="1">
<core>Cmp</core>
<MemPortIdVec></MemPortIdVec>
<condition id="9">
<or_exp><and_exp></and_exp></or_exp>
</condition>

<node id="63" bw="1" op_0_bw="5" op_1_bw="5">
<![CDATA[
:41  %tmp_40 = icmp ugt i5 %tmp_7, %tmp_8

]]></node>
<StgValue><ssdm name="tmp_40"/></StgValue>
</operation>

<operation id="64" st_id="4" stage="1" lat="1">
<core>NULL</core>
<MemPortIdVec></MemPortIdVec>
<condition id="9">
<or_exp><and_exp></and_exp></or_exp>
</condition>

<node id="64" bw="6" op_0_bw="5">
<![CDATA[
:42  %tmp_41 = zext i5 %tmp_7 to i6

]]></node>
<StgValue><ssdm name="tmp_41"/></StgValue>
</operation>

<operation id="65" st_id="4" stage="1" lat="1">
<core>NULL</core>
<MemPortIdVec></MemPortIdVec>
<condition id="9">
<or_exp><and_exp></and_exp></or_exp>
</condition>

<node id="65" bw="6" op_0_bw="5">
<![CDATA[
:43  %tmp_42 = zext i5 %tmp_8 to i6

]]></node>
<StgValue><ssdm name="tmp_42"/></StgValue>
</operation>

<operation id="66" st_id="4" stage="1" lat="1">
<core>NULL</core>
<MemPortIdVec></MemPortIdVec>
<condition id="9">
<or_exp><and_exp></and_exp></or_exp>
</condition>

<node id="66" bw="32" op_0_bw="8">
<![CDATA[
:44  %tmp_43 = zext i8 %S_Box_load to i32

]]></node>
<StgValue><ssdm name="tmp_43"/></StgValue>
</operation>

<operation id="67" st_id="4" stage="1" lat="1">
<core>LogicGate</core>
<MemPortIdVec></MemPortIdVec>
<condition id="9">
<or_exp><and_exp></and_exp></or_exp>
</condition>

<node id="67" bw="6" op_0_bw="6" op_1_bw="6">
<![CDATA[
:45  %tmp_44 = xor i6 %tmp_41, 31

]]></node>
<StgValue><ssdm name="tmp_44"/></StgValue>
</operation>

<operation id="68" st_id="4" stage="1" lat="1">
<core>Sel</core>
<MemPortIdVec></MemPortIdVec>
<condition id="9">
<or_exp><and_exp></and_exp></or_exp>
</condition>

<node id="68" bw="6" op_0_bw="1" op_1_bw="6" op_2_bw="6">
<![CDATA[
:46  %tmp_45 = select i1 %tmp_40, i6 %tmp_41, i6 %tmp_42

]]></node>
<StgValue><ssdm name="tmp_45"/></StgValue>
</operation>

<operation id="69" st_id="4" stage="1" lat="1">
<core>Sel</core>
<MemPortIdVec></MemPortIdVec>
<condition id="9">
<or_exp><and_exp></and_exp></or_exp>
</condition>

<node id="69" bw="6" op_0_bw="1" op_1_bw="6" op_2_bw="6">
<![CDATA[
:47  %tmp_46 = select i1 %tmp_40, i6 %tmp_42, i6 %tmp_41

]]></node>
<StgValue><ssdm name="tmp_46"/></StgValue>
</operation>

<operation id="70" st_id="4" stage="1" lat="1">
<core>Sel</core>
<MemPortIdVec></MemPortIdVec>
<condition id="9">
<or_exp><and_exp></and_exp></or_exp>
</condition>

<node id="70" bw="6" op_0_bw="1" op_1_bw="6" op_2_bw="6">
<![CDATA[
:48  %tmp_47 = select i1 %tmp_40, i6 %tmp_44, i6 %tmp_41

]]></node>
<StgValue><ssdm name="tmp_47"/></StgValue>
</operation>

<operation id="71" st_id="4" stage="1" lat="1">
<core>LogicGate</core>
<MemPortIdVec></MemPortIdVec>
<condition id="9">
<or_exp><and_exp></and_exp></or_exp>
</condition>

<node id="71" bw="6" op_0_bw="6" op_1_bw="6">
<![CDATA[
:49  %tmp_48 = xor i6 %tmp_45, 31

]]></node>
<StgValue><ssdm name="tmp_48"/></StgValue>
</operation>

<operation id="72" st_id="4" stage="1" lat="1">
<core>NULL</core>
<MemPortIdVec></MemPortIdVec>
<condition id="9">
<or_exp><and_exp></and_exp></or_exp>
</condition>

<node id="72" bw="32" op_0_bw="6">
<![CDATA[
:50  %tmp_49 = zext i6 %tmp_47 to i32

]]></node>
<StgValue><ssdm name="tmp_49"/></StgValue>
</operation>

<operation id="73" st_id="4" stage="1" lat="1">
<core>NULL</core>
<MemPortIdVec></MemPortIdVec>
<condition id="9">
<or_exp><and_exp></and_exp></or_exp>
</condition>

<node id="73" bw="32" op_0_bw="6">
<![CDATA[
:51  %tmp_50 = zext i6 %tmp_46 to i32

]]></node>
<StgValue><ssdm name="tmp_50"/></StgValue>
</operation>

<operation id="74" st_id="4" stage="1" lat="1">
<core>NULL</core>
<MemPortIdVec></MemPortIdVec>
<condition id="9">
<or_exp><and_exp></and_exp></or_exp>
</condition>

<node id="74" bw="32" op_0_bw="6">
<![CDATA[
:52  %tmp_51 = zext i6 %tmp_48 to i32

]]></node>
<StgValue><ssdm name="tmp_51"/></StgValue>
</operation>

<operation id="75" st_id="4" stage="1" lat="1">
<core>Shift</core>
<MemPortIdVec></MemPortIdVec>
<condition id="9">
<or_exp><and_exp></and_exp></or_exp>
</condition>

<node id="75" bw="32" op_0_bw="32" op_1_bw="32">
<![CDATA[
:53  %tmp_52 = shl i32 %tmp_43, %tmp_49

]]></node>
<StgValue><ssdm name="tmp_52"/></StgValue>
</operation>

<operation id="76" st_id="4" stage="1" lat="1">
<core>NULL</core>
<MemPortIdVec></MemPortIdVec>
<condition id="9">
<or_exp><and_exp></and_exp></or_exp>
</condition>

<node id="76" bw="32" op_0_bw="32" op_1_bw="32" op_2_bw="32" op_3_bw="32">
<![CDATA[
:54  %tmp_53 = call i32 @llvm.part.select.i32(i32 %tmp_52, i32 31, i32 0)

]]></node>
<StgValue><ssdm name="tmp_53"/></StgValue>
</operation>

<operation id="77" st_id="4" stage="1" lat="1">
<core>Sel</core>
<MemPortIdVec></MemPortIdVec>
<condition id="9">
<or_exp><and_exp></and_exp></or_exp>
</condition>

<node id="77" bw="32" op_0_bw="1" op_1_bw="32" op_2_bw="32">
<![CDATA[
:55  %tmp_54 = select i1 %tmp_40, i32 %tmp_53, i32 %tmp_52

]]></node>
<StgValue><ssdm name="tmp_54"/></StgValue>
</operation>

<operation id="78" st_id="4" stage="1" lat="1">
<core>ShiftnS</core>
<MemPortIdVec></MemPortIdVec>
<condition id="9">
<or_exp><and_exp></and_exp></or_exp>
</condition>

<node id="78" bw="32" op_0_bw="32" op_1_bw="32">
<![CDATA[
:56  %tmp_55 = shl i32 -1, %tmp_50

]]></node>
<StgValue><ssdm name="tmp_55"/></StgValue>
</operation>

<operation id="79" st_id="4" stage="1" lat="1">
<core>ShiftnS</core>
<MemPortIdVec></MemPortIdVec>
<condition id="9">
<or_exp><and_exp></and_exp></or_exp>
</condition>

<node id="79" bw="32" op_0_bw="32" op_1_bw="32">
<![CDATA[
:57  %tmp_56 = lshr i32 -1, %tmp_51

]]></node>
<StgValue><ssdm name="tmp_56"/></StgValue>
</operation>

<operation id="80" st_id="4" stage="1" lat="1">
<core>LogicGate</core>
<MemPortIdVec></MemPortIdVec>
<condition id="9">
<or_exp><and_exp></and_exp></or_exp>
</condition>

<node id="80" bw="32" op_0_bw="32" op_1_bw="32">
<![CDATA[
:58  %p_demorgan = and i32 %tmp_55, %tmp_56

]]></node>
<StgValue><ssdm name="p_demorgan"/></StgValue>
</operation>

<operation id="81" st_id="4" stage="1" lat="1">
<core>LogicGate</core>
<MemPortIdVec></MemPortIdVec>
<condition id="9">
<or_exp><and_exp></and_exp></or_exp>
</condition>

<node id="81" bw="32" op_0_bw="32" op_1_bw="32">
<![CDATA[
:59  %tmp_57 = xor i32 %p_demorgan, -1

]]></node>
<StgValue><ssdm name="tmp_57"/></StgValue>
</operation>

<operation id="82" st_id="4" stage="1" lat="1">
<core>LogicGate</core>
<MemPortIdVec></MemPortIdVec>
<condition id="9">
<or_exp><and_exp></and_exp></or_exp>
</condition>

<node id="82" bw="32" op_0_bw="32" op_1_bw="32">
<![CDATA[
:60  %tmp_58 = and i32 %tmp_22, %tmp_57

]]></node>
<StgValue><ssdm name="tmp_58"/></StgValue>
</operation>

<operation id="83" st_id="4" stage="1" lat="1">
<core>LogicGate</core>
<MemPortIdVec></MemPortIdVec>
<condition id="9">
<or_exp><and_exp></and_exp></or_exp>
</condition>

<node id="83" bw="32" op_0_bw="32" op_1_bw="32">
<![CDATA[
:61  %tmp_59 = and i32 %tmp_54, %p_demorgan

]]></node>
<StgValue><ssdm name="tmp_59"/></StgValue>
</operation>

<operation id="84" st_id="4" stage="1" lat="1">
<core>LogicGate</core>
<MemPortIdVec></MemPortIdVec>
<condition id="9">
<or_exp><and_exp></and_exp></or_exp>
</condition>

<node id="84" bw="32" op_0_bw="32" op_1_bw="32">
<![CDATA[
:62  %tmp_60 = or i32 %tmp_58, %tmp_59

]]></node>
<StgValue><ssdm name="tmp_60"/></StgValue>
</operation>

<operation id="85" st_id="4" stage="1" lat="1">
<core>Cmp</core>
<MemPortIdVec></MemPortIdVec>
<condition id="9">
<or_exp><and_exp></and_exp></or_exp>
</condition>

<node id="85" bw="1" op_0_bw="7" op_1_bw="7">
<![CDATA[
:63  %tmp_61 = icmp ugt i7 %tmp_3, %tmp_4

]]></node>
<StgValue><ssdm name="tmp_61"/></StgValue>
</operation>

<operation id="86" st_id="4" stage="1" lat="1">
<core>NULL</core>
<MemPortIdVec></MemPortIdVec>
<condition id="9">
<or_exp><and_exp></and_exp></or_exp>
</condition>

<node id="86" bw="8" op_0_bw="7">
<![CDATA[
:64  %tmp_62 = zext i7 %tmp_3 to i8

]]></node>
<StgValue><ssdm name="tmp_62"/></StgValue>
</operation>

<operation id="87" st_id="4" stage="1" lat="1">
<core>NULL</core>
<MemPortIdVec></MemPortIdVec>
<condition id="9">
<or_exp><and_exp></and_exp></or_exp>
</condition>

<node id="87" bw="8" op_0_bw="7">
<![CDATA[
:65  %tmp_63 = zext i7 %tmp_4 to i8

]]></node>
<StgValue><ssdm name="tmp_63"/></StgValue>
</operation>

<operation id="88" st_id="4" stage="1" lat="1">
<core>NULL</core>
<MemPortIdVec></MemPortIdVec>
<condition id="9">
<or_exp><and_exp></and_exp></or_exp>
</condition>

<node id="88" bw="128" op_0_bw="32">
<![CDATA[
:66  %tmp_64 = zext i32 %tmp_60 to i128

]]></node>
<StgValue><ssdm name="tmp_64"/></StgValue>
</operation>

<operation id="89" st_id="4" stage="1" lat="1">
<core>LogicGate</core>
<MemPortIdVec></MemPortIdVec>
<condition id="9">
<or_exp><and_exp></and_exp></or_exp>
</condition>

<node id="89" bw="8" op_0_bw="8" op_1_bw="8">
<![CDATA[
:67  %tmp_65 = xor i8 %tmp_62, 127

]]></node>
<StgValue><ssdm name="tmp_65"/></StgValue>
</operation>

<operation id="90" st_id="4" stage="1" lat="1">
<core>Sel</core>
<MemPortIdVec></MemPortIdVec>
<condition id="9">
<or_exp><and_exp></and_exp></or_exp>
</condition>

<node id="90" bw="8" op_0_bw="1" op_1_bw="8" op_2_bw="8">
<![CDATA[
:68  %tmp_66 = select i1 %tmp_61, i8 %tmp_62, i8 %tmp_63

]]></node>
<StgValue><ssdm name="tmp_66"/></StgValue>
</operation>

<operation id="91" st_id="4" stage="1" lat="1">
<core>Sel</core>
<MemPortIdVec></MemPortIdVec>
<condition id="9">
<or_exp><and_exp></and_exp></or_exp>
</condition>

<node id="91" bw="8" op_0_bw="1" op_1_bw="8" op_2_bw="8">
<![CDATA[
:69  %tmp_67 = select i1 %tmp_61, i8 %tmp_63, i8 %tmp_62

]]></node>
<StgValue><ssdm name="tmp_67"/></StgValue>
</operation>

<operation id="92" st_id="4" stage="1" lat="1">
<core>Sel</core>
<MemPortIdVec></MemPortIdVec>
<condition id="9">
<or_exp><and_exp></and_exp></or_exp>
</condition>

<node id="92" bw="8" op_0_bw="1" op_1_bw="8" op_2_bw="8">
<![CDATA[
:70  %tmp_68 = select i1 %tmp_61, i8 %tmp_65, i8 %tmp_62

]]></node>
<StgValue><ssdm name="tmp_68"/></StgValue>
</operation>

<operation id="93" st_id="4" stage="1" lat="1">
<core>LogicGate</core>
<MemPortIdVec></MemPortIdVec>
<condition id="9">
<or_exp><and_exp></and_exp></or_exp>
</condition>

<node id="93" bw="8" op_0_bw="8" op_1_bw="8">
<![CDATA[
:71  %tmp_69 = xor i8 %tmp_66, 127

]]></node>
<StgValue><ssdm name="tmp_69"/></StgValue>
</operation>

<operation id="94" st_id="4" stage="1" lat="1">
<core>NULL</core>
<MemPortIdVec></MemPortIdVec>
<condition id="9">
<or_exp><and_exp></and_exp></or_exp>
</condition>

<node id="94" bw="128" op_0_bw="8">
<![CDATA[
:72  %tmp_70 = zext i8 %tmp_68 to i128

]]></node>
<StgValue><ssdm name="tmp_70"/></StgValue>
</operation>

<operation id="95" st_id="4" stage="1" lat="1">
<core>NULL</core>
<MemPortIdVec></MemPortIdVec>
<condition id="9">
<or_exp><and_exp></and_exp></or_exp>
</condition>

<node id="95" bw="128" op_0_bw="8">
<![CDATA[
:73  %tmp_71 = zext i8 %tmp_67 to i128

]]></node>
<StgValue><ssdm name="tmp_71"/></StgValue>
</operation>

<operation id="96" st_id="4" stage="1" lat="1">
<core>NULL</core>
<MemPortIdVec></MemPortIdVec>
<condition id="9">
<or_exp><and_exp></and_exp></or_exp>
</condition>

<node id="96" bw="128" op_0_bw="8">
<![CDATA[
:74  %tmp_72 = zext i8 %tmp_69 to i128

]]></node>
<StgValue><ssdm name="tmp_72"/></StgValue>
</operation>

<operation id="97" st_id="4" stage="1" lat="1">
<core>Shift</core>
<MemPortIdVec></MemPortIdVec>
<condition id="9">
<or_exp><and_exp></and_exp></or_exp>
</condition>

<node id="97" bw="128" op_0_bw="128" op_1_bw="128">
<![CDATA[
:75  %tmp_73 = shl i128 %tmp_64, %tmp_70

]]></node>
<StgValue><ssdm name="tmp_73"/></StgValue>
</operation>

<operation id="98" st_id="4" stage="1" lat="1">
<core>NULL</core>
<MemPortIdVec></MemPortIdVec>
<condition id="9">
<or_exp><and_exp></and_exp></or_exp>
</condition>

<node id="98" bw="128" op_0_bw="128" op_1_bw="128" op_2_bw="32" op_3_bw="32">
<![CDATA[
:76  %tmp_74 = call i128 @llvm.part.select.i128(i128 %tmp_73, i32 127, i32 0)

]]></node>
<StgValue><ssdm name="tmp_74"/></StgValue>
</operation>

<operation id="99" st_id="4" stage="1" lat="1">
<core>Sel</core>
<MemPortIdVec></MemPortIdVec>
<condition id="9">
<or_exp><and_exp></and_exp></or_exp>
</condition>

<node id="99" bw="128" op_0_bw="1" op_1_bw="128" op_2_bw="128">
<![CDATA[
:77  %tmp_75 = select i1 %tmp_61, i128 %tmp_74, i128 %tmp_73

]]></node>
<StgValue><ssdm name="tmp_75"/></StgValue>
</operation>

<operation id="100" st_id="4" stage="1" lat="1">
<core>ShiftnS</core>
<MemPortIdVec></MemPortIdVec>
<condition id="9">
<or_exp><and_exp></and_exp></or_exp>
</condition>

<node id="100" bw="128" op_0_bw="128" op_1_bw="128">
<![CDATA[
:78  %tmp_76 = shl i128 -1, %tmp_71

]]></node>
<StgValue><ssdm name="tmp_76"/></StgValue>
</operation>

<operation id="101" st_id="4" stage="1" lat="1">
<core>ShiftnS</core>
<MemPortIdVec></MemPortIdVec>
<condition id="9">
<or_exp><and_exp></and_exp></or_exp>
</condition>

<node id="101" bw="128" op_0_bw="128" op_1_bw="128">
<![CDATA[
:79  %tmp_77 = lshr i128 -1, %tmp_72

]]></node>
<StgValue><ssdm name="tmp_77"/></StgValue>
</operation>

<operation id="102" st_id="4" stage="1" lat="1">
<core>LogicGate</core>
<MemPortIdVec></MemPortIdVec>
<condition id="9">
<or_exp><and_exp></and_exp></or_exp>
</condition>

<node id="102" bw="128" op_0_bw="128" op_1_bw="128">
<![CDATA[
:80  %p_demorgan1 = and i128 %tmp_76, %tmp_77

]]></node>
<StgValue><ssdm name="p_demorgan1"/></StgValue>
</operation>

<operation id="103" st_id="4" stage="1" lat="1">
<core>LogicGate</core>
<MemPortIdVec></MemPortIdVec>
<condition id="9">
<or_exp><and_exp></and_exp></or_exp>
</condition>

<node id="103" bw="128" op_0_bw="128" op_1_bw="128">
<![CDATA[
:81  %tmp_78 = xor i128 %p_demorgan1, -1

]]></node>
<StgValue><ssdm name="tmp_78"/></StgValue>
</operation>

<operation id="104" st_id="4" stage="1" lat="1">
<core>LogicGate</core>
<MemPortIdVec></MemPortIdVec>
<condition id="9">
<or_exp><and_exp></and_exp></or_exp>
</condition>

<node id="104" bw="128" op_0_bw="128" op_1_bw="128">
<![CDATA[
:82  %tmp_79 = and i128 %cipher_state_load, %tmp_78

]]></node>
<StgValue><ssdm name="tmp_79"/></StgValue>
</operation>

<operation id="105" st_id="4" stage="1" lat="1">
<core>LogicGate</core>
<MemPortIdVec></MemPortIdVec>
<condition id="9">
<or_exp><and_exp></and_exp></or_exp>
</condition>

<node id="105" bw="128" op_0_bw="128" op_1_bw="128">
<![CDATA[
:83  %tmp_80 = and i128 %tmp_75, %p_demorgan1

]]></node>
<StgValue><ssdm name="tmp_80"/></StgValue>
</operation>

<operation id="106" st_id="4" stage="1" lat="1">
<core>LogicGate</core>
<MemPortIdVec></MemPortIdVec>
<condition id="9">
<or_exp><and_exp></and_exp></or_exp>
</condition>

<node id="106" bw="128" op_0_bw="128" op_1_bw="128">
<![CDATA[
:84  %tmp_81 = or i128 %tmp_79, %tmp_80

]]></node>
<StgValue><ssdm name="tmp_81"/></StgValue>
</operation>

<operation id="107" st_id="4" stage="1" lat="1">
<core>NULL</core>
<MemPortIdVec></MemPortIdVec>
<condition id="9">
<or_exp><and_exp></and_exp></or_exp>
</condition>

<node id="107" bw="0" op_0_bw="128" op_1_bw="128">
<![CDATA[
:85  store i128 %tmp_81, i128* @cipher_state, align 8

]]></node>
<StgValue><ssdm name=""/></StgValue>
</operation>

<operation id="108" st_id="4" stage="1" lat="1">
<core>NULL</core>
<MemPortIdVec></MemPortIdVec>
<condition id="9">
<or_exp><and_exp></and_exp></or_exp>
</condition>

<node id="108" bw="0" op_0_bw="0">
<![CDATA[
:86  br label %.preheader

]]></node>
<StgValue><ssdm name=""/></StgValue>
</operation>
</state>
</state_list>


<ports>
<port id="115" name="cipher_state" dir="2" iftype="0">
<core>NULL</core><StgValue><ssdm name="cipher_state"/></StgValue>
</port>
<port id="116" name="S_Box" dir="0" iftype="1">
<core>ROM_nP</core><StgValue><ssdm name="S_Box"/><MemPortTyVec>1 </MemPortTyVec>
</StgValue>
</port>
</ports>


<dataflows>
<dataflow id="118" from="stg_117" to="i" fromId="117" toId="6">
<condition id="24">
<or_exp><and_exp></and_exp></or_exp>
</condition>
</dataflow>
<dataflow id="119" from="stg_5" to="i" fromId="5" toId="6">
</dataflow>
<dataflow id="120" from="i_1" to="i" fromId="9" toId="6">
<BackEdge/>
<condition id="25">
<or_exp><and_exp><literal name="exitcond" val="1"/>
</and_exp></or_exp>
</condition>
</dataflow>
<dataflow id="121" from="stg_20" to="i" fromId="20" toId="6">
<BackEdge/>
</dataflow>
<dataflow id="122" from="i" to="exitcond1" fromId="6" toId="7">
</dataflow>
<dataflow id="124" from="stg_123" to="exitcond1" fromId="123" toId="7">
</dataflow>
<dataflow id="126" from="_ssdm_op_SpecLoopTripCount" to="empty" fromId="125" toId="8">
</dataflow>
<dataflow id="128" from="stg_127" to="empty" fromId="127" toId="8">
</dataflow>
<dataflow id="129" from="stg_127" to="empty" fromId="127" toId="8">
</dataflow>
<dataflow id="130" from="stg_127" to="empty" fromId="127" toId="8">
</dataflow>
<dataflow id="131" from="i" to="i_1" fromId="6" toId="9">
</dataflow>
<dataflow id="133" from="stg_132" to="i_1" fromId="132" toId="9">
</dataflow>
<dataflow id="134" from="exitcond1" to="stg_10" fromId="7" toId="10">
</dataflow>
<dataflow id="135" from="i" to="tmp" fromId="6" toId="11">
</dataflow>
<dataflow id="137" from="_ssdm_op_BitConcatenate.i5.i2.i3" to="tmp_7" fromId="136" toId="12">
</dataflow>
<dataflow id="138" from="tmp" to="tmp_7" fromId="11" toId="12">
</dataflow>
<dataflow id="139" from="stg_117" to="tmp_7" fromId="117" toId="12">
</dataflow>
<dataflow id="140" from="tmp_7" to="tmp_8" fromId="12" toId="13">
</dataflow>
<dataflow id="142" from="stg_141" to="tmp_8" fromId="141" toId="13">
</dataflow>
<dataflow id="143" from="j_1" to="j" fromId="19" toId="16">
<BackEdge/>
<condition id="26">
<or_exp><and_exp></and_exp></or_exp>
</condition>
</dataflow>
<dataflow id="144" from="stg_108" to="j" fromId="108" toId="16">
<BackEdge/>
</dataflow>
<dataflow id="145" from="stg_117" to="j" fromId="117" toId="16">
<condition id="27">
<or_exp><and_exp><literal name="exitcond1" val="0"/>
</and_exp></or_exp>
</condition>
</dataflow>
<dataflow id="146" from="stg_14" to="j" fromId="14" toId="16">
</dataflow>
<dataflow id="147" from="j" to="exitcond" fromId="16" toId="17">
</dataflow>
<dataflow id="148" from="stg_123" to="exitcond" fromId="123" toId="17">
</dataflow>
<dataflow id="149" from="_ssdm_op_SpecLoopTripCount" to="empty_12" fromId="125" toId="18">
</dataflow>
<dataflow id="150" from="stg_127" to="empty_12" fromId="127" toId="18">
</dataflow>
<dataflow id="151" from="stg_127" to="empty_12" fromId="127" toId="18">
</dataflow>
<dataflow id="152" from="stg_127" to="empty_12" fromId="127" toId="18">
</dataflow>
<dataflow id="153" from="j" to="j_1" fromId="16" toId="19">
</dataflow>
<dataflow id="154" from="stg_132" to="j_1" fromId="132" toId="19">
</dataflow>
<dataflow id="155" from="exitcond" to="stg_20" fromId="17" toId="20">
</dataflow>
<dataflow id="156" from="cipher_state" to="cipher_state_load" fromId="115" toId="21">
</dataflow>
<dataflow id="157" from="j" to="tmp_1" fromId="16" toId="22">
</dataflow>
<dataflow id="159" from="_ssdm_op_BitConcatenate.i7.i2.i5" to="tmp_3" fromId="158" toId="23">
</dataflow>
<dataflow id="160" from="tmp_1" to="tmp_3" fromId="22" toId="23">
</dataflow>
<dataflow id="162" from="stg_161" to="tmp_3" fromId="161" toId="23">
</dataflow>
<dataflow id="163" from="tmp_3" to="tmp_4" fromId="23" toId="24">
</dataflow>
<dataflow id="165" from="stg_164" to="tmp_4" fromId="164" toId="24">
</dataflow>
<dataflow id="166" from="tmp_3" to="tmp_2" fromId="23" toId="25">
</dataflow>
<dataflow id="167" from="tmp_4" to="tmp_2" fromId="24" toId="25">
</dataflow>
<dataflow id="168" from="tmp_3" to="tmp_5" fromId="23" toId="26">
</dataflow>
<dataflow id="169" from="tmp_4" to="tmp_6" fromId="24" toId="27">
</dataflow>
<dataflow id="171" from="llvm.part.select.i128" to="tmp_9" fromId="170" toId="28">
</dataflow>
<dataflow id="172" from="cipher_state_load" to="tmp_9" fromId="21" toId="28">
</dataflow>
<dataflow id="174" from="stg_173" to="tmp_9" fromId="173" toId="28">
</dataflow>
<dataflow id="176" from="stg_175" to="tmp_9" fromId="175" toId="28">
</dataflow>
<dataflow id="177" from="tmp_5" to="tmp_10" fromId="26" toId="29">
</dataflow>
<dataflow id="178" from="tmp_6" to="tmp_10" fromId="27" toId="29">
</dataflow>
<dataflow id="179" from="tmp_5" to="tmp_11" fromId="26" toId="30">
</dataflow>
<dataflow id="181" from="stg_180" to="tmp_11" fromId="180" toId="30">
</dataflow>
<dataflow id="182" from="tmp_6" to="tmp_12" fromId="27" toId="31">
</dataflow>
<dataflow id="183" from="tmp_5" to="tmp_12" fromId="26" toId="31">
</dataflow>
<dataflow id="184" from="tmp_2" to="tmp_13" fromId="25" toId="32">
</dataflow>
<dataflow id="185" from="tmp_10" to="tmp_13" fromId="29" toId="32">
</dataflow>
<dataflow id="186" from="tmp_12" to="tmp_13" fromId="31" toId="32">
</dataflow>
<dataflow id="187" from="tmp_2" to="tmp_14" fromId="25" toId="33">
</dataflow>
<dataflow id="188" from="tmp_9" to="tmp_14" fromId="28" toId="33">
</dataflow>
<dataflow id="189" from="cipher_state_load" to="tmp_14" fromId="21" toId="33">
</dataflow>
<dataflow id="190" from="tmp_2" to="tmp_15" fromId="25" toId="34">
</dataflow>
<dataflow id="191" from="tmp_11" to="tmp_15" fromId="30" toId="34">
</dataflow>
<dataflow id="192" from="tmp_5" to="tmp_15" fromId="26" toId="34">
</dataflow>
<dataflow id="193" from="stg_180" to="tmp_16" fromId="180" toId="35">
</dataflow>
<dataflow id="194" from="tmp_13" to="tmp_16" fromId="32" toId="35">
</dataflow>
<dataflow id="195" from="tmp_15" to="tmp_17" fromId="34" toId="36">
</dataflow>
<dataflow id="196" from="tmp_16" to="tmp_18" fromId="35" toId="37">
</dataflow>
<dataflow id="197" from="tmp_14" to="tmp_19" fromId="33" toId="38">
</dataflow>
<dataflow id="198" from="tmp_17" to="tmp_19" fromId="36" toId="38">
</dataflow>
<dataflow id="200" from="stg_199" to="tmp_20" fromId="199" toId="39">
</dataflow>
<dataflow id="201" from="tmp_18" to="tmp_20" fromId="37" toId="39">
</dataflow>
<dataflow id="202" from="tmp_19" to="tmp_21" fromId="38" toId="40">
</dataflow>
<dataflow id="203" from="tmp_20" to="tmp_21" fromId="39" toId="40">
</dataflow>
<dataflow id="204" from="tmp_21" to="tmp_22" fromId="40" toId="41">
</dataflow>
<dataflow id="205" from="tmp_7" to="tmp_23" fromId="12" toId="42">
</dataflow>
<dataflow id="206" from="tmp_8" to="tmp_23" fromId="13" toId="42">
</dataflow>
<dataflow id="207" from="tmp_7" to="tmp_24" fromId="12" toId="43">
</dataflow>
<dataflow id="208" from="tmp_8" to="tmp_25" fromId="13" toId="44">
</dataflow>
<dataflow id="210" from="_ssdm_op_PartSelect.i32.i128.i32.i32" to="tmp_26" fromId="209" toId="45">
</dataflow>
<dataflow id="211" from="tmp_21" to="tmp_26" fromId="40" toId="45">
</dataflow>
<dataflow id="213" from="stg_212" to="tmp_26" fromId="212" toId="45">
</dataflow>
<dataflow id="214" from="stg_175" to="tmp_26" fromId="175" toId="45">
</dataflow>
<dataflow id="215" from="tmp_24" to="tmp_27" fromId="43" toId="46">
</dataflow>
<dataflow id="216" from="tmp_25" to="tmp_27" fromId="44" toId="46">
</dataflow>
<dataflow id="217" from="tmp_24" to="tmp_28" fromId="43" toId="47">
</dataflow>
<dataflow id="219" from="stg_218" to="tmp_28" fromId="218" toId="47">
</dataflow>
<dataflow id="220" from="tmp_25" to="tmp_29" fromId="44" toId="48">
</dataflow>
<dataflow id="221" from="tmp_24" to="tmp_29" fromId="43" toId="48">
</dataflow>
<dataflow id="222" from="tmp_23" to="tmp_30" fromId="42" toId="49">
</dataflow>
<dataflow id="223" from="tmp_27" to="tmp_30" fromId="46" toId="49">
</dataflow>
<dataflow id="224" from="tmp_29" to="tmp_30" fromId="48" toId="49">
</dataflow>
<dataflow id="225" from="tmp_23" to="tmp_31" fromId="42" toId="50">
</dataflow>
<dataflow id="226" from="tmp_26" to="tmp_31" fromId="45" toId="50">
</dataflow>
<dataflow id="227" from="tmp_22" to="tmp_31" fromId="41" toId="50">
</dataflow>
<dataflow id="228" from="tmp_23" to="tmp_32" fromId="42" toId="51">
</dataflow>
<dataflow id="229" from="tmp_28" to="tmp_32" fromId="47" toId="51">
</dataflow>
<dataflow id="230" from="tmp_24" to="tmp_32" fromId="43" toId="51">
</dataflow>
<dataflow id="231" from="stg_218" to="tmp_33" fromId="218" toId="52">
</dataflow>
<dataflow id="232" from="tmp_30" to="tmp_33" fromId="49" toId="52">
</dataflow>
<dataflow id="233" from="tmp_32" to="tmp_34" fromId="51" toId="53">
</dataflow>
<dataflow id="234" from="tmp_33" to="tmp_35" fromId="52" toId="54">
</dataflow>
<dataflow id="235" from="tmp_31" to="tmp_36" fromId="50" toId="55">
</dataflow>
<dataflow id="236" from="tmp_34" to="tmp_36" fromId="53" toId="55">
</dataflow>
<dataflow id="238" from="stg_237" to="tmp_37" fromId="237" toId="56">
</dataflow>
<dataflow id="239" from="tmp_35" to="tmp_37" fromId="54" toId="56">
</dataflow>
<dataflow id="240" from="tmp_36" to="tmp_38" fromId="55" toId="57">
</dataflow>
<dataflow id="241" from="tmp_37" to="tmp_38" fromId="56" toId="57">
</dataflow>
<dataflow id="242" from="tmp_38" to="tmp_39" fromId="57" toId="58">
</dataflow>
<dataflow id="243" from="tmp_39" to="tmp_s" fromId="58" toId="59">
</dataflow>
<dataflow id="244" from="S_Box" to="S_Box_addr" fromId="116" toId="60">
</dataflow>
<dataflow id="246" from="stg_245" to="S_Box_addr" fromId="245" toId="60">
</dataflow>
<dataflow id="247" from="tmp_s" to="S_Box_addr" fromId="59" toId="60">
</dataflow>
<dataflow id="248" from="S_Box_addr" to="S_Box_load" fromId="60" toId="61">
</dataflow>
<dataflow id="249" from="S_Box_addr" to="S_Box_load" fromId="60" toId="62">
</dataflow>
<dataflow id="250" from="tmp_7" to="tmp_40" fromId="12" toId="63">
</dataflow>
<dataflow id="251" from="tmp_8" to="tmp_40" fromId="13" toId="63">
</dataflow>
<dataflow id="252" from="tmp_7" to="tmp_41" fromId="12" toId="64">
</dataflow>
<dataflow id="253" from="tmp_8" to="tmp_42" fromId="13" toId="65">
</dataflow>
<dataflow id="254" from="S_Box_load" to="tmp_43" fromId="62" toId="66">
</dataflow>
<dataflow id="255" from="tmp_41" to="tmp_44" fromId="64" toId="67">
</dataflow>
<dataflow id="256" from="stg_218" to="tmp_44" fromId="218" toId="67">
</dataflow>
<dataflow id="257" from="tmp_40" to="tmp_45" fromId="63" toId="68">
</dataflow>
<dataflow id="258" from="tmp_41" to="tmp_45" fromId="64" toId="68">
</dataflow>
<dataflow id="259" from="tmp_42" to="tmp_45" fromId="65" toId="68">
</dataflow>
<dataflow id="260" from="tmp_40" to="tmp_46" fromId="63" toId="69">
</dataflow>
<dataflow id="261" from="tmp_42" to="tmp_46" fromId="65" toId="69">
</dataflow>
<dataflow id="262" from="tmp_41" to="tmp_46" fromId="64" toId="69">
</dataflow>
<dataflow id="263" from="tmp_40" to="tmp_47" fromId="63" toId="70">
</dataflow>
<dataflow id="264" from="tmp_44" to="tmp_47" fromId="67" toId="70">
</dataflow>
<dataflow id="265" from="tmp_41" to="tmp_47" fromId="64" toId="70">
</dataflow>
<dataflow id="266" from="tmp_45" to="tmp_48" fromId="68" toId="71">
</dataflow>
<dataflow id="267" from="stg_218" to="tmp_48" fromId="218" toId="71">
</dataflow>
<dataflow id="268" from="tmp_47" to="tmp_49" fromId="70" toId="72">
</dataflow>
<dataflow id="269" from="tmp_46" to="tmp_50" fromId="69" toId="73">
</dataflow>
<dataflow id="270" from="tmp_48" to="tmp_51" fromId="71" toId="74">
</dataflow>
<dataflow id="271" from="tmp_43" to="tmp_52" fromId="66" toId="75">
</dataflow>
<dataflow id="272" from="tmp_49" to="tmp_52" fromId="72" toId="75">
</dataflow>
<dataflow id="274" from="llvm.part.select.i32" to="tmp_53" fromId="273" toId="76">
</dataflow>
<dataflow id="275" from="tmp_52" to="tmp_53" fromId="75" toId="76">
</dataflow>
<dataflow id="276" from="stg_212" to="tmp_53" fromId="212" toId="76">
</dataflow>
<dataflow id="277" from="stg_175" to="tmp_53" fromId="175" toId="76">
</dataflow>
<dataflow id="278" from="tmp_40" to="tmp_54" fromId="63" toId="77">
</dataflow>
<dataflow id="279" from="tmp_53" to="tmp_54" fromId="76" toId="77">
</dataflow>
<dataflow id="280" from="tmp_52" to="tmp_54" fromId="75" toId="77">
</dataflow>
<dataflow id="281" from="stg_237" to="tmp_55" fromId="237" toId="78">
</dataflow>
<dataflow id="282" from="tmp_50" to="tmp_55" fromId="73" toId="78">
</dataflow>
<dataflow id="283" from="stg_237" to="tmp_56" fromId="237" toId="79">
</dataflow>
<dataflow id="284" from="tmp_51" to="tmp_56" fromId="74" toId="79">
</dataflow>
<dataflow id="285" from="tmp_55" to="p_demorgan" fromId="78" toId="80">
</dataflow>
<dataflow id="286" from="tmp_56" to="p_demorgan" fromId="79" toId="80">
</dataflow>
<dataflow id="287" from="p_demorgan" to="tmp_57" fromId="80" toId="81">
</dataflow>
<dataflow id="288" from="stg_237" to="tmp_57" fromId="237" toId="81">
</dataflow>
<dataflow id="289" from="tmp_22" to="tmp_58" fromId="41" toId="82">
</dataflow>
<dataflow id="290" from="tmp_57" to="tmp_58" fromId="81" toId="82">
</dataflow>
<dataflow id="291" from="tmp_54" to="tmp_59" fromId="77" toId="83">
</dataflow>
<dataflow id="292" from="p_demorgan" to="tmp_59" fromId="80" toId="83">
</dataflow>
<dataflow id="293" from="tmp_58" to="tmp_60" fromId="82" toId="84">
</dataflow>
<dataflow id="294" from="tmp_59" to="tmp_60" fromId="83" toId="84">
</dataflow>
<dataflow id="295" from="tmp_3" to="tmp_61" fromId="23" toId="85">
</dataflow>
<dataflow id="296" from="tmp_4" to="tmp_61" fromId="24" toId="85">
</dataflow>
<dataflow id="297" from="tmp_3" to="tmp_62" fromId="23" toId="86">
</dataflow>
<dataflow id="298" from="tmp_4" to="tmp_63" fromId="24" toId="87">
</dataflow>
<dataflow id="299" from="tmp_60" to="tmp_64" fromId="84" toId="88">
</dataflow>
<dataflow id="300" from="tmp_62" to="tmp_65" fromId="86" toId="89">
</dataflow>
<dataflow id="301" from="stg_180" to="tmp_65" fromId="180" toId="89">
</dataflow>
<dataflow id="302" from="tmp_61" to="tmp_66" fromId="85" toId="90">
</dataflow>
<dataflow id="303" from="tmp_62" to="tmp_66" fromId="86" toId="90">
</dataflow>
<dataflow id="304" from="tmp_63" to="tmp_66" fromId="87" toId="90">
</dataflow>
<dataflow id="305" from="tmp_61" to="tmp_67" fromId="85" toId="91">
</dataflow>
<dataflow id="306" from="tmp_63" to="tmp_67" fromId="87" toId="91">
</dataflow>
<dataflow id="307" from="tmp_62" to="tmp_67" fromId="86" toId="91">
</dataflow>
<dataflow id="308" from="tmp_61" to="tmp_68" fromId="85" toId="92">
</dataflow>
<dataflow id="309" from="tmp_65" to="tmp_68" fromId="89" toId="92">
</dataflow>
<dataflow id="310" from="tmp_62" to="tmp_68" fromId="86" toId="92">
</dataflow>
<dataflow id="311" from="tmp_66" to="tmp_69" fromId="90" toId="93">
</dataflow>
<dataflow id="312" from="stg_180" to="tmp_69" fromId="180" toId="93">
</dataflow>
<dataflow id="313" from="tmp_68" to="tmp_70" fromId="92" toId="94">
</dataflow>
<dataflow id="314" from="tmp_67" to="tmp_71" fromId="91" toId="95">
</dataflow>
<dataflow id="315" from="tmp_69" to="tmp_72" fromId="93" toId="96">
</dataflow>
<dataflow id="316" from="tmp_64" to="tmp_73" fromId="88" toId="97">
</dataflow>
<dataflow id="317" from="tmp_70" to="tmp_73" fromId="94" toId="97">
</dataflow>
<dataflow id="318" from="llvm.part.select.i128" to="tmp_74" fromId="170" toId="98">
</dataflow>
<dataflow id="319" from="tmp_73" to="tmp_74" fromId="97" toId="98">
</dataflow>
<dataflow id="320" from="stg_173" to="tmp_74" fromId="173" toId="98">
</dataflow>
<dataflow id="321" from="stg_175" to="tmp_74" fromId="175" toId="98">
</dataflow>
<dataflow id="322" from="tmp_61" to="tmp_75" fromId="85" toId="99">
</dataflow>
<dataflow id="323" from="tmp_74" to="tmp_75" fromId="98" toId="99">
</dataflow>
<dataflow id="324" from="tmp_73" to="tmp_75" fromId="97" toId="99">
</dataflow>
<dataflow id="325" from="stg_199" to="tmp_76" fromId="199" toId="100">
</dataflow>
<dataflow id="326" from="tmp_71" to="tmp_76" fromId="95" toId="100">
</dataflow>
<dataflow id="327" from="stg_199" to="tmp_77" fromId="199" toId="101">
</dataflow>
<dataflow id="328" from="tmp_72" to="tmp_77" fromId="96" toId="101">
</dataflow>
<dataflow id="329" from="tmp_76" to="p_demorgan1" fromId="100" toId="102">
</dataflow>
<dataflow id="330" from="tmp_77" to="p_demorgan1" fromId="101" toId="102">
</dataflow>
<dataflow id="331" from="p_demorgan1" to="tmp_78" fromId="102" toId="103">
</dataflow>
<dataflow id="332" from="stg_199" to="tmp_78" fromId="199" toId="103">
</dataflow>
<dataflow id="333" from="cipher_state_load" to="tmp_79" fromId="21" toId="104">
</dataflow>
<dataflow id="334" from="tmp_78" to="tmp_79" fromId="103" toId="104">
</dataflow>
<dataflow id="335" from="tmp_75" to="tmp_80" fromId="99" toId="105">
</dataflow>
<dataflow id="336" from="p_demorgan1" to="tmp_80" fromId="102" toId="105">
</dataflow>
<dataflow id="337" from="tmp_79" to="tmp_81" fromId="104" toId="106">
</dataflow>
<dataflow id="338" from="tmp_80" to="tmp_81" fromId="105" toId="106">
</dataflow>
<dataflow id="339" from="tmp_81" to="stg_107" fromId="106" toId="107">
</dataflow>
<dataflow id="340" from="cipher_state" to="stg_107" fromId="115" toId="107">
</dataflow>
<dataflow id="341" from="exitcond1" to="stg_2" fromId="7" toId="2">
</dataflow>
<dataflow id="342" from="exitcond" to="stg_3" fromId="17" toId="3">
</dataflow>
</dataflows>


</stg>
