<stg><name>Cipher_Multiplication</name>


<trans_list>

<trans id="27" from="1" to="2">
<condition id="7">
<or_exp><and_exp></and_exp></or_exp>
</condition>
</trans>

<trans id="28" from="2" to="2">
<condition id="9">
<or_exp><and_exp><literal name="exitcond" val="0"/>
</and_exp></or_exp>
</condition>
</trans>
</trans_list>



<state_list>

<state id="1" st_id="1">

<operation id="3" st_id="1" stage="1" lat="1">
<core>NULL</core>
<MemPortIdVec></MemPortIdVec>
<condition id="0">
<or_exp><and_exp></and_exp></or_exp>
</condition>

<node id="3" bw="8" op_0_bw="8" op_1_bw="8">
<![CDATA[
:0  %B_read = call i8 @_ssdm_op_Read.ap_auto.i8(i8 %B)

]]></node>
<StgValue><ssdm name="B_read"/></StgValue>
</operation>

<operation id="4" st_id="1" stage="1" lat="1">
<core>NULL</core>
<MemPortIdVec></MemPortIdVec>
<condition id="0">
<or_exp><and_exp></and_exp></or_exp>
</condition>

<node id="4" bw="4" op_0_bw="4" op_1_bw="4">
<![CDATA[
:1  %A_read = call i4 @_ssdm_op_Read.ap_auto.i4(i4 %A)

]]></node>
<StgValue><ssdm name="A_read"/></StgValue>
</operation>

<operation id="5" st_id="1" stage="1" lat="1">
<core>NULL</core>
<MemPortIdVec></MemPortIdVec>
<condition id="0">
<or_exp><and_exp></and_exp></or_exp>
</condition>

<node id="5" bw="2" op_0_bw="4">
<![CDATA[
:2  %tmp = trunc i4 %A_read to i2

]]></node>
<StgValue><ssdm name="tmp"/></StgValue>
</operation>

<operation id="6" st_id="1" stage="1" lat="1">
<core>NULL</core>
<MemPortIdVec></MemPortIdVec>
<condition id="0">
<or_exp><and_exp></and_exp></or_exp>
</condition>

<node id="6" bw="0" op_0_bw="0">
<![CDATA[
:3  br label %1

]]></node>
<StgValue><ssdm name=""/></StgValue>
</operation>
</state>

<state id="2" st_id="2">

<operation id="7" st_id="2" stage="1" lat="1">
<core>NULL</core>
<MemPortIdVec></MemPortIdVec>
<condition id="1">
<or_exp><and_exp></and_exp></or_exp>
</condition>

<node id="8" bw="8" op_0_bw="8" op_1_bw="0">
<![CDATA[
:0  %A_assign = phi i8 [ %B_read, %0 ], [ %result_3, %2 ]

]]></node>
<StgValue><ssdm name="A_assign"/></StgValue>
</operation>

<operation id="8" st_id="2" stage="1" lat="1">
<core>NULL</core>
<MemPortIdVec></MemPortIdVec>
<condition id="1">
<or_exp><and_exp></and_exp></or_exp>
</condition>

<node id="9" bw="8" op_0_bw="8" op_1_bw="0">
<![CDATA[
:1  %sum = phi i8 [ 0, %0 ], [ %sum_0_s, %2 ]

]]></node>
<StgValue><ssdm name="sum"/></StgValue>
</operation>

<operation id="9" st_id="2" stage="1" lat="1">
<core>NULL</core>
<MemPortIdVec></MemPortIdVec>
<condition id="1">
<or_exp><and_exp></and_exp></or_exp>
</condition>

<node id="10" bw="4" op_0_bw="4" op_1_bw="0">
<![CDATA[
:2  %i = phi i4 [ 0, %0 ], [ %i_1, %2 ]

]]></node>
<StgValue><ssdm name="i"/></StgValue>
</operation>

<operation id="10" st_id="2" stage="1" lat="1">
<core>NULL</core>
<MemPortIdVec></MemPortIdVec>
<condition id="1">
<or_exp><and_exp></and_exp></or_exp>
</condition>

<node id="11" bw="8" op_0_bw="4">
<![CDATA[
:3  %i_cast1 = zext i4 %i to i8

]]></node>
<StgValue><ssdm name="i_cast1"/></StgValue>
</operation>

<operation id="11" st_id="2" stage="1" lat="1">
<core>Cmp</core>
<MemPortIdVec></MemPortIdVec>
<condition id="1">
<or_exp><and_exp></and_exp></or_exp>
</condition>

<node id="12" bw="1" op_0_bw="4" op_1_bw="4">
<![CDATA[
:4  %exitcond = icmp eq i4 %i, -8

]]></node>
<StgValue><ssdm name="exitcond"/></StgValue>
</operation>

<operation id="12" st_id="2" stage="1" lat="1">
<core>NULL</core>
<MemPortIdVec></MemPortIdVec>
<condition id="1">
<or_exp><and_exp></and_exp></or_exp>
</condition>

<node id="13" bw="32" op_0_bw="32" op_1_bw="64" op_2_bw="64" op_3_bw="64">
<![CDATA[
:5  %empty = call i32 (...)* @_ssdm_op_SpecLoopTripCount(i64 8, i64 8, i64 8) nounwind

]]></node>
<StgValue><ssdm name="empty"/></StgValue>
</operation>

<operation id="13" st_id="2" stage="1" lat="1">
<core>AddSub</core>
<MemPortIdVec></MemPortIdVec>
<condition id="1">
<or_exp><and_exp></and_exp></or_exp>
</condition>

<node id="14" bw="4" op_0_bw="4" op_1_bw="4">
<![CDATA[
:6  %i_1 = add i4 %i, 1

]]></node>
<StgValue><ssdm name="i_1"/></StgValue>
</operation>

<operation id="14" st_id="2" stage="1" lat="1">
<core>NULL</core>
<MemPortIdVec></MemPortIdVec>
<condition id="1">
<or_exp><and_exp></and_exp></or_exp>
</condition>

<node id="15" bw="0" op_0_bw="1" op_1_bw="0" op_2_bw="0">
<![CDATA[
:7  br i1 %exitcond, label %3, label %2

]]></node>
<StgValue><ssdm name=""/></StgValue>
</operation>

<operation id="15" st_id="2" stage="1" lat="1">
<core>ShiftnS</core>
<MemPortIdVec></MemPortIdVec>
<condition id="3">
<or_exp><and_exp><literal name="exitcond" val="0"/>
</and_exp></or_exp>
</condition>

<node id="17" bw="8" op_0_bw="8" op_1_bw="8">
<![CDATA[
:0  %tmp_3 = shl i8 1, %i_cast1

]]></node>
<StgValue><ssdm name="tmp_3"/></StgValue>
</operation>

<operation id="16" st_id="2" stage="1" lat="1">
<core>NULL</core>
<MemPortIdVec></MemPortIdVec>
<condition id="3">
<or_exp><and_exp><literal name="exitcond" val="0"/>
</and_exp></or_exp>
</condition>

<node id="18" bw="2" op_0_bw="8">
<![CDATA[
:1  %tmp_236 = trunc i8 %tmp_3 to i2

]]></node>
<StgValue><ssdm name="tmp_236"/></StgValue>
</operation>

<operation id="17" st_id="2" stage="1" lat="1">
<core>LogicGate</core>
<MemPortIdVec></MemPortIdVec>
<condition id="3">
<or_exp><and_exp><literal name="exitcond" val="0"/>
</and_exp></or_exp>
</condition>

<node id="19" bw="2" op_0_bw="2" op_1_bw="2">
<![CDATA[
:2  %tmp_4 = and i2 %tmp_236, %tmp

]]></node>
<StgValue><ssdm name="tmp_4"/></StgValue>
</operation>

<operation id="18" st_id="2" stage="1" lat="1">
<core>Cmp</core>
<MemPortIdVec></MemPortIdVec>
<condition id="3">
<or_exp><and_exp><literal name="exitcond" val="0"/>
</and_exp></or_exp>
</condition>

<node id="20" bw="1" op_0_bw="2" op_1_bw="2">
<![CDATA[
:3  %tmp_5 = icmp eq i2 %tmp_4, 0

]]></node>
<StgValue><ssdm name="tmp_5"/></StgValue>
</operation>

<operation id="19" st_id="2" stage="1" lat="1">
<core>Sel</core>
<MemPortIdVec></MemPortIdVec>
<condition id="3">
<or_exp><and_exp><literal name="exitcond" val="0"/>
</and_exp></or_exp>
</condition>

<node id="21" bw="8" op_0_bw="1" op_1_bw="8" op_2_bw="8">
<![CDATA[
:4  %tmp_6 = select i1 %tmp_5, i8 0, i8 %A_assign

]]></node>
<StgValue><ssdm name="tmp_6"/></StgValue>
</operation>

<operation id="20" st_id="2" stage="1" lat="1">
<core>LogicGate</core>
<MemPortIdVec></MemPortIdVec>
<condition id="3">
<or_exp><and_exp><literal name="exitcond" val="0"/>
</and_exp></or_exp>
</condition>

<node id="22" bw="8" op_0_bw="8" op_1_bw="8">
<![CDATA[
:5  %sum_0_s = xor i8 %tmp_6, %sum

]]></node>
<StgValue><ssdm name="sum_0_s"/></StgValue>
</operation>

<operation id="21" st_id="2" stage="1" lat="1">
<core>NULL</core>
<MemPortIdVec></MemPortIdVec>
<condition id="3">
<or_exp><and_exp><literal name="exitcond" val="0"/>
</and_exp></or_exp>
</condition>

<node id="23" bw="8" op_0_bw="8" op_1_bw="8">
<![CDATA[
:6  %result = shl i8 %A_assign, 1

]]></node>
<StgValue><ssdm name="result"/></StgValue>
</operation>

<operation id="22" st_id="2" stage="1" lat="1">
<core>NULL</core>
<MemPortIdVec></MemPortIdVec>
<condition id="3">
<or_exp><and_exp><literal name="exitcond" val="0"/>
</and_exp></or_exp>
</condition>

<node id="24" bw="1" op_0_bw="1" op_1_bw="8" op_2_bw="32">
<![CDATA[
:7  %tmp_238 = call i1 @_ssdm_op_BitSelect.i1.i8.i32(i8 %A_assign, i32 7)

]]></node>
<StgValue><ssdm name="tmp_238"/></StgValue>
</operation>

<operation id="23" st_id="2" stage="1" lat="1">
<core>LogicGate</core>
<MemPortIdVec></MemPortIdVec>
<condition id="3">
<or_exp><and_exp><literal name="exitcond" val="0"/>
</and_exp></or_exp>
</condition>

<node id="25" bw="8" op_0_bw="8" op_1_bw="8">
<![CDATA[
:8  %result_1 = xor i8 %result, 27

]]></node>
<StgValue><ssdm name="result_1"/></StgValue>
</operation>

<operation id="24" st_id="2" stage="1" lat="1">
<core>Sel</core>
<MemPortIdVec></MemPortIdVec>
<condition id="3">
<or_exp><and_exp><literal name="exitcond" val="0"/>
</and_exp></or_exp>
</condition>

<node id="26" bw="8" op_0_bw="1" op_1_bw="8" op_2_bw="8">
<![CDATA[
:9  %result_3 = select i1 %tmp_238, i8 %result_1, i8 %result

]]></node>
<StgValue><ssdm name="result_3"/></StgValue>
</operation>

<operation id="25" st_id="2" stage="1" lat="1">
<core>NULL</core>
<MemPortIdVec></MemPortIdVec>
<condition id="3">
<or_exp><and_exp><literal name="exitcond" val="0"/>
</and_exp></or_exp>
</condition>

<node id="27" bw="0" op_0_bw="0">
<![CDATA[
:10  br label %1

]]></node>
<StgValue><ssdm name=""/></StgValue>
</operation>

<operation id="26" st_id="2" stage="1" lat="1">
<core>NULL</core>
<MemPortIdVec></MemPortIdVec>
<condition id="5">
<or_exp><and_exp><literal name="exitcond" val="1"/>
</and_exp></or_exp>
</condition>

<node id="29" bw="0" op_0_bw="8">
<![CDATA[
:0  ret i8 %sum

]]></node>
<StgValue><ssdm name=""/></StgValue>
</operation>
</state>
</state_list>


<ports>
<port id="29" name="A" dir="0" iftype="0">
<core>NULL</core><StgValue><ssdm name="A"/></StgValue>
</port>
<port id="30" name="B" dir="0" iftype="0">
<core>NULL</core><StgValue><ssdm name="B"/></StgValue>
</port>
</ports>


<dataflows>
<dataflow id="32" from="_ssdm_op_Read.ap_auto.i8" to="B_read" fromId="31" toId="3">
</dataflow>
<dataflow id="33" from="B" to="B_read" fromId="30" toId="3">
</dataflow>
<dataflow id="35" from="_ssdm_op_Read.ap_auto.i4" to="A_read" fromId="34" toId="4">
</dataflow>
<dataflow id="36" from="A" to="A_read" fromId="29" toId="4">
</dataflow>
<dataflow id="37" from="A_read" to="tmp" fromId="4" toId="5">
</dataflow>
<dataflow id="38" from="B_read" to="A_assign" fromId="3" toId="7">
<condition id="12">
<or_exp><and_exp></and_exp></or_exp>
</condition>
</dataflow>
<dataflow id="39" from="stg_6" to="A_assign" fromId="6" toId="7">
</dataflow>
<dataflow id="40" from="result_3" to="A_assign" fromId="24" toId="7">
<BackEdge/>
<condition id="13">
<or_exp><and_exp><literal name="exitcond" val="0"/>
</and_exp></or_exp>
</condition>
</dataflow>
<dataflow id="41" from="stg_25" to="A_assign" fromId="25" toId="7">
<BackEdge/>
</dataflow>
<dataflow id="43" from="stg_42" to="sum" fromId="42" toId="8">
<condition id="14">
<or_exp><and_exp></and_exp></or_exp>
</condition>
</dataflow>
<dataflow id="44" from="stg_6" to="sum" fromId="6" toId="8">
</dataflow>
<dataflow id="45" from="sum_0_s" to="sum" fromId="20" toId="8">
<BackEdge/>
<condition id="15">
<or_exp><and_exp><literal name="exitcond" val="0"/>
</and_exp></or_exp>
</condition>
</dataflow>
<dataflow id="46" from="stg_25" to="sum" fromId="25" toId="8">
<BackEdge/>
</dataflow>
<dataflow id="48" from="stg_47" to="i" fromId="47" toId="9">
<condition id="16">
<or_exp><and_exp></and_exp></or_exp>
</condition>
</dataflow>
<dataflow id="49" from="stg_6" to="i" fromId="6" toId="9">
</dataflow>
<dataflow id="50" from="i_1" to="i" fromId="13" toId="9">
<BackEdge/>
<condition id="17">
<or_exp><and_exp><literal name="exitcond" val="0"/>
</and_exp></or_exp>
</condition>
</dataflow>
<dataflow id="51" from="stg_25" to="i" fromId="25" toId="9">
<BackEdge/>
</dataflow>
<dataflow id="52" from="i" to="i_cast1" fromId="9" toId="10">
</dataflow>
<dataflow id="53" from="i" to="exitcond" fromId="9" toId="11">
</dataflow>
<dataflow id="55" from="stg_54" to="exitcond" fromId="54" toId="11">
</dataflow>
<dataflow id="57" from="_ssdm_op_SpecLoopTripCount" to="empty" fromId="56" toId="12">
</dataflow>
<dataflow id="59" from="stg_58" to="empty" fromId="58" toId="12">
</dataflow>
<dataflow id="60" from="stg_58" to="empty" fromId="58" toId="12">
</dataflow>
<dataflow id="61" from="stg_58" to="empty" fromId="58" toId="12">
</dataflow>
<dataflow id="62" from="i" to="i_1" fromId="9" toId="13">
</dataflow>
<dataflow id="64" from="stg_63" to="i_1" fromId="63" toId="13">
</dataflow>
<dataflow id="65" from="exitcond" to="stg_14" fromId="11" toId="14">
</dataflow>
<dataflow id="67" from="stg_66" to="tmp_3" fromId="66" toId="15">
</dataflow>
<dataflow id="68" from="i_cast1" to="tmp_3" fromId="10" toId="15">
</dataflow>
<dataflow id="69" from="tmp_3" to="tmp_236" fromId="15" toId="16">
</dataflow>
<dataflow id="70" from="tmp_236" to="tmp_4" fromId="16" toId="17">
</dataflow>
<dataflow id="71" from="tmp" to="tmp_4" fromId="5" toId="17">
</dataflow>
<dataflow id="72" from="tmp_4" to="tmp_5" fromId="17" toId="18">
</dataflow>
<dataflow id="74" from="stg_73" to="tmp_5" fromId="73" toId="18">
</dataflow>
<dataflow id="75" from="tmp_5" to="tmp_6" fromId="18" toId="19">
</dataflow>
<dataflow id="76" from="stg_42" to="tmp_6" fromId="42" toId="19">
</dataflow>
<dataflow id="77" from="A_assign" to="tmp_6" fromId="7" toId="19">
</dataflow>
<dataflow id="78" from="tmp_6" to="sum_0_s" fromId="19" toId="20">
</dataflow>
<dataflow id="79" from="sum" to="sum_0_s" fromId="8" toId="20">
</dataflow>
<dataflow id="80" from="A_assign" to="result" fromId="7" toId="21">
</dataflow>
<dataflow id="81" from="stg_66" to="result" fromId="66" toId="21">
</dataflow>
<dataflow id="83" from="_ssdm_op_BitSelect.i1.i8.i32" to="tmp_238" fromId="82" toId="22">
</dataflow>
<dataflow id="84" from="A_assign" to="tmp_238" fromId="7" toId="22">
</dataflow>
<dataflow id="86" from="stg_85" to="tmp_238" fromId="85" toId="22">
</dataflow>
<dataflow id="87" from="result" to="result_1" fromId="21" toId="23">
</dataflow>
<dataflow id="89" from="stg_88" to="result_1" fromId="88" toId="23">
</dataflow>
<dataflow id="90" from="tmp_238" to="result_3" fromId="22" toId="24">
</dataflow>
<dataflow id="91" from="result_1" to="result_3" fromId="23" toId="24">
</dataflow>
<dataflow id="92" from="result" to="result_3" fromId="21" toId="24">
</dataflow>
<dataflow id="93" from="sum" to="stg_26" fromId="8" toId="26">
</dataflow>
<dataflow id="94" from="exitcond" to="stg_2" fromId="11" toId="2">
</dataflow>
</dataflows>


</stg>
