<stg><name>Cipher_Multiplication</name>


<trans_list>

<trans id="27" from="1" to="2">
<condition id="7">
<or_exp><and_exp></and_exp></or_exp>
</condition>
</trans>

<trans id="28" from="2" to="2">
<condition id="9">
<or_exp><and_exp><literal name="exitcond" val="0"/>
</and_exp></or_exp>
</condition>
</trans>
</trans_list>



<state_list>

<state id="1" st_id="1">

<operation id="3" st_id="1" stage="1" lat="1">
<core>NULL</core>
<MemPortIdVec></MemPortIdVec>
<condition id="0">
<or_exp><and_exp></and_exp></or_exp>
</condition>

<node id="3" bw="8" op_0_bw="8" op_1_bw="8">
<![CDATA[
:0  %B_read = call i8 @_ssdm_op_Read.ap_auto.i8(i8 %B)

]]></node>
<StgValue><ssdm name="B_read"/></StgValue>
</operation>

<operation id="4" st_id="1" stage="1" lat="1">
<core>NULL</core>
<MemPortIdVec></MemPortIdVec>
<condition id="0">
<or_exp><and_exp></and_exp></or_exp>
</condition>

<node id="4" bw="4" op_0_bw="4" op_1_bw="4">
<![CDATA[
:1  %A_read = call i4 @_ssdm_op_Read.ap_auto.i4(i4 %A)

]]></node>
<StgValue><ssdm name="A_read"/></StgValue>
</operation>

<operation id="5" st_id="1" stage="1" lat="1">
<core>NULL</core>
<MemPortIdVec></MemPortIdVec>
<condition id="0">
<or_exp><and_exp></and_exp></or_exp>
</condition>

<node id="5" bw="2" op_0_bw="4">
<![CDATA[
:2  %tmp = trunc i4 %A_read to i2

]]></node>
<StgValue><ssdm name="tmp"/></StgValue>
</operation>

<operation id="6" st_id="1" stage="1" lat="1">
<core>NULL</core>
<MemPortIdVec></MemPortIdVec>
<condition id="0">
<or_exp><and_exp></and_exp></or_exp>
</condition>

<node id="6" bw="0" op_0_bw="0">
<![CDATA[
:3  br label %1

]]></node>
<StgValue><ssdm name=""/></StgValue>
</operation>
</state>

<state id="2" st_id="2">

<operation id="7" st_id="2" stage="1" lat="1">
<core>NULL</core>
<MemPortIdVec></MemPortIdVec>
<condition id="1">
<or_exp><and_exp></and_exp></or_exp>
</condition>

<node id="8" bw="8" op_0_bw="8" op_1_bw="0">
<![CDATA[
:0  %A_assign = phi i8 [ %B_read, %0 ], [ %result_3, %2 ]

]]></node>
<StgValue><ssdm name="A_assign"/></StgValue>
</operation>

<operation id="8" st_id="2" stage="1" lat="1">
<core>NULL</core>
<MemPortIdVec></MemPortIdVec>
<condition id="1">
<or_exp><and_exp></and_exp></or_exp>
</condition>

<node id="9" bw="8" op_0_bw="8" op_1_bw="0">
<![CDATA[
:1  %sum = phi i8 [ 0, %0 ], [ %sum_0_s, %2 ]

]]></node>
<StgValue><ssdm name="sum"/></StgValue>
</operation>

<operation id="9" st_id="2" stage="1" lat="1">
<core>NULL</core>
<MemPortIdVec></MemPortIdVec>
<condition id="1">
<or_exp><and_exp></and_exp></or_exp>
</condition>

<node id="10" bw="4" op_0_bw="4" op_1_bw="0">
<![CDATA[
:2  %i = phi i4 [ 0, %0 ], [ %i_1, %2 ]

]]></node>
<StgValue><ssdm name="i"/></StgValue>
</operation>

<operation id="10" st_id="2" stage="1" lat="1">
<core>NULL</core>
<MemPortIdVec></MemPortIdVec>
<condition id="1">
<or_exp><and_exp></and_exp></or_exp>
</condition>

<node id="11" bw="8" op_0_bw="4">
<![CDATA[
:3  %i_cast1 = zext i4 %i to i8

]]></node>
<StgValue><ssdm name="i_cast1"/></StgValue>
</operation>

<operation id="11" st_id="2" stage="1" lat="1">
<core>Cmp</core>
<MemPortIdVec></MemPortIdVec>
<condition id="1">
<or_exp><and_exp></and_exp></or_exp>
</condition>

<node id="12" bw="1" op_0_bw="4" op_1_bw="4">
<![CDATA[
:4  %exitcond = icmp eq i4 %i, -8

]]></node>
<StgValue><ssdm name="exitcond"/></StgValue>
</operation>

<operation id="12" st_id="2" stage="1" lat="1">
<core>NULL</core>
<MemPortIdVec></MemPortIdVec>
<condition id="1">
<or_exp><and_exp></and_exp></or_exp>
</condition>

<node id="13" bw="32" op_0_bw="32" op_1_bw="64" op_2_bw="64" op_3_bw="64">
<![CDATA[
:5  %empty = call i32 (...)* @_ssdm_op_SpecLoopTripCount(i64 8, i64 8, i64 8) nounwind

]]></node>
<StgValue><ssdm name="empty"/></StgValue>
</operation>

<operation id="13" st_id="2" stage="1" lat="1">
<core>AddSub</core>
<MemPortIdVec></MemPortIdVec>
<condition id="1">
<or_exp><and_exp></and_exp></or_exp>
</condition>

<node id="14" bw="4" op_0_bw="4" op_1_bw="4">
<![CDATA[
:6  %i_1 = add i4 %i, 1

]]></node>
<StgValue><ssdm name="i_1"/></StgValue>
</operation>

<operation id="14" st_id="2" stage="1" lat="1">
<core>NULL</core>
<MemPortIdVec></MemPortIdVec>
<condition id="1">
<or_exp><and_exp></and_exp></or_exp>
</condition>

<node id="15" bw="0" op_0_bw="1" op_1_bw="0" op_2_bw="0">
<![CDATA[
:7  br i1 %exitcond, label %3, label %2

]]></node>
<StgValue><ssdm name=""/></StgValue>
</operation>

<operation id="15" st_id="2" stage="1" lat="1">
<core>ShiftnS</core>
<MemPortIdVec></MemPortIdVec>
<condition id="3">
<or_exp><and_exp><literal name="exitcond" val="0"/>
</and_exp></or_exp>
</condition>

<node id="17" bw="8" op_0_bw="8" op_1_bw="8">
<![CDATA[
:0  %tmp_3 = shl i8 1, %i_cast1

]]></node>
<StgValue><ssdm name="tmp_3"/></StgValue>
</operation>

<operation id="16" st_id="2" stage="1" lat="1">
<core>NULL</core>
<MemPortIdVec></MemPortIdVec>
<condition id="3">
<or_exp><and_exp><literal name="exitcond" val="0"/>
</and_exp></or_exp>
</condition>

<node id="18" bw="2" op_0_bw="8">
<![CDATA[
:1  %tmp_236 = trunc i8 %tmp_3 to i2

]]></node>
<StgValue><ssdm name="tmp_236"/></StgValue>
</operation>

<operation id="17" st_id="2" stage="1" lat="1">
<core>LogicGate</core>
<MemPortIdVec></MemPortIdVec>
<condition id="3">
<or_exp><and_exp><literal name="exitcond" val="0"/>
</and_exp></or_exp>
</condition>

<node id="19" bw="2" op_0_bw="2" op_1_bw="2">
<![CDATA[
:2  %tmp_4 = and i2 %tmp_236, %tmp

]]></node>
<StgValue><ssdm name="tmp_4"/></StgValue>
</operation>

<operation id="18" st_id="2" stage="1" lat="1">
<core>Cmp</core>
<MemPortIdVec></MemPortIdVec>
<condition id="3">
<or_exp><and_exp><literal name="exitcond" val="0"/>
</and_exp></or_exp>
</condition>

<node id="20" bw="1" op_0_bw="2" op_1_bw="2">
<![CDATA[
:3  %tmp_5 = icmp eq i2 %tmp_4, 0

]]></node>
<StgValue><ssdm name="tmp_5"/></StgValue>
</operation>

<operation id="19" st_id="2" stage="1" lat="1">
<core>Sel</core>
<MemPortIdVec></MemPortIdVec>
<condition id="3">
<or_exp><and_exp><literal name="exitcond" val="0"/>
</and_exp></or_exp>
</condition>

<node id="21" bw="8" op_0_bw="1" op_1_bw="8" op_2_bw="8">
<![CDATA[
:4  %tmp_6 = select i1 %tmp_5, i8 0, i8 %A_assign

]]></node>
<StgValue><ssdm name="tmp_6"/></StgValue>
</operation>

<operation id="20" st_id="2" stage="1" lat="1">
<core>LogicGate</core>
<MemPortIdVec></MemPortIdVec>
<condition id="3">
<or_exp><and_exp><literal name="exitcond" val="0"/>
</and_exp></or_exp>
</condition>

<node id="22" bw="8" op_0_bw="8" op_1_bw="8">
<![CDATA[
:5  %sum_0_s = xor i8 %tmp_6, %sum

]]></node>
<StgValue><ssdm name="sum_0_s"/></StgValue>
</operation>

<operation id="21" st_id="2" stage="1" lat="1">
<core>NULL</core>
<MemPortIdVec></MemPortIdVec>
<condition id="3">
<or_exp><and_exp><literal name="exitcond" val="0"/>
</and_exp></or_exp>
</condition>

<node id="23" bw="8" op_0_bw="8" op_1_bw="8">
<![CDATA[
:6  %result = shl i8 %A_assign, 1

]]></node>
<StgValue><ssdm name="result"/></StgValue>
</operation>

<operation id="22" st_id="2" stage="1" lat="1">
<core>NULL</core>
<MemPortIdVec></MemPortIdVec>
<condition id="3">
<or_exp><and_exp><literal name="exitcond" val="0"/>
</and_exp></or_exp>
</condition>

<node id="24" bw="1" op_0_bw="1" op_1_bw="8" op_2_bw="32">
<![CDATA[
:7  %tmp_238 = call i1 @_ssdm_op_BitSelect.i1.i8.i32(i8 %A_assign, i32 7)

]]></node>
<StgValue><ssdm name="tmp_238"/></StgValue>
</operation>

<operation id="23" st_id="2" stage="1" lat="1">
<core>LogicGate</core>
<MemPortIdVec></MemPortIdVec>
<condition id="3">
<or_exp><and_exp><literal name="exitcond" val="0"/>
</and_exp></or_exp>
</condition>

<node id="25" bw="8" op_0_bw="8" op_1_bw="8">
<![CDATA[
:8  %result_1 = xor i8 %result, 27

]]></node>
<StgValue><ssdm name="result_1"/></StgValue>
</operation>

<operation id="24" st_id="2" stage="1" lat="1">
<core>Sel</core>
<MemPortIdVec></MemPortIdVec>
<condition id="3">
<or_exp><and_exp><literal name="exitcond" val="0"/>
</and_exp></or_exp>
</condition>

<node id="26" bw="8" op_0_bw="1" op_1_bw="8" op_2_bw="8">
<![CDATA[
:9  %result_3 = select i1 %tmp_238, i8 %result_1, i8 %result

]]></node>
<StgValue><ssdm name="result_3"/></StgValue>
</operation>

<operation id="25" st_id="2" stage="1" lat="1">
<core>NULL</core>
<MemPortIdVec></MemPortIdVec>
<condition id="3">
<or_exp><and_exp><literal name="exitcond" val="0"/>
</and_exp></or_exp>
</condition>

<node id="27" bw="0" op_0_bw="0">
<![CDATA[
:10  br label %1

]]></node>
<StgValue><ssdm name=""/></StgValue>
</operation>

<operation id="26" st_id="2" stage="1" lat="1">
<core>NULL</core>
<MemPortIdVec></MemPortIdVec>
<condition id="5">
<or_exp><and_exp><literal name="exitcond" val="1"/>
</and_exp></or_exp>
</condition>

<node id="29" bw="0" op_0_bw="8">
<![CDATA[
:0  ret i8 %sum

]]></node>
<StgValue><ssdm name=""/></StgValue>
</operation>
</state>
</state_list>


<ports>
</ports>


<dataflows>
</dataflows>


</stg>
