<stg><name>Cipher</name>


<trans_list>

<trans id="153" from="1" to="2">
<condition id="72">
<or_exp><and_exp></and_exp></or_exp>
</condition>
</trans>

<trans id="154" from="2" to="3">
<condition id="73">
<or_exp><and_exp></and_exp></or_exp>
</condition>
</trans>

<trans id="155" from="3" to="4">
<condition id="74">
<or_exp><and_exp></and_exp></or_exp>
</condition>
</trans>

<trans id="156" from="4" to="5">
<condition id="75">
<or_exp><and_exp></and_exp></or_exp>
</condition>
</trans>

<trans id="157" from="5" to="6">
<condition id="76">
<or_exp><and_exp></and_exp></or_exp>
</condition>
</trans>

<trans id="158" from="6" to="7">
<condition id="77">
<or_exp><and_exp></and_exp></or_exp>
</condition>
</trans>

<trans id="159" from="7" to="8">
<condition id="78">
<or_exp><and_exp></and_exp></or_exp>
</condition>
</trans>

<trans id="160" from="8" to="9">
<condition id="79">
<or_exp><and_exp></and_exp></or_exp>
</condition>
</trans>

<trans id="161" from="9" to="10">
<condition id="80">
<or_exp><and_exp></and_exp></or_exp>
</condition>
</trans>

<trans id="162" from="10" to="11">
<condition id="81">
<or_exp><and_exp></and_exp></or_exp>
</condition>
</trans>

<trans id="163" from="11" to="12">
<condition id="82">
<or_exp><and_exp></and_exp></or_exp>
</condition>
</trans>

<trans id="164" from="12" to="13">
<condition id="83">
<or_exp><and_exp></and_exp></or_exp>
</condition>
</trans>

<trans id="165" from="13" to="14">
<condition id="84">
<or_exp><and_exp></and_exp></or_exp>
</condition>
</trans>

<trans id="166" from="14" to="15">
<condition id="85">
<or_exp><and_exp></and_exp></or_exp>
</condition>
</trans>

<trans id="167" from="15" to="16">
<condition id="86">
<or_exp><and_exp></and_exp></or_exp>
</condition>
</trans>

<trans id="168" from="16" to="17">
<condition id="87">
<or_exp><and_exp></and_exp></or_exp>
</condition>
</trans>

<trans id="169" from="17" to="18">
<condition id="88">
<or_exp><and_exp></and_exp></or_exp>
</condition>
</trans>

<trans id="170" from="18" to="19">
<condition id="89">
<or_exp><and_exp></and_exp></or_exp>
</condition>
</trans>

<trans id="171" from="19" to="20">
<condition id="90">
<or_exp><and_exp></and_exp></or_exp>
</condition>
</trans>

<trans id="172" from="20" to="21">
<condition id="91">
<or_exp><and_exp></and_exp></or_exp>
</condition>
</trans>

<trans id="173" from="21" to="22">
<condition id="92">
<or_exp><and_exp></and_exp></or_exp>
</condition>
</trans>

<trans id="174" from="22" to="23">
<condition id="93">
<or_exp><and_exp></and_exp></or_exp>
</condition>
</trans>

<trans id="175" from="23" to="24">
<condition id="94">
<or_exp><and_exp></and_exp></or_exp>
</condition>
</trans>

<trans id="176" from="24" to="25">
<condition id="95">
<or_exp><and_exp></and_exp></or_exp>
</condition>
</trans>

<trans id="177" from="25" to="26">
<condition id="96">
<or_exp><and_exp></and_exp></or_exp>
</condition>
</trans>

<trans id="178" from="26" to="27">
<condition id="97">
<or_exp><and_exp></and_exp></or_exp>
</condition>
</trans>

<trans id="179" from="27" to="28">
<condition id="98">
<or_exp><and_exp></and_exp></or_exp>
</condition>
</trans>

<trans id="180" from="28" to="29">
<condition id="99">
<or_exp><and_exp></and_exp></or_exp>
</condition>
</trans>

<trans id="181" from="29" to="30">
<condition id="100">
<or_exp><and_exp></and_exp></or_exp>
</condition>
</trans>

<trans id="182" from="30" to="31">
<condition id="101">
<or_exp><and_exp></and_exp></or_exp>
</condition>
</trans>

<trans id="183" from="31" to="32">
<condition id="102">
<or_exp><and_exp></and_exp></or_exp>
</condition>
</trans>

<trans id="184" from="32" to="33">
<condition id="103">
<or_exp><and_exp></and_exp></or_exp>
</condition>
</trans>

<trans id="185" from="33" to="34">
<condition id="104">
<or_exp><and_exp></and_exp></or_exp>
</condition>
</trans>

<trans id="186" from="34" to="35">
<condition id="105">
<or_exp><and_exp></and_exp></or_exp>
</condition>
</trans>

<trans id="187" from="35" to="36">
<condition id="106">
<or_exp><and_exp></and_exp></or_exp>
</condition>
</trans>

<trans id="188" from="36" to="37">
<condition id="107">
<or_exp><and_exp></and_exp></or_exp>
</condition>
</trans>

<trans id="189" from="37" to="38">
<condition id="108">
<or_exp><and_exp></and_exp></or_exp>
</condition>
</trans>

<trans id="190" from="38" to="39">
<condition id="109">
<or_exp><and_exp></and_exp></or_exp>
</condition>
</trans>

<trans id="191" from="39" to="40">
<condition id="110">
<or_exp><and_exp></and_exp></or_exp>
</condition>
</trans>

<trans id="192" from="40" to="41">
<condition id="111">
<or_exp><and_exp></and_exp></or_exp>
</condition>
</trans>

<trans id="193" from="41" to="42">
<condition id="112">
<or_exp><and_exp></and_exp></or_exp>
</condition>
</trans>

<trans id="194" from="42" to="43">
<condition id="113">
<or_exp><and_exp></and_exp></or_exp>
</condition>
</trans>

<trans id="195" from="43" to="44">
<condition id="114">
<or_exp><and_exp></and_exp></or_exp>
</condition>
</trans>

<trans id="196" from="44" to="45">
<condition id="115">
<or_exp><and_exp></and_exp></or_exp>
</condition>
</trans>

<trans id="197" from="45" to="46">
<condition id="116">
<or_exp><and_exp></and_exp></or_exp>
</condition>
</trans>

<trans id="198" from="46" to="47">
<condition id="117">
<or_exp><and_exp></and_exp></or_exp>
</condition>
</trans>

<trans id="199" from="47" to="48">
<condition id="118">
<or_exp><and_exp></and_exp></or_exp>
</condition>
</trans>

<trans id="200" from="48" to="49">
<condition id="119">
<or_exp><and_exp></and_exp></or_exp>
</condition>
</trans>

<trans id="201" from="49" to="50">
<condition id="120">
<or_exp><and_exp></and_exp></or_exp>
</condition>
</trans>

<trans id="202" from="50" to="51">
<condition id="121">
<or_exp><and_exp></and_exp></or_exp>
</condition>
</trans>

<trans id="203" from="51" to="52">
<condition id="122">
<or_exp><and_exp></and_exp></or_exp>
</condition>
</trans>

<trans id="204" from="52" to="53">
<condition id="123">
<or_exp><and_exp></and_exp></or_exp>
</condition>
</trans>

<trans id="205" from="53" to="54">
<condition id="124">
<or_exp><and_exp></and_exp></or_exp>
</condition>
</trans>

<trans id="206" from="54" to="55">
<condition id="125">
<or_exp><and_exp></and_exp></or_exp>
</condition>
</trans>

<trans id="207" from="55" to="56">
<condition id="126">
<or_exp><and_exp></and_exp></or_exp>
</condition>
</trans>

<trans id="208" from="56" to="57">
<condition id="127">
<or_exp><and_exp></and_exp></or_exp>
</condition>
</trans>

<trans id="209" from="57" to="58">
<condition id="128">
<or_exp><and_exp></and_exp></or_exp>
</condition>
</trans>

<trans id="210" from="58" to="59">
<condition id="129">
<or_exp><and_exp></and_exp></or_exp>
</condition>
</trans>

<trans id="211" from="59" to="60">
<condition id="130">
<or_exp><and_exp></and_exp></or_exp>
</condition>
</trans>

<trans id="212" from="60" to="61">
<condition id="131">
<or_exp><and_exp></and_exp></or_exp>
</condition>
</trans>

<trans id="213" from="61" to="62">
<condition id="132">
<or_exp><and_exp></and_exp></or_exp>
</condition>
</trans>

<trans id="214" from="62" to="63">
<condition id="133">
<or_exp><and_exp></and_exp></or_exp>
</condition>
</trans>

<trans id="215" from="63" to="64">
<condition id="134">
<or_exp><and_exp></and_exp></or_exp>
</condition>
</trans>

<trans id="216" from="64" to="65">
<condition id="135">
<or_exp><and_exp></and_exp></or_exp>
</condition>
</trans>

<trans id="217" from="65" to="66">
<condition id="136">
<or_exp><and_exp></and_exp></or_exp>
</condition>
</trans>

<trans id="218" from="66" to="67">
<condition id="137">
<or_exp><and_exp></and_exp></or_exp>
</condition>
</trans>

<trans id="219" from="67" to="68">
<condition id="138">
<or_exp><and_exp></and_exp></or_exp>
</condition>
</trans>

<trans id="220" from="68" to="69">
<condition id="139">
<or_exp><and_exp></and_exp></or_exp>
</condition>
</trans>

<trans id="221" from="69" to="70">
<condition id="140">
<or_exp><and_exp></and_exp></or_exp>
</condition>
</trans>

<trans id="222" from="70" to="71">
<condition id="141">
<or_exp><and_exp></and_exp></or_exp>
</condition>
</trans>

<trans id="223" from="71" to="72">
<condition id="142">
<or_exp><and_exp></and_exp></or_exp>
</condition>
</trans>
</trans_list>



<state_list>

<state id="1" st_id="1">

<operation id="73" st_id="1" stage="1" lat="1">
<core>NULL</core>
<MemPortIdVec></MemPortIdVec>
<condition id="0">
<or_exp><and_exp></and_exp></or_exp>
</condition>

<node id="11" bw="128" op_0_bw="128" op_1_bw="128">
<![CDATA[
:5  %in_read = call i128 @_ssdm_op_Read.ap_auto.i128P(i128* %in_r)

]]></node>
<StgValue><ssdm name="in_read"/></StgValue>
</operation>

<operation id="74" st_id="1" stage="1" lat="1">
<core>NULL</core>
<MemPortIdVec></MemPortIdVec>
<condition id="0">
<or_exp><and_exp></and_exp></or_exp>
</condition>

<node id="12" bw="0" op_0_bw="128" op_1_bw="128">
<![CDATA[
:6  store i128 %in_read, i128* @cipher_state, align 8

]]></node>
<StgValue><ssdm name=""/></StgValue>
</operation>
</state>

<state id="2" st_id="2">

<operation id="75" st_id="2" stage="2" lat="2">
<core></core>
<MemPortIdVec></MemPortIdVec>
<condition id="1">
<or_exp><and_exp></and_exp></or_exp>
</condition>

<node id="13" bw="0" op_0_bw="0" op_1_bw="128" op_2_bw="5">
<![CDATA[
:7  call fastcc void @Cipher_AddRoundKey([11 x i128]* %w, i5 0)

]]></node>
<StgValue><ssdm name=""/></StgValue>
</operation>
</state>

<state id="3" st_id="3">

<operation id="76" st_id="3" stage="1" lat="2">
<core></core>
<MemPortIdVec></MemPortIdVec>
<condition id="2">
<or_exp><and_exp></and_exp></or_exp>
</condition>

<node id="13" bw="0" op_0_bw="0" op_1_bw="128" op_2_bw="5">
<![CDATA[
:7  call fastcc void @Cipher_AddRoundKey([11 x i128]* %w, i5 0)

]]></node>
<StgValue><ssdm name=""/></StgValue>
</operation>
</state>

<state id="4" st_id="4">

<operation id="77" st_id="4" stage="2" lat="2">
<core></core>
<MemPortIdVec></MemPortIdVec>
<condition id="3">
<or_exp><and_exp></and_exp></or_exp>
</condition>

<node id="14" bw="0" op_0_bw="0">
<![CDATA[
:8  call fastcc void @Cipher_SubBytes()

]]></node>
<StgValue><ssdm name=""/></StgValue>
</operation>
</state>

<state id="5" st_id="5">

<operation id="78" st_id="5" stage="1" lat="2">
<core></core>
<MemPortIdVec></MemPortIdVec>
<condition id="4">
<or_exp><and_exp></and_exp></or_exp>
</condition>

<node id="14" bw="0" op_0_bw="0">
<![CDATA[
:8  call fastcc void @Cipher_SubBytes()

]]></node>
<StgValue><ssdm name=""/></StgValue>
</operation>
</state>

<state id="6" st_id="6">

<operation id="79" st_id="6" stage="1" lat="1">
<core></core>
<MemPortIdVec></MemPortIdVec>
<condition id="5">
<or_exp><and_exp></and_exp></or_exp>
</condition>

<node id="15" bw="0" op_0_bw="0">
<![CDATA[
:9  call fastcc void @Cipher_ShiftRows()

]]></node>
<StgValue><ssdm name=""/></StgValue>
</operation>
</state>

<state id="7" st_id="7">

<operation id="80" st_id="7" stage="2" lat="2">
<core></core>
<MemPortIdVec></MemPortIdVec>
<condition id="6">
<or_exp><and_exp></and_exp></or_exp>
</condition>

<node id="16" bw="0" op_0_bw="0">
<![CDATA[
:10  call fastcc void @Cipher_MixColumns()

]]></node>
<StgValue><ssdm name=""/></StgValue>
</operation>
</state>

<state id="8" st_id="8">

<operation id="81" st_id="8" stage="1" lat="2">
<core></core>
<MemPortIdVec></MemPortIdVec>
<condition id="7">
<or_exp><and_exp></and_exp></or_exp>
</condition>

<node id="16" bw="0" op_0_bw="0">
<![CDATA[
:10  call fastcc void @Cipher_MixColumns()

]]></node>
<StgValue><ssdm name=""/></StgValue>
</operation>
</state>

<state id="9" st_id="9">

<operation id="82" st_id="9" stage="2" lat="2">
<core></core>
<MemPortIdVec></MemPortIdVec>
<condition id="8">
<or_exp><and_exp></and_exp></or_exp>
</condition>

<node id="17" bw="0" op_0_bw="0" op_1_bw="128" op_2_bw="5">
<![CDATA[
:11  call fastcc void @Cipher_AddRoundKey([11 x i128]* %w, i5 1)

]]></node>
<StgValue><ssdm name=""/></StgValue>
</operation>
</state>

<state id="10" st_id="10">

<operation id="83" st_id="10" stage="1" lat="2">
<core></core>
<MemPortIdVec></MemPortIdVec>
<condition id="9">
<or_exp><and_exp></and_exp></or_exp>
</condition>

<node id="17" bw="0" op_0_bw="0" op_1_bw="128" op_2_bw="5">
<![CDATA[
:11  call fastcc void @Cipher_AddRoundKey([11 x i128]* %w, i5 1)

]]></node>
<StgValue><ssdm name=""/></StgValue>
</operation>
</state>

<state id="11" st_id="11">

<operation id="84" st_id="11" stage="2" lat="2">
<core></core>
<MemPortIdVec></MemPortIdVec>
<condition id="10">
<or_exp><and_exp></and_exp></or_exp>
</condition>

<node id="18" bw="0" op_0_bw="0">
<![CDATA[
:12  call fastcc void @Cipher_SubBytes()

]]></node>
<StgValue><ssdm name=""/></StgValue>
</operation>
</state>

<state id="12" st_id="12">

<operation id="85" st_id="12" stage="1" lat="2">
<core></core>
<MemPortIdVec></MemPortIdVec>
<condition id="11">
<or_exp><and_exp></and_exp></or_exp>
</condition>

<node id="18" bw="0" op_0_bw="0">
<![CDATA[
:12  call fastcc void @Cipher_SubBytes()

]]></node>
<StgValue><ssdm name=""/></StgValue>
</operation>
</state>

<state id="13" st_id="13">

<operation id="86" st_id="13" stage="1" lat="1">
<core></core>
<MemPortIdVec></MemPortIdVec>
<condition id="12">
<or_exp><and_exp></and_exp></or_exp>
</condition>

<node id="19" bw="0" op_0_bw="0">
<![CDATA[
:13  call fastcc void @Cipher_ShiftRows()

]]></node>
<StgValue><ssdm name=""/></StgValue>
</operation>
</state>

<state id="14" st_id="14">

<operation id="87" st_id="14" stage="2" lat="2">
<core></core>
<MemPortIdVec></MemPortIdVec>
<condition id="13">
<or_exp><and_exp></and_exp></or_exp>
</condition>

<node id="20" bw="0" op_0_bw="0">
<![CDATA[
:14  call fastcc void @Cipher_MixColumns()

]]></node>
<StgValue><ssdm name=""/></StgValue>
</operation>
</state>

<state id="15" st_id="15">

<operation id="88" st_id="15" stage="1" lat="2">
<core></core>
<MemPortIdVec></MemPortIdVec>
<condition id="14">
<or_exp><and_exp></and_exp></or_exp>
</condition>

<node id="20" bw="0" op_0_bw="0">
<![CDATA[
:14  call fastcc void @Cipher_MixColumns()

]]></node>
<StgValue><ssdm name=""/></StgValue>
</operation>
</state>

<state id="16" st_id="16">

<operation id="89" st_id="16" stage="2" lat="2">
<core></core>
<MemPortIdVec></MemPortIdVec>
<condition id="15">
<or_exp><and_exp></and_exp></or_exp>
</condition>

<node id="21" bw="0" op_0_bw="0" op_1_bw="128" op_2_bw="5">
<![CDATA[
:15  call fastcc void @Cipher_AddRoundKey([11 x i128]* %w, i5 2)

]]></node>
<StgValue><ssdm name=""/></StgValue>
</operation>
</state>

<state id="17" st_id="17">

<operation id="90" st_id="17" stage="1" lat="2">
<core></core>
<MemPortIdVec></MemPortIdVec>
<condition id="16">
<or_exp><and_exp></and_exp></or_exp>
</condition>

<node id="21" bw="0" op_0_bw="0" op_1_bw="128" op_2_bw="5">
<![CDATA[
:15  call fastcc void @Cipher_AddRoundKey([11 x i128]* %w, i5 2)

]]></node>
<StgValue><ssdm name=""/></StgValue>
</operation>
</state>

<state id="18" st_id="18">

<operation id="91" st_id="18" stage="2" lat="2">
<core></core>
<MemPortIdVec></MemPortIdVec>
<condition id="17">
<or_exp><and_exp></and_exp></or_exp>
</condition>

<node id="22" bw="0" op_0_bw="0">
<![CDATA[
:16  call fastcc void @Cipher_SubBytes()

]]></node>
<StgValue><ssdm name=""/></StgValue>
</operation>
</state>

<state id="19" st_id="19">

<operation id="92" st_id="19" stage="1" lat="2">
<core></core>
<MemPortIdVec></MemPortIdVec>
<condition id="18">
<or_exp><and_exp></and_exp></or_exp>
</condition>

<node id="22" bw="0" op_0_bw="0">
<![CDATA[
:16  call fastcc void @Cipher_SubBytes()

]]></node>
<StgValue><ssdm name=""/></StgValue>
</operation>
</state>

<state id="20" st_id="20">

<operation id="93" st_id="20" stage="1" lat="1">
<core></core>
<MemPortIdVec></MemPortIdVec>
<condition id="19">
<or_exp><and_exp></and_exp></or_exp>
</condition>

<node id="23" bw="0" op_0_bw="0">
<![CDATA[
:17  call fastcc void @Cipher_ShiftRows()

]]></node>
<StgValue><ssdm name=""/></StgValue>
</operation>
</state>

<state id="21" st_id="21">

<operation id="94" st_id="21" stage="2" lat="2">
<core></core>
<MemPortIdVec></MemPortIdVec>
<condition id="20">
<or_exp><and_exp></and_exp></or_exp>
</condition>

<node id="24" bw="0" op_0_bw="0">
<![CDATA[
:18  call fastcc void @Cipher_MixColumns()

]]></node>
<StgValue><ssdm name=""/></StgValue>
</operation>
</state>

<state id="22" st_id="22">

<operation id="95" st_id="22" stage="1" lat="2">
<core></core>
<MemPortIdVec></MemPortIdVec>
<condition id="21">
<or_exp><and_exp></and_exp></or_exp>
</condition>

<node id="24" bw="0" op_0_bw="0">
<![CDATA[
:18  call fastcc void @Cipher_MixColumns()

]]></node>
<StgValue><ssdm name=""/></StgValue>
</operation>
</state>

<state id="23" st_id="23">

<operation id="96" st_id="23" stage="2" lat="2">
<core></core>
<MemPortIdVec></MemPortIdVec>
<condition id="22">
<or_exp><and_exp></and_exp></or_exp>
</condition>

<node id="25" bw="0" op_0_bw="0" op_1_bw="128" op_2_bw="5">
<![CDATA[
:19  call fastcc void @Cipher_AddRoundKey([11 x i128]* %w, i5 3)

]]></node>
<StgValue><ssdm name=""/></StgValue>
</operation>
</state>

<state id="24" st_id="24">

<operation id="97" st_id="24" stage="1" lat="2">
<core></core>
<MemPortIdVec></MemPortIdVec>
<condition id="23">
<or_exp><and_exp></and_exp></or_exp>
</condition>

<node id="25" bw="0" op_0_bw="0" op_1_bw="128" op_2_bw="5">
<![CDATA[
:19  call fastcc void @Cipher_AddRoundKey([11 x i128]* %w, i5 3)

]]></node>
<StgValue><ssdm name=""/></StgValue>
</operation>
</state>

<state id="25" st_id="25">

<operation id="98" st_id="25" stage="2" lat="2">
<core></core>
<MemPortIdVec></MemPortIdVec>
<condition id="24">
<or_exp><and_exp></and_exp></or_exp>
</condition>

<node id="26" bw="0" op_0_bw="0">
<![CDATA[
:20  call fastcc void @Cipher_SubBytes()

]]></node>
<StgValue><ssdm name=""/></StgValue>
</operation>
</state>

<state id="26" st_id="26">

<operation id="99" st_id="26" stage="1" lat="2">
<core></core>
<MemPortIdVec></MemPortIdVec>
<condition id="25">
<or_exp><and_exp></and_exp></or_exp>
</condition>

<node id="26" bw="0" op_0_bw="0">
<![CDATA[
:20  call fastcc void @Cipher_SubBytes()

]]></node>
<StgValue><ssdm name=""/></StgValue>
</operation>
</state>

<state id="27" st_id="27">

<operation id="100" st_id="27" stage="1" lat="1">
<core></core>
<MemPortIdVec></MemPortIdVec>
<condition id="26">
<or_exp><and_exp></and_exp></or_exp>
</condition>

<node id="27" bw="0" op_0_bw="0">
<![CDATA[
:21  call fastcc void @Cipher_ShiftRows()

]]></node>
<StgValue><ssdm name=""/></StgValue>
</operation>
</state>

<state id="28" st_id="28">

<operation id="101" st_id="28" stage="2" lat="2">
<core></core>
<MemPortIdVec></MemPortIdVec>
<condition id="27">
<or_exp><and_exp></and_exp></or_exp>
</condition>

<node id="28" bw="0" op_0_bw="0">
<![CDATA[
:22  call fastcc void @Cipher_MixColumns()

]]></node>
<StgValue><ssdm name=""/></StgValue>
</operation>
</state>

<state id="29" st_id="29">

<operation id="102" st_id="29" stage="1" lat="2">
<core></core>
<MemPortIdVec></MemPortIdVec>
<condition id="28">
<or_exp><and_exp></and_exp></or_exp>
</condition>

<node id="28" bw="0" op_0_bw="0">
<![CDATA[
:22  call fastcc void @Cipher_MixColumns()

]]></node>
<StgValue><ssdm name=""/></StgValue>
</operation>
</state>

<state id="30" st_id="30">

<operation id="103" st_id="30" stage="2" lat="2">
<core></core>
<MemPortIdVec></MemPortIdVec>
<condition id="29">
<or_exp><and_exp></and_exp></or_exp>
</condition>

<node id="29" bw="0" op_0_bw="0" op_1_bw="128" op_2_bw="5">
<![CDATA[
:23  call fastcc void @Cipher_AddRoundKey([11 x i128]* %w, i5 4)

]]></node>
<StgValue><ssdm name=""/></StgValue>
</operation>
</state>

<state id="31" st_id="31">

<operation id="104" st_id="31" stage="1" lat="2">
<core></core>
<MemPortIdVec></MemPortIdVec>
<condition id="30">
<or_exp><and_exp></and_exp></or_exp>
</condition>

<node id="29" bw="0" op_0_bw="0" op_1_bw="128" op_2_bw="5">
<![CDATA[
:23  call fastcc void @Cipher_AddRoundKey([11 x i128]* %w, i5 4)

]]></node>
<StgValue><ssdm name=""/></StgValue>
</operation>
</state>

<state id="32" st_id="32">

<operation id="105" st_id="32" stage="2" lat="2">
<core></core>
<MemPortIdVec></MemPortIdVec>
<condition id="31">
<or_exp><and_exp></and_exp></or_exp>
</condition>

<node id="30" bw="0" op_0_bw="0">
<![CDATA[
:24  call fastcc void @Cipher_SubBytes()

]]></node>
<StgValue><ssdm name=""/></StgValue>
</operation>
</state>

<state id="33" st_id="33">

<operation id="106" st_id="33" stage="1" lat="2">
<core></core>
<MemPortIdVec></MemPortIdVec>
<condition id="32">
<or_exp><and_exp></and_exp></or_exp>
</condition>

<node id="30" bw="0" op_0_bw="0">
<![CDATA[
:24  call fastcc void @Cipher_SubBytes()

]]></node>
<StgValue><ssdm name=""/></StgValue>
</operation>
</state>

<state id="34" st_id="34">

<operation id="107" st_id="34" stage="1" lat="1">
<core></core>
<MemPortIdVec></MemPortIdVec>
<condition id="33">
<or_exp><and_exp></and_exp></or_exp>
</condition>

<node id="31" bw="0" op_0_bw="0">
<![CDATA[
:25  call fastcc void @Cipher_ShiftRows()

]]></node>
<StgValue><ssdm name=""/></StgValue>
</operation>
</state>

<state id="35" st_id="35">

<operation id="108" st_id="35" stage="2" lat="2">
<core></core>
<MemPortIdVec></MemPortIdVec>
<condition id="34">
<or_exp><and_exp></and_exp></or_exp>
</condition>

<node id="32" bw="0" op_0_bw="0">
<![CDATA[
:26  call fastcc void @Cipher_MixColumns()

]]></node>
<StgValue><ssdm name=""/></StgValue>
</operation>
</state>

<state id="36" st_id="36">

<operation id="109" st_id="36" stage="1" lat="2">
<core></core>
<MemPortIdVec></MemPortIdVec>
<condition id="35">
<or_exp><and_exp></and_exp></or_exp>
</condition>

<node id="32" bw="0" op_0_bw="0">
<![CDATA[
:26  call fastcc void @Cipher_MixColumns()

]]></node>
<StgValue><ssdm name=""/></StgValue>
</operation>
</state>

<state id="37" st_id="37">

<operation id="110" st_id="37" stage="2" lat="2">
<core></core>
<MemPortIdVec></MemPortIdVec>
<condition id="36">
<or_exp><and_exp></and_exp></or_exp>
</condition>

<node id="33" bw="0" op_0_bw="0" op_1_bw="128" op_2_bw="5">
<![CDATA[
:27  call fastcc void @Cipher_AddRoundKey([11 x i128]* %w, i5 5)

]]></node>
<StgValue><ssdm name=""/></StgValue>
</operation>
</state>

<state id="38" st_id="38">

<operation id="111" st_id="38" stage="1" lat="2">
<core></core>
<MemPortIdVec></MemPortIdVec>
<condition id="37">
<or_exp><and_exp></and_exp></or_exp>
</condition>

<node id="33" bw="0" op_0_bw="0" op_1_bw="128" op_2_bw="5">
<![CDATA[
:27  call fastcc void @Cipher_AddRoundKey([11 x i128]* %w, i5 5)

]]></node>
<StgValue><ssdm name=""/></StgValue>
</operation>
</state>

<state id="39" st_id="39">

<operation id="112" st_id="39" stage="2" lat="2">
<core></core>
<MemPortIdVec></MemPortIdVec>
<condition id="38">
<or_exp><and_exp></and_exp></or_exp>
</condition>

<node id="34" bw="0" op_0_bw="0">
<![CDATA[
:28  call fastcc void @Cipher_SubBytes()

]]></node>
<StgValue><ssdm name=""/></StgValue>
</operation>
</state>

<state id="40" st_id="40">

<operation id="113" st_id="40" stage="1" lat="2">
<core></core>
<MemPortIdVec></MemPortIdVec>
<condition id="39">
<or_exp><and_exp></and_exp></or_exp>
</condition>

<node id="34" bw="0" op_0_bw="0">
<![CDATA[
:28  call fastcc void @Cipher_SubBytes()

]]></node>
<StgValue><ssdm name=""/></StgValue>
</operation>
</state>

<state id="41" st_id="41">

<operation id="114" st_id="41" stage="1" lat="1">
<core></core>
<MemPortIdVec></MemPortIdVec>
<condition id="40">
<or_exp><and_exp></and_exp></or_exp>
</condition>

<node id="35" bw="0" op_0_bw="0">
<![CDATA[
:29  call fastcc void @Cipher_ShiftRows()

]]></node>
<StgValue><ssdm name=""/></StgValue>
</operation>
</state>

<state id="42" st_id="42">

<operation id="115" st_id="42" stage="2" lat="2">
<core></core>
<MemPortIdVec></MemPortIdVec>
<condition id="41">
<or_exp><and_exp></and_exp></or_exp>
</condition>

<node id="36" bw="0" op_0_bw="0">
<![CDATA[
:30  call fastcc void @Cipher_MixColumns()

]]></node>
<StgValue><ssdm name=""/></StgValue>
</operation>
</state>

<state id="43" st_id="43">

<operation id="116" st_id="43" stage="1" lat="2">
<core></core>
<MemPortIdVec></MemPortIdVec>
<condition id="42">
<or_exp><and_exp></and_exp></or_exp>
</condition>

<node id="36" bw="0" op_0_bw="0">
<![CDATA[
:30  call fastcc void @Cipher_MixColumns()

]]></node>
<StgValue><ssdm name=""/></StgValue>
</operation>
</state>

<state id="44" st_id="44">

<operation id="117" st_id="44" stage="2" lat="2">
<core></core>
<MemPortIdVec></MemPortIdVec>
<condition id="43">
<or_exp><and_exp></and_exp></or_exp>
</condition>

<node id="37" bw="0" op_0_bw="0" op_1_bw="128" op_2_bw="5">
<![CDATA[
:31  call fastcc void @Cipher_AddRoundKey([11 x i128]* %w, i5 6)

]]></node>
<StgValue><ssdm name=""/></StgValue>
</operation>
</state>

<state id="45" st_id="45">

<operation id="118" st_id="45" stage="1" lat="2">
<core></core>
<MemPortIdVec></MemPortIdVec>
<condition id="44">
<or_exp><and_exp></and_exp></or_exp>
</condition>

<node id="37" bw="0" op_0_bw="0" op_1_bw="128" op_2_bw="5">
<![CDATA[
:31  call fastcc void @Cipher_AddRoundKey([11 x i128]* %w, i5 6)

]]></node>
<StgValue><ssdm name=""/></StgValue>
</operation>
</state>

<state id="46" st_id="46">

<operation id="119" st_id="46" stage="2" lat="2">
<core></core>
<MemPortIdVec></MemPortIdVec>
<condition id="45">
<or_exp><and_exp></and_exp></or_exp>
</condition>

<node id="38" bw="0" op_0_bw="0">
<![CDATA[
:32  call fastcc void @Cipher_SubBytes()

]]></node>
<StgValue><ssdm name=""/></StgValue>
</operation>
</state>

<state id="47" st_id="47">

<operation id="120" st_id="47" stage="1" lat="2">
<core></core>
<MemPortIdVec></MemPortIdVec>
<condition id="46">
<or_exp><and_exp></and_exp></or_exp>
</condition>

<node id="38" bw="0" op_0_bw="0">
<![CDATA[
:32  call fastcc void @Cipher_SubBytes()

]]></node>
<StgValue><ssdm name=""/></StgValue>
</operation>
</state>

<state id="48" st_id="48">

<operation id="121" st_id="48" stage="1" lat="1">
<core></core>
<MemPortIdVec></MemPortIdVec>
<condition id="47">
<or_exp><and_exp></and_exp></or_exp>
</condition>

<node id="39" bw="0" op_0_bw="0">
<![CDATA[
:33  call fastcc void @Cipher_ShiftRows()

]]></node>
<StgValue><ssdm name=""/></StgValue>
</operation>
</state>

<state id="49" st_id="49">

<operation id="122" st_id="49" stage="2" lat="2">
<core></core>
<MemPortIdVec></MemPortIdVec>
<condition id="48">
<or_exp><and_exp></and_exp></or_exp>
</condition>

<node id="40" bw="0" op_0_bw="0">
<![CDATA[
:34  call fastcc void @Cipher_MixColumns()

]]></node>
<StgValue><ssdm name=""/></StgValue>
</operation>
</state>

<state id="50" st_id="50">

<operation id="123" st_id="50" stage="1" lat="2">
<core></core>
<MemPortIdVec></MemPortIdVec>
<condition id="49">
<or_exp><and_exp></and_exp></or_exp>
</condition>

<node id="40" bw="0" op_0_bw="0">
<![CDATA[
:34  call fastcc void @Cipher_MixColumns()

]]></node>
<StgValue><ssdm name=""/></StgValue>
</operation>
</state>

<state id="51" st_id="51">

<operation id="124" st_id="51" stage="2" lat="2">
<core></core>
<MemPortIdVec></MemPortIdVec>
<condition id="50">
<or_exp><and_exp></and_exp></or_exp>
</condition>

<node id="41" bw="0" op_0_bw="0" op_1_bw="128" op_2_bw="5">
<![CDATA[
:35  call fastcc void @Cipher_AddRoundKey([11 x i128]* %w, i5 7)

]]></node>
<StgValue><ssdm name=""/></StgValue>
</operation>
</state>

<state id="52" st_id="52">

<operation id="125" st_id="52" stage="1" lat="2">
<core></core>
<MemPortIdVec></MemPortIdVec>
<condition id="51">
<or_exp><and_exp></and_exp></or_exp>
</condition>

<node id="41" bw="0" op_0_bw="0" op_1_bw="128" op_2_bw="5">
<![CDATA[
:35  call fastcc void @Cipher_AddRoundKey([11 x i128]* %w, i5 7)

]]></node>
<StgValue><ssdm name=""/></StgValue>
</operation>
</state>

<state id="53" st_id="53">

<operation id="126" st_id="53" stage="2" lat="2">
<core></core>
<MemPortIdVec></MemPortIdVec>
<condition id="52">
<or_exp><and_exp></and_exp></or_exp>
</condition>

<node id="42" bw="0" op_0_bw="0">
<![CDATA[
:36  call fastcc void @Cipher_SubBytes()

]]></node>
<StgValue><ssdm name=""/></StgValue>
</operation>
</state>

<state id="54" st_id="54">

<operation id="127" st_id="54" stage="1" lat="2">
<core></core>
<MemPortIdVec></MemPortIdVec>
<condition id="53">
<or_exp><and_exp></and_exp></or_exp>
</condition>

<node id="42" bw="0" op_0_bw="0">
<![CDATA[
:36  call fastcc void @Cipher_SubBytes()

]]></node>
<StgValue><ssdm name=""/></StgValue>
</operation>
</state>

<state id="55" st_id="55">

<operation id="128" st_id="55" stage="1" lat="1">
<core></core>
<MemPortIdVec></MemPortIdVec>
<condition id="54">
<or_exp><and_exp></and_exp></or_exp>
</condition>

<node id="43" bw="0" op_0_bw="0">
<![CDATA[
:37  call fastcc void @Cipher_ShiftRows()

]]></node>
<StgValue><ssdm name=""/></StgValue>
</operation>
</state>

<state id="56" st_id="56">

<operation id="129" st_id="56" stage="2" lat="2">
<core></core>
<MemPortIdVec></MemPortIdVec>
<condition id="55">
<or_exp><and_exp></and_exp></or_exp>
</condition>

<node id="44" bw="0" op_0_bw="0">
<![CDATA[
:38  call fastcc void @Cipher_MixColumns()

]]></node>
<StgValue><ssdm name=""/></StgValue>
</operation>
</state>

<state id="57" st_id="57">

<operation id="130" st_id="57" stage="1" lat="2">
<core></core>
<MemPortIdVec></MemPortIdVec>
<condition id="56">
<or_exp><and_exp></and_exp></or_exp>
</condition>

<node id="44" bw="0" op_0_bw="0">
<![CDATA[
:38  call fastcc void @Cipher_MixColumns()

]]></node>
<StgValue><ssdm name=""/></StgValue>
</operation>
</state>

<state id="58" st_id="58">

<operation id="131" st_id="58" stage="2" lat="2">
<core></core>
<MemPortIdVec></MemPortIdVec>
<condition id="57">
<or_exp><and_exp></and_exp></or_exp>
</condition>

<node id="45" bw="0" op_0_bw="0" op_1_bw="128" op_2_bw="5">
<![CDATA[
:39  call fastcc void @Cipher_AddRoundKey([11 x i128]* %w, i5 8)

]]></node>
<StgValue><ssdm name=""/></StgValue>
</operation>
</state>

<state id="59" st_id="59">

<operation id="132" st_id="59" stage="1" lat="2">
<core></core>
<MemPortIdVec></MemPortIdVec>
<condition id="58">
<or_exp><and_exp></and_exp></or_exp>
</condition>

<node id="45" bw="0" op_0_bw="0" op_1_bw="128" op_2_bw="5">
<![CDATA[
:39  call fastcc void @Cipher_AddRoundKey([11 x i128]* %w, i5 8)

]]></node>
<StgValue><ssdm name=""/></StgValue>
</operation>
</state>

<state id="60" st_id="60">

<operation id="133" st_id="60" stage="2" lat="2">
<core></core>
<MemPortIdVec></MemPortIdVec>
<condition id="59">
<or_exp><and_exp></and_exp></or_exp>
</condition>

<node id="46" bw="0" op_0_bw="0">
<![CDATA[
:40  call fastcc void @Cipher_SubBytes()

]]></node>
<StgValue><ssdm name=""/></StgValue>
</operation>
</state>

<state id="61" st_id="61">

<operation id="134" st_id="61" stage="1" lat="2">
<core></core>
<MemPortIdVec></MemPortIdVec>
<condition id="60">
<or_exp><and_exp></and_exp></or_exp>
</condition>

<node id="46" bw="0" op_0_bw="0">
<![CDATA[
:40  call fastcc void @Cipher_SubBytes()

]]></node>
<StgValue><ssdm name=""/></StgValue>
</operation>
</state>

<state id="62" st_id="62">

<operation id="135" st_id="62" stage="1" lat="1">
<core></core>
<MemPortIdVec></MemPortIdVec>
<condition id="61">
<or_exp><and_exp></and_exp></or_exp>
</condition>

<node id="47" bw="0" op_0_bw="0">
<![CDATA[
:41  call fastcc void @Cipher_ShiftRows()

]]></node>
<StgValue><ssdm name=""/></StgValue>
</operation>
</state>

<state id="63" st_id="63">

<operation id="136" st_id="63" stage="2" lat="2">
<core></core>
<MemPortIdVec></MemPortIdVec>
<condition id="62">
<or_exp><and_exp></and_exp></or_exp>
</condition>

<node id="48" bw="0" op_0_bw="0">
<![CDATA[
:42  call fastcc void @Cipher_MixColumns()

]]></node>
<StgValue><ssdm name=""/></StgValue>
</operation>
</state>

<state id="64" st_id="64">

<operation id="137" st_id="64" stage="1" lat="2">
<core></core>
<MemPortIdVec></MemPortIdVec>
<condition id="63">
<or_exp><and_exp></and_exp></or_exp>
</condition>

<node id="48" bw="0" op_0_bw="0">
<![CDATA[
:42  call fastcc void @Cipher_MixColumns()

]]></node>
<StgValue><ssdm name=""/></StgValue>
</operation>
</state>

<state id="65" st_id="65">

<operation id="138" st_id="65" stage="2" lat="2">
<core></core>
<MemPortIdVec></MemPortIdVec>
<condition id="64">
<or_exp><and_exp></and_exp></or_exp>
</condition>

<node id="49" bw="0" op_0_bw="0" op_1_bw="128" op_2_bw="5">
<![CDATA[
:43  call fastcc void @Cipher_AddRoundKey([11 x i128]* %w, i5 9)

]]></node>
<StgValue><ssdm name=""/></StgValue>
</operation>
</state>

<state id="66" st_id="66">

<operation id="139" st_id="66" stage="1" lat="2">
<core></core>
<MemPortIdVec></MemPortIdVec>
<condition id="65">
<or_exp><and_exp></and_exp></or_exp>
</condition>

<node id="49" bw="0" op_0_bw="0" op_1_bw="128" op_2_bw="5">
<![CDATA[
:43  call fastcc void @Cipher_AddRoundKey([11 x i128]* %w, i5 9)

]]></node>
<StgValue><ssdm name=""/></StgValue>
</operation>
</state>

<state id="67" st_id="67">

<operation id="140" st_id="67" stage="2" lat="2">
<core></core>
<MemPortIdVec></MemPortIdVec>
<condition id="66">
<or_exp><and_exp></and_exp></or_exp>
</condition>

<node id="50" bw="0" op_0_bw="0">
<![CDATA[
:44  call fastcc void @Cipher_SubBytes()

]]></node>
<StgValue><ssdm name=""/></StgValue>
</operation>
</state>

<state id="68" st_id="68">

<operation id="141" st_id="68" stage="1" lat="2">
<core></core>
<MemPortIdVec></MemPortIdVec>
<condition id="67">
<or_exp><and_exp></and_exp></or_exp>
</condition>

<node id="50" bw="0" op_0_bw="0">
<![CDATA[
:44  call fastcc void @Cipher_SubBytes()

]]></node>
<StgValue><ssdm name=""/></StgValue>
</operation>
</state>

<state id="69" st_id="69">

<operation id="142" st_id="69" stage="1" lat="1">
<core></core>
<MemPortIdVec></MemPortIdVec>
<condition id="68">
<or_exp><and_exp></and_exp></or_exp>
</condition>

<node id="51" bw="0" op_0_bw="0">
<![CDATA[
:45  call fastcc void @Cipher_ShiftRows()

]]></node>
<StgValue><ssdm name=""/></StgValue>
</operation>
</state>

<state id="70" st_id="70">

<operation id="143" st_id="70" stage="2" lat="2">
<core></core>
<MemPortIdVec></MemPortIdVec>
<condition id="69">
<or_exp><and_exp></and_exp></or_exp>
</condition>

<node id="52" bw="0" op_0_bw="0" op_1_bw="128" op_2_bw="5">
<![CDATA[
:46  call fastcc void @Cipher_AddRoundKey([11 x i128]* %w, i5 10)

]]></node>
<StgValue><ssdm name=""/></StgValue>
</operation>
</state>

<state id="71" st_id="71">

<operation id="144" st_id="71" stage="1" lat="2">
<core></core>
<MemPortIdVec></MemPortIdVec>
<condition id="70">
<or_exp><and_exp></and_exp></or_exp>
</condition>

<node id="52" bw="0" op_0_bw="0" op_1_bw="128" op_2_bw="5">
<![CDATA[
:46  call fastcc void @Cipher_AddRoundKey([11 x i128]* %w, i5 10)

]]></node>
<StgValue><ssdm name=""/></StgValue>
</operation>
</state>

<state id="72" st_id="72">

<operation id="145" st_id="72" stage="1" lat="1">
<core>NULL</core>
<MemPortIdVec></MemPortIdVec>
<condition id="71">
<or_exp><and_exp></and_exp></or_exp>
</condition>

<node id="6" bw="0" op_0_bw="0" op_1_bw="128">
<![CDATA[
:0  call void (...)* @_ssdm_op_SpecBitsMap(i128* %out_r), !map !102

]]></node>
<StgValue><ssdm name=""/></StgValue>
</operation>

<operation id="146" st_id="72" stage="1" lat="1">
<core>NULL</core>
<MemPortIdVec></MemPortIdVec>
<condition id="71">
<or_exp><and_exp></and_exp></or_exp>
</condition>

<node id="7" bw="0" op_0_bw="0" op_1_bw="128">
<![CDATA[
:1  call void (...)* @_ssdm_op_SpecBitsMap(i128* %in_r), !map !179

]]></node>
<StgValue><ssdm name=""/></StgValue>
</operation>

<operation id="147" st_id="72" stage="1" lat="1">
<core>NULL</core>
<MemPortIdVec></MemPortIdVec>
<condition id="71">
<or_exp><and_exp></and_exp></or_exp>
</condition>

<node id="8" bw="0" op_0_bw="0" op_1_bw="128">
<![CDATA[
:2  call void (...)* @_ssdm_op_SpecBitsMap([11 x i128]* %w), !map !228

]]></node>
<StgValue><ssdm name=""/></StgValue>
</operation>

<operation id="148" st_id="72" stage="1" lat="1">
<core>NULL</core>
<MemPortIdVec></MemPortIdVec>
<condition id="71">
<or_exp><and_exp></and_exp></or_exp>
</condition>

<node id="9" bw="0" op_0_bw="0" op_1_bw="8">
<![CDATA[
:3  call void (...)* @_ssdm_op_SpecTopModule([7 x i8]* @str) nounwind

]]></node>
<StgValue><ssdm name=""/></StgValue>
</operation>

<operation id="149" st_id="72" stage="1" lat="1">
<core>NULL</core>
<MemPortIdVec></MemPortIdVec>
<condition id="71">
<or_exp><and_exp></and_exp></or_exp>
</condition>

<node id="10" bw="0" op_0_bw="0" op_1_bw="128" op_2_bw="8" op_3_bw="8" op_4_bw="8" op_5_bw="32" op_6_bw="8" op_7_bw="8" op_8_bw="8">
<![CDATA[
:4  call void (...)* @_ssdm_op_SpecMemCore([11 x i128]* %w, [1 x i8]* @p_str1, [7 x i8]* @p_str9, [1 x i8]* @p_str1, i32 -1, [1 x i8]* @p_str1, [1 x i8]* @p_str1, [1 x i8]* @p_str1)

]]></node>
<StgValue><ssdm name=""/></StgValue>
</operation>

<operation id="150" st_id="72" stage="1" lat="1">
<core>NULL</core>
<MemPortIdVec></MemPortIdVec>
<condition id="71">
<or_exp><and_exp></and_exp></or_exp>
</condition>

<node id="53" bw="128" op_0_bw="128">
<![CDATA[
:47  %cipher_state_load = load i128* @cipher_state, align 8

]]></node>
<StgValue><ssdm name="cipher_state_load"/></StgValue>
</operation>

<operation id="151" st_id="72" stage="1" lat="1">
<core>NULL</core>
<MemPortIdVec></MemPortIdVec>
<condition id="71">
<or_exp><and_exp></and_exp></or_exp>
</condition>

<node id="54" bw="0" op_0_bw="0" op_1_bw="128" op_2_bw="128">
<![CDATA[
:48  call void @_ssdm_op_Write.ap_auto.i128P(i128* %out_r, i128 %cipher_state_load)

]]></node>
<StgValue><ssdm name=""/></StgValue>
</operation>

<operation id="152" st_id="72" stage="1" lat="1">
<core>NULL</core>
<MemPortIdVec></MemPortIdVec>
<condition id="71">
<or_exp><and_exp></and_exp></or_exp>
</condition>

<node id="55" bw="0">
<![CDATA[
:49  ret void

]]></node>
<StgValue><ssdm name=""/></StgValue>
</operation>
</state>
</state_list>


<ports>
</ports>


<dataflows>
</dataflows>


</stg>
