<stg><name>Cipher_SubBytes</name>


<trans_list>

<trans id="109" from="1" to="2">
<condition id="11">
<or_exp><and_exp></and_exp></or_exp>
</condition>
</trans>

<trans id="110" from="2" to="3">
<condition id="13">
<or_exp><and_exp><literal name="exitcond1" val="0"/>
</and_exp></or_exp>
</condition>
</trans>

<trans id="111" from="3" to="2">
<condition id="15">
<or_exp><and_exp><literal name="exitcond" val="1"/>
</and_exp></or_exp>
</condition>
</trans>

<trans id="112" from="3" to="4">
<condition id="16">
<or_exp><and_exp><literal name="exitcond" val="0"/>
</and_exp></or_exp>
</condition>
</trans>

<trans id="114" from="4" to="3">
<condition id="19">
<or_exp><and_exp></and_exp></or_exp>
</condition>
</trans>
</trans_list>



<state_list>

<state id="1" st_id="1">

<operation id="5" st_id="1" stage="1" lat="1">
<core>NULL</core>
<MemPortIdVec></MemPortIdVec>
<condition id="0">
<or_exp><and_exp></and_exp></or_exp>
</condition>

<node id="3" bw="0" op_0_bw="0">
<![CDATA[
:0  br label %.loopexit

]]></node>
<StgValue><ssdm name=""/></StgValue>
</operation>
</state>

<state id="2" st_id="2">

<operation id="6" st_id="2" stage="1" lat="1">
<core>NULL</core>
<MemPortIdVec></MemPortIdVec>
<condition id="1">
<or_exp><and_exp></and_exp></or_exp>
</condition>

<node id="5" bw="3" op_0_bw="3" op_1_bw="0">
<![CDATA[
.loopexit:0  %i = phi i3 [ 0, %0 ], [ %i_1, %.preheader ]

]]></node>
<StgValue><ssdm name="i"/></StgValue>
</operation>

<operation id="7" st_id="2" stage="1" lat="1">
<core>Cmp</core>
<MemPortIdVec></MemPortIdVec>
<condition id="1">
<or_exp><and_exp></and_exp></or_exp>
</condition>

<node id="6" bw="1" op_0_bw="3" op_1_bw="3">
<![CDATA[
.loopexit:1  %exitcond1 = icmp eq i3 %i, -4

]]></node>
<StgValue><ssdm name="exitcond1"/></StgValue>
</operation>

<operation id="8" st_id="2" stage="1" lat="1">
<core>NULL</core>
<MemPortIdVec></MemPortIdVec>
<condition id="1">
<or_exp><and_exp></and_exp></or_exp>
</condition>

<node id="7" bw="32" op_0_bw="32" op_1_bw="64" op_2_bw="64" op_3_bw="64">
<![CDATA[
.loopexit:2  %empty = call i32 (...)* @_ssdm_op_SpecLoopTripCount(i64 4, i64 4, i64 4) nounwind

]]></node>
<StgValue><ssdm name="empty"/></StgValue>
</operation>

<operation id="9" st_id="2" stage="1" lat="1">
<core>AddSub</core>
<MemPortIdVec></MemPortIdVec>
<condition id="1">
<or_exp><and_exp></and_exp></or_exp>
</condition>

<node id="8" bw="3" op_0_bw="3" op_1_bw="3">
<![CDATA[
.loopexit:3  %i_1 = add i3 %i, 1

]]></node>
<StgValue><ssdm name="i_1"/></StgValue>
</operation>

<operation id="10" st_id="2" stage="1" lat="1">
<core>NULL</core>
<MemPortIdVec></MemPortIdVec>
<condition id="1">
<or_exp><and_exp></and_exp></or_exp>
</condition>

<node id="9" bw="0" op_0_bw="1" op_1_bw="0" op_2_bw="0">
<![CDATA[
.loopexit:4  br i1 %exitcond1, label %2, label %.preheader.preheader

]]></node>
<StgValue><ssdm name=""/></StgValue>
</operation>

<operation id="11" st_id="2" stage="1" lat="1">
<core>NULL</core>
<MemPortIdVec></MemPortIdVec>
<condition id="3">
<or_exp><and_exp><literal name="exitcond1" val="0"/>
</and_exp></or_exp>
</condition>

<node id="11" bw="2" op_0_bw="3">
<![CDATA[
.preheader.preheader:0  %tmp = trunc i3 %i to i2

]]></node>
<StgValue><ssdm name="tmp"/></StgValue>
</operation>

<operation id="12" st_id="2" stage="1" lat="1">
<core>NULL</core>
<MemPortIdVec></MemPortIdVec>
<condition id="3">
<or_exp><and_exp><literal name="exitcond1" val="0"/>
</and_exp></or_exp>
</condition>

<node id="12" bw="5" op_0_bw="5" op_1_bw="2" op_2_bw="3">
<![CDATA[
.preheader.preheader:1  %tmp_7 = call i5 @_ssdm_op_BitConcatenate.i5.i2.i3(i2 %tmp, i3 0)

]]></node>
<StgValue><ssdm name="tmp_7"/></StgValue>
</operation>

<operation id="13" st_id="2" stage="1" lat="1">
<core>NULL</core>
<MemPortIdVec></MemPortIdVec>
<condition id="3">
<or_exp><and_exp><literal name="exitcond1" val="0"/>
</and_exp></or_exp>
</condition>

<node id="13" bw="5" op_0_bw="5" op_1_bw="5">
<![CDATA[
.preheader.preheader:2  %tmp_8 = or i5 %tmp_7, 7

]]></node>
<StgValue><ssdm name="tmp_8"/></StgValue>
</operation>

<operation id="14" st_id="2" stage="1" lat="1">
<core>NULL</core>
<MemPortIdVec></MemPortIdVec>
<condition id="3">
<or_exp><and_exp><literal name="exitcond1" val="0"/>
</and_exp></or_exp>
</condition>

<node id="14" bw="0" op_0_bw="0">
<![CDATA[
.preheader.preheader:3  br label %.preheader

]]></node>
<StgValue><ssdm name=""/></StgValue>
</operation>

<operation id="15" st_id="2" stage="1" lat="1">
<core>NULL</core>
<MemPortIdVec></MemPortIdVec>
<condition id="5">
<or_exp><and_exp><literal name="exitcond1" val="1"/>
</and_exp></or_exp>
</condition>

<node id="110" bw="0">
<![CDATA[
:0  ret void

]]></node>
<StgValue><ssdm name=""/></StgValue>
</operation>
</state>

<state id="3" st_id="3">

<operation id="16" st_id="3" stage="1" lat="1">
<core>NULL</core>
<MemPortIdVec></MemPortIdVec>
<condition id="6">
<or_exp><and_exp></and_exp></or_exp>
</condition>

<node id="16" bw="3" op_0_bw="3" op_1_bw="0">
<![CDATA[
.preheader:0  %j = phi i3 [ %j_1, %1 ], [ 0, %.preheader.preheader ]

]]></node>
<StgValue><ssdm name="j"/></StgValue>
</operation>

<operation id="17" st_id="3" stage="1" lat="1">
<core>Cmp</core>
<MemPortIdVec></MemPortIdVec>
<condition id="6">
<or_exp><and_exp></and_exp></or_exp>
</condition>

<node id="17" bw="1" op_0_bw="3" op_1_bw="3">
<![CDATA[
.preheader:1  %exitcond = icmp eq i3 %j, -4

]]></node>
<StgValue><ssdm name="exitcond"/></StgValue>
</operation>

<operation id="18" st_id="3" stage="1" lat="1">
<core>NULL</core>
<MemPortIdVec></MemPortIdVec>
<condition id="6">
<or_exp><and_exp></and_exp></or_exp>
</condition>

<node id="18" bw="32" op_0_bw="32" op_1_bw="64" op_2_bw="64" op_3_bw="64">
<![CDATA[
.preheader:2  %empty_12 = call i32 (...)* @_ssdm_op_SpecLoopTripCount(i64 4, i64 4, i64 4) nounwind

]]></node>
<StgValue><ssdm name="empty_12"/></StgValue>
</operation>

<operation id="19" st_id="3" stage="1" lat="1">
<core>AddSub</core>
<MemPortIdVec></MemPortIdVec>
<condition id="6">
<or_exp><and_exp></and_exp></or_exp>
</condition>

<node id="19" bw="3" op_0_bw="3" op_1_bw="3">
<![CDATA[
.preheader:3  %j_1 = add i3 %j, 1

]]></node>
<StgValue><ssdm name="j_1"/></StgValue>
</operation>

<operation id="20" st_id="3" stage="1" lat="1">
<core>NULL</core>
<MemPortIdVec></MemPortIdVec>
<condition id="6">
<or_exp><and_exp></and_exp></or_exp>
</condition>

<node id="20" bw="0" op_0_bw="1" op_1_bw="0" op_2_bw="0">
<![CDATA[
.preheader:4  br i1 %exitcond, label %.loopexit, label %1

]]></node>
<StgValue><ssdm name=""/></StgValue>
</operation>

<operation id="21" st_id="3" stage="1" lat="1">
<core>NULL</core>
<MemPortIdVec></MemPortIdVec>
<condition id="8">
<or_exp><and_exp><literal name="exitcond" val="0"/>
</and_exp></or_exp>
</condition>

<node id="22" bw="128" op_0_bw="128">
<![CDATA[
:0  %cipher_state_load = load i128* @cipher_state, align 8

]]></node>
<StgValue><ssdm name="cipher_state_load"/></StgValue>
</operation>

<operation id="22" st_id="3" stage="1" lat="1">
<core>NULL</core>
<MemPortIdVec></MemPortIdVec>
<condition id="8">
<or_exp><and_exp><literal name="exitcond" val="0"/>
</and_exp></or_exp>
</condition>

<node id="23" bw="2" op_0_bw="3">
<![CDATA[
:1  %tmp_1 = trunc i3 %j to i2

]]></node>
<StgValue><ssdm name="tmp_1"/></StgValue>
</operation>

<operation id="23" st_id="3" stage="1" lat="1">
<core>NULL</core>
<MemPortIdVec></MemPortIdVec>
<condition id="8">
<or_exp><and_exp><literal name="exitcond" val="0"/>
</and_exp></or_exp>
</condition>

<node id="24" bw="7" op_0_bw="7" op_1_bw="2" op_2_bw="5">
<![CDATA[
:2  %tmp_3 = call i7 @_ssdm_op_BitConcatenate.i7.i2.i5(i2 %tmp_1, i5 0)

]]></node>
<StgValue><ssdm name="tmp_3"/></StgValue>
</operation>

<operation id="24" st_id="3" stage="1" lat="1">
<core>NULL</core>
<MemPortIdVec></MemPortIdVec>
<condition id="8">
<or_exp><and_exp><literal name="exitcond" val="0"/>
</and_exp></or_exp>
</condition>

<node id="25" bw="7" op_0_bw="7" op_1_bw="7">
<![CDATA[
:3  %tmp_4 = or i7 %tmp_3, 31

]]></node>
<StgValue><ssdm name="tmp_4"/></StgValue>
</operation>

<operation id="25" st_id="3" stage="1" lat="1">
<core>Cmp</core>
<MemPortIdVec></MemPortIdVec>
<condition id="8">
<or_exp><and_exp><literal name="exitcond" val="0"/>
</and_exp></or_exp>
</condition>

<node id="26" bw="1" op_0_bw="7" op_1_bw="7">
<![CDATA[
:4  %tmp_2 = icmp ugt i7 %tmp_3, %tmp_4

]]></node>
<StgValue><ssdm name="tmp_2"/></StgValue>
</operation>

<operation id="26" st_id="3" stage="1" lat="1">
<core>NULL</core>
<MemPortIdVec></MemPortIdVec>
<condition id="8">
<or_exp><and_exp><literal name="exitcond" val="0"/>
</and_exp></or_exp>
</condition>

<node id="27" bw="8" op_0_bw="7">
<![CDATA[
:5  %tmp_5 = zext i7 %tmp_3 to i8

]]></node>
<StgValue><ssdm name="tmp_5"/></StgValue>
</operation>

<operation id="27" st_id="3" stage="1" lat="1">
<core>NULL</core>
<MemPortIdVec></MemPortIdVec>
<condition id="8">
<or_exp><and_exp><literal name="exitcond" val="0"/>
</and_exp></or_exp>
</condition>

<node id="28" bw="8" op_0_bw="7">
<![CDATA[
:6  %tmp_6 = zext i7 %tmp_4 to i8

]]></node>
<StgValue><ssdm name="tmp_6"/></StgValue>
</operation>

<operation id="28" st_id="3" stage="1" lat="1">
<core>NULL</core>
<MemPortIdVec></MemPortIdVec>
<condition id="8">
<or_exp><and_exp><literal name="exitcond" val="0"/>
</and_exp></or_exp>
</condition>

<node id="29" bw="128" op_0_bw="128" op_1_bw="128" op_2_bw="32" op_3_bw="32">
<![CDATA[
:7  %tmp_9 = call i128 @llvm.part.select.i128(i128 %cipher_state_load, i32 127, i32 0)

]]></node>
<StgValue><ssdm name="tmp_9"/></StgValue>
</operation>

<operation id="29" st_id="3" stage="1" lat="1">
<core>AddSub</core>
<MemPortIdVec></MemPortIdVec>
<condition id="8">
<or_exp><and_exp><literal name="exitcond" val="0"/>
</and_exp></or_exp>
</condition>

<node id="30" bw="8" op_0_bw="8" op_1_bw="8">
<![CDATA[
:8  %tmp_10 = sub i8 %tmp_5, %tmp_6

]]></node>
<StgValue><ssdm name="tmp_10"/></StgValue>
</operation>

<operation id="30" st_id="3" stage="1" lat="1">
<core>LogicGate</core>
<MemPortIdVec></MemPortIdVec>
<condition id="8">
<or_exp><and_exp><literal name="exitcond" val="0"/>
</and_exp></or_exp>
</condition>

<node id="31" bw="8" op_0_bw="8" op_1_bw="8">
<![CDATA[
:9  %tmp_11 = xor i8 %tmp_5, 127

]]></node>
<StgValue><ssdm name="tmp_11"/></StgValue>
</operation>

<operation id="31" st_id="3" stage="1" lat="1">
<core>AddSub</core>
<MemPortIdVec></MemPortIdVec>
<condition id="8">
<or_exp><and_exp><literal name="exitcond" val="0"/>
</and_exp></or_exp>
</condition>

<node id="32" bw="8" op_0_bw="8" op_1_bw="8">
<![CDATA[
:10  %tmp_12 = sub i8 %tmp_6, %tmp_5

]]></node>
<StgValue><ssdm name="tmp_12"/></StgValue>
</operation>

<operation id="32" st_id="3" stage="1" lat="1">
<core>Sel</core>
<MemPortIdVec></MemPortIdVec>
<condition id="8">
<or_exp><and_exp><literal name="exitcond" val="0"/>
</and_exp></or_exp>
</condition>

<node id="33" bw="8" op_0_bw="1" op_1_bw="8" op_2_bw="8">
<![CDATA[
:11  %tmp_13 = select i1 %tmp_2, i8 %tmp_10, i8 %tmp_12

]]></node>
<StgValue><ssdm name="tmp_13"/></StgValue>
</operation>

<operation id="33" st_id="3" stage="1" lat="1">
<core>Sel</core>
<MemPortIdVec></MemPortIdVec>
<condition id="8">
<or_exp><and_exp><literal name="exitcond" val="0"/>
</and_exp></or_exp>
</condition>

<node id="34" bw="128" op_0_bw="1" op_1_bw="128" op_2_bw="128">
<![CDATA[
:12  %tmp_14 = select i1 %tmp_2, i128 %tmp_9, i128 %cipher_state_load

]]></node>
<StgValue><ssdm name="tmp_14"/></StgValue>
</operation>

<operation id="34" st_id="3" stage="1" lat="1">
<core>Sel</core>
<MemPortIdVec></MemPortIdVec>
<condition id="8">
<or_exp><and_exp><literal name="exitcond" val="0"/>
</and_exp></or_exp>
</condition>

<node id="35" bw="8" op_0_bw="1" op_1_bw="8" op_2_bw="8">
<![CDATA[
:13  %tmp_15 = select i1 %tmp_2, i8 %tmp_11, i8 %tmp_5

]]></node>
<StgValue><ssdm name="tmp_15"/></StgValue>
</operation>

<operation id="35" st_id="3" stage="1" lat="1">
<core>AddSub</core>
<MemPortIdVec></MemPortIdVec>
<condition id="8">
<or_exp><and_exp><literal name="exitcond" val="0"/>
</and_exp></or_exp>
</condition>

<node id="36" bw="8" op_0_bw="8" op_1_bw="8">
<![CDATA[
:14  %tmp_16 = sub i8 127, %tmp_13

]]></node>
<StgValue><ssdm name="tmp_16"/></StgValue>
</operation>

<operation id="36" st_id="3" stage="1" lat="1">
<core>NULL</core>
<MemPortIdVec></MemPortIdVec>
<condition id="8">
<or_exp><and_exp><literal name="exitcond" val="0"/>
</and_exp></or_exp>
</condition>

<node id="37" bw="128" op_0_bw="8">
<![CDATA[
:15  %tmp_17 = zext i8 %tmp_15 to i128

]]></node>
<StgValue><ssdm name="tmp_17"/></StgValue>
</operation>

<operation id="37" st_id="3" stage="1" lat="1">
<core>NULL</core>
<MemPortIdVec></MemPortIdVec>
<condition id="8">
<or_exp><and_exp><literal name="exitcond" val="0"/>
</and_exp></or_exp>
</condition>

<node id="38" bw="128" op_0_bw="8">
<![CDATA[
:16  %tmp_18 = zext i8 %tmp_16 to i128

]]></node>
<StgValue><ssdm name="tmp_18"/></StgValue>
</operation>

<operation id="38" st_id="3" stage="1" lat="1">
<core>Shift</core>
<MemPortIdVec></MemPortIdVec>
<condition id="8">
<or_exp><and_exp><literal name="exitcond" val="0"/>
</and_exp></or_exp>
</condition>

<node id="39" bw="128" op_0_bw="128" op_1_bw="128">
<![CDATA[
:17  %tmp_19 = lshr i128 %tmp_14, %tmp_17

]]></node>
<StgValue><ssdm name="tmp_19"/></StgValue>
</operation>

<operation id="39" st_id="3" stage="1" lat="1">
<core>ShiftnS</core>
<MemPortIdVec></MemPortIdVec>
<condition id="8">
<or_exp><and_exp><literal name="exitcond" val="0"/>
</and_exp></or_exp>
</condition>

<node id="40" bw="128" op_0_bw="128" op_1_bw="128">
<![CDATA[
:18  %tmp_20 = lshr i128 -1, %tmp_18

]]></node>
<StgValue><ssdm name="tmp_20"/></StgValue>
</operation>

<operation id="40" st_id="3" stage="1" lat="1">
<core>LogicGate</core>
<MemPortIdVec></MemPortIdVec>
<condition id="8">
<or_exp><and_exp><literal name="exitcond" val="0"/>
</and_exp></or_exp>
</condition>

<node id="41" bw="128" op_0_bw="128" op_1_bw="128">
<![CDATA[
:19  %tmp_21 = and i128 %tmp_19, %tmp_20

]]></node>
<StgValue><ssdm name="tmp_21"/></StgValue>
</operation>

<operation id="41" st_id="3" stage="1" lat="1">
<core>NULL</core>
<MemPortIdVec></MemPortIdVec>
<condition id="8">
<or_exp><and_exp><literal name="exitcond" val="0"/>
</and_exp></or_exp>
</condition>

<node id="42" bw="32" op_0_bw="128">
<![CDATA[
:20  %tmp_22 = trunc i128 %tmp_21 to i32

]]></node>
<StgValue><ssdm name="tmp_22"/></StgValue>
</operation>

<operation id="42" st_id="3" stage="1" lat="1">
<core>Cmp</core>
<MemPortIdVec></MemPortIdVec>
<condition id="8">
<or_exp><and_exp><literal name="exitcond" val="0"/>
</and_exp></or_exp>
</condition>

<node id="43" bw="1" op_0_bw="5" op_1_bw="5">
<![CDATA[
:21  %tmp_23 = icmp ugt i5 %tmp_7, %tmp_8

]]></node>
<StgValue><ssdm name="tmp_23"/></StgValue>
</operation>

<operation id="43" st_id="3" stage="1" lat="1">
<core>NULL</core>
<MemPortIdVec></MemPortIdVec>
<condition id="8">
<or_exp><and_exp><literal name="exitcond" val="0"/>
</and_exp></or_exp>
</condition>

<node id="44" bw="6" op_0_bw="5">
<![CDATA[
:22  %tmp_24 = zext i5 %tmp_7 to i6

]]></node>
<StgValue><ssdm name="tmp_24"/></StgValue>
</operation>

<operation id="44" st_id="3" stage="1" lat="1">
<core>NULL</core>
<MemPortIdVec></MemPortIdVec>
<condition id="8">
<or_exp><and_exp><literal name="exitcond" val="0"/>
</and_exp></or_exp>
</condition>

<node id="45" bw="6" op_0_bw="5">
<![CDATA[
:23  %tmp_25 = zext i5 %tmp_8 to i6

]]></node>
<StgValue><ssdm name="tmp_25"/></StgValue>
</operation>

<operation id="45" st_id="3" stage="1" lat="1">
<core>NULL</core>
<MemPortIdVec></MemPortIdVec>
<condition id="8">
<or_exp><and_exp><literal name="exitcond" val="0"/>
</and_exp></or_exp>
</condition>

<node id="46" bw="32" op_0_bw="32" op_1_bw="128" op_2_bw="32" op_3_bw="32">
<![CDATA[
:24  %tmp_26 = call i32 @_ssdm_op_PartSelect.i32.i128.i32.i32(i128 %tmp_21, i32 31, i32 0)

]]></node>
<StgValue><ssdm name="tmp_26"/></StgValue>
</operation>

<operation id="46" st_id="3" stage="1" lat="1">
<core>AddSub</core>
<MemPortIdVec></MemPortIdVec>
<condition id="8">
<or_exp><and_exp><literal name="exitcond" val="0"/>
</and_exp></or_exp>
</condition>

<node id="47" bw="6" op_0_bw="6" op_1_bw="6">
<![CDATA[
:25  %tmp_27 = sub i6 %tmp_24, %tmp_25

]]></node>
<StgValue><ssdm name="tmp_27"/></StgValue>
</operation>

<operation id="47" st_id="3" stage="1" lat="1">
<core>LogicGate</core>
<MemPortIdVec></MemPortIdVec>
<condition id="8">
<or_exp><and_exp><literal name="exitcond" val="0"/>
</and_exp></or_exp>
</condition>

<node id="48" bw="6" op_0_bw="6" op_1_bw="6">
<![CDATA[
:26  %tmp_28 = xor i6 %tmp_24, 31

]]></node>
<StgValue><ssdm name="tmp_28"/></StgValue>
</operation>

<operation id="48" st_id="3" stage="1" lat="1">
<core>AddSub</core>
<MemPortIdVec></MemPortIdVec>
<condition id="8">
<or_exp><and_exp><literal name="exitcond" val="0"/>
</and_exp></or_exp>
</condition>

<node id="49" bw="6" op_0_bw="6" op_1_bw="6">
<![CDATA[
:27  %tmp_29 = sub i6 %tmp_25, %tmp_24

]]></node>
<StgValue><ssdm name="tmp_29"/></StgValue>
</operation>

<operation id="49" st_id="3" stage="1" lat="1">
<core>Sel</core>
<MemPortIdVec></MemPortIdVec>
<condition id="8">
<or_exp><and_exp><literal name="exitcond" val="0"/>
</and_exp></or_exp>
</condition>

<node id="50" bw="6" op_0_bw="1" op_1_bw="6" op_2_bw="6">
<![CDATA[
:28  %tmp_30 = select i1 %tmp_23, i6 %tmp_27, i6 %tmp_29

]]></node>
<StgValue><ssdm name="tmp_30"/></StgValue>
</operation>

<operation id="50" st_id="3" stage="1" lat="1">
<core>Sel</core>
<MemPortIdVec></MemPortIdVec>
<condition id="8">
<or_exp><and_exp><literal name="exitcond" val="0"/>
</and_exp></or_exp>
</condition>

<node id="51" bw="32" op_0_bw="1" op_1_bw="32" op_2_bw="32">
<![CDATA[
:29  %tmp_31 = select i1 %tmp_23, i32 %tmp_26, i32 %tmp_22

]]></node>
<StgValue><ssdm name="tmp_31"/></StgValue>
</operation>

<operation id="51" st_id="3" stage="1" lat="1">
<core>Sel</core>
<MemPortIdVec></MemPortIdVec>
<condition id="8">
<or_exp><and_exp><literal name="exitcond" val="0"/>
</and_exp></or_exp>
</condition>

<node id="52" bw="6" op_0_bw="1" op_1_bw="6" op_2_bw="6">
<![CDATA[
:30  %tmp_32 = select i1 %tmp_23, i6 %tmp_28, i6 %tmp_24

]]></node>
<StgValue><ssdm name="tmp_32"/></StgValue>
</operation>

<operation id="52" st_id="3" stage="1" lat="1">
<core>AddSub</core>
<MemPortIdVec></MemPortIdVec>
<condition id="8">
<or_exp><and_exp><literal name="exitcond" val="0"/>
</and_exp></or_exp>
</condition>

<node id="53" bw="6" op_0_bw="6" op_1_bw="6">
<![CDATA[
:31  %tmp_33 = sub i6 31, %tmp_30

]]></node>
<StgValue><ssdm name="tmp_33"/></StgValue>
</operation>

<operation id="53" st_id="3" stage="1" lat="1">
<core>NULL</core>
<MemPortIdVec></MemPortIdVec>
<condition id="8">
<or_exp><and_exp><literal name="exitcond" val="0"/>
</and_exp></or_exp>
</condition>

<node id="54" bw="32" op_0_bw="6">
<![CDATA[
:32  %tmp_34 = zext i6 %tmp_32 to i32

]]></node>
<StgValue><ssdm name="tmp_34"/></StgValue>
</operation>

<operation id="54" st_id="3" stage="1" lat="1">
<core>NULL</core>
<MemPortIdVec></MemPortIdVec>
<condition id="8">
<or_exp><and_exp><literal name="exitcond" val="0"/>
</and_exp></or_exp>
</condition>

<node id="55" bw="32" op_0_bw="6">
<![CDATA[
:33  %tmp_35 = zext i6 %tmp_33 to i32

]]></node>
<StgValue><ssdm name="tmp_35"/></StgValue>
</operation>

<operation id="55" st_id="3" stage="1" lat="1">
<core>Shift</core>
<MemPortIdVec></MemPortIdVec>
<condition id="8">
<or_exp><and_exp><literal name="exitcond" val="0"/>
</and_exp></or_exp>
</condition>

<node id="56" bw="32" op_0_bw="32" op_1_bw="32">
<![CDATA[
:34  %tmp_36 = lshr i32 %tmp_31, %tmp_34

]]></node>
<StgValue><ssdm name="tmp_36"/></StgValue>
</operation>

<operation id="56" st_id="3" stage="1" lat="1">
<core>ShiftnS</core>
<MemPortIdVec></MemPortIdVec>
<condition id="8">
<or_exp><and_exp><literal name="exitcond" val="0"/>
</and_exp></or_exp>
</condition>

<node id="57" bw="32" op_0_bw="32" op_1_bw="32">
<![CDATA[
:35  %tmp_37 = lshr i32 -1, %tmp_35

]]></node>
<StgValue><ssdm name="tmp_37"/></StgValue>
</operation>

<operation id="57" st_id="3" stage="1" lat="1">
<core>LogicGate</core>
<MemPortIdVec></MemPortIdVec>
<condition id="8">
<or_exp><and_exp><literal name="exitcond" val="0"/>
</and_exp></or_exp>
</condition>

<node id="58" bw="32" op_0_bw="32" op_1_bw="32">
<![CDATA[
:36  %tmp_38 = and i32 %tmp_36, %tmp_37

]]></node>
<StgValue><ssdm name="tmp_38"/></StgValue>
</operation>

<operation id="58" st_id="3" stage="1" lat="1">
<core>NULL</core>
<MemPortIdVec></MemPortIdVec>
<condition id="8">
<or_exp><and_exp><literal name="exitcond" val="0"/>
</and_exp></or_exp>
</condition>

<node id="59" bw="8" op_0_bw="32">
<![CDATA[
:37  %tmp_39 = trunc i32 %tmp_38 to i8

]]></node>
<StgValue><ssdm name="tmp_39"/></StgValue>
</operation>

<operation id="59" st_id="3" stage="1" lat="1">
<core>NULL</core>
<MemPortIdVec></MemPortIdVec>
<condition id="8">
<or_exp><and_exp><literal name="exitcond" val="0"/>
</and_exp></or_exp>
</condition>

<node id="60" bw="64" op_0_bw="8">
<![CDATA[
:38  %tmp_s = zext i8 %tmp_39 to i64

]]></node>
<StgValue><ssdm name="tmp_s"/></StgValue>
</operation>

<operation id="60" st_id="3" stage="1" lat="1">
<core>NULL</core>
<MemPortIdVec></MemPortIdVec>
<condition id="8">
<or_exp><and_exp><literal name="exitcond" val="0"/>
</and_exp></or_exp>
</condition>

<node id="61" bw="8" op_0_bw="8" op_1_bw="64" op_2_bw="64">
<![CDATA[
:39  %S_Box_addr = getelementptr inbounds [256 x i8]* @S_Box, i64 0, i64 %tmp_s

]]></node>
<StgValue><ssdm name="S_Box_addr"/></StgValue>
</operation>

<operation id="61" st_id="3" stage="2" lat="2">
<core>ROM_nP</core>
<MemPortIdVec></MemPortIdVec>
<condition id="8">
<or_exp><and_exp><literal name="exitcond" val="0"/>
</and_exp></or_exp>
</condition>

<node id="62" bw="8" op_0_bw="8">
<![CDATA[
:40  %S_Box_load = load i8* %S_Box_addr, align 1

]]></node>
<StgValue><ssdm name="S_Box_load"/></StgValue>
</operation>
</state>

<state id="4" st_id="4">

<operation id="62" st_id="4" stage="1" lat="2">
<core>ROM_nP</core>
<MemPortIdVec></MemPortIdVec>
<condition id="9">
<or_exp><and_exp></and_exp></or_exp>
</condition>

<node id="62" bw="8" op_0_bw="8">
<![CDATA[
:40  %S_Box_load = load i8* %S_Box_addr, align 1

]]></node>
<StgValue><ssdm name="S_Box_load"/></StgValue>
</operation>

<operation id="63" st_id="4" stage="1" lat="1">
<core>Cmp</core>
<MemPortIdVec></MemPortIdVec>
<condition id="9">
<or_exp><and_exp></and_exp></or_exp>
</condition>

<node id="63" bw="1" op_0_bw="5" op_1_bw="5">
<![CDATA[
:41  %tmp_40 = icmp ugt i5 %tmp_7, %tmp_8

]]></node>
<StgValue><ssdm name="tmp_40"/></StgValue>
</operation>

<operation id="64" st_id="4" stage="1" lat="1">
<core>NULL</core>
<MemPortIdVec></MemPortIdVec>
<condition id="9">
<or_exp><and_exp></and_exp></or_exp>
</condition>

<node id="64" bw="6" op_0_bw="5">
<![CDATA[
:42  %tmp_41 = zext i5 %tmp_7 to i6

]]></node>
<StgValue><ssdm name="tmp_41"/></StgValue>
</operation>

<operation id="65" st_id="4" stage="1" lat="1">
<core>NULL</core>
<MemPortIdVec></MemPortIdVec>
<condition id="9">
<or_exp><and_exp></and_exp></or_exp>
</condition>

<node id="65" bw="6" op_0_bw="5">
<![CDATA[
:43  %tmp_42 = zext i5 %tmp_8 to i6

]]></node>
<StgValue><ssdm name="tmp_42"/></StgValue>
</operation>

<operation id="66" st_id="4" stage="1" lat="1">
<core>NULL</core>
<MemPortIdVec></MemPortIdVec>
<condition id="9">
<or_exp><and_exp></and_exp></or_exp>
</condition>

<node id="66" bw="32" op_0_bw="8">
<![CDATA[
:44  %tmp_43 = zext i8 %S_Box_load to i32

]]></node>
<StgValue><ssdm name="tmp_43"/></StgValue>
</operation>

<operation id="67" st_id="4" stage="1" lat="1">
<core>LogicGate</core>
<MemPortIdVec></MemPortIdVec>
<condition id="9">
<or_exp><and_exp></and_exp></or_exp>
</condition>

<node id="67" bw="6" op_0_bw="6" op_1_bw="6">
<![CDATA[
:45  %tmp_44 = xor i6 %tmp_41, 31

]]></node>
<StgValue><ssdm name="tmp_44"/></StgValue>
</operation>

<operation id="68" st_id="4" stage="1" lat="1">
<core>Sel</core>
<MemPortIdVec></MemPortIdVec>
<condition id="9">
<or_exp><and_exp></and_exp></or_exp>
</condition>

<node id="68" bw="6" op_0_bw="1" op_1_bw="6" op_2_bw="6">
<![CDATA[
:46  %tmp_45 = select i1 %tmp_40, i6 %tmp_41, i6 %tmp_42

]]></node>
<StgValue><ssdm name="tmp_45"/></StgValue>
</operation>

<operation id="69" st_id="4" stage="1" lat="1">
<core>Sel</core>
<MemPortIdVec></MemPortIdVec>
<condition id="9">
<or_exp><and_exp></and_exp></or_exp>
</condition>

<node id="69" bw="6" op_0_bw="1" op_1_bw="6" op_2_bw="6">
<![CDATA[
:47  %tmp_46 = select i1 %tmp_40, i6 %tmp_42, i6 %tmp_41

]]></node>
<StgValue><ssdm name="tmp_46"/></StgValue>
</operation>

<operation id="70" st_id="4" stage="1" lat="1">
<core>Sel</core>
<MemPortIdVec></MemPortIdVec>
<condition id="9">
<or_exp><and_exp></and_exp></or_exp>
</condition>

<node id="70" bw="6" op_0_bw="1" op_1_bw="6" op_2_bw="6">
<![CDATA[
:48  %tmp_47 = select i1 %tmp_40, i6 %tmp_44, i6 %tmp_41

]]></node>
<StgValue><ssdm name="tmp_47"/></StgValue>
</operation>

<operation id="71" st_id="4" stage="1" lat="1">
<core>LogicGate</core>
<MemPortIdVec></MemPortIdVec>
<condition id="9">
<or_exp><and_exp></and_exp></or_exp>
</condition>

<node id="71" bw="6" op_0_bw="6" op_1_bw="6">
<![CDATA[
:49  %tmp_48 = xor i6 %tmp_45, 31

]]></node>
<StgValue><ssdm name="tmp_48"/></StgValue>
</operation>

<operation id="72" st_id="4" stage="1" lat="1">
<core>NULL</core>
<MemPortIdVec></MemPortIdVec>
<condition id="9">
<or_exp><and_exp></and_exp></or_exp>
</condition>

<node id="72" bw="32" op_0_bw="6">
<![CDATA[
:50  %tmp_49 = zext i6 %tmp_47 to i32

]]></node>
<StgValue><ssdm name="tmp_49"/></StgValue>
</operation>

<operation id="73" st_id="4" stage="1" lat="1">
<core>NULL</core>
<MemPortIdVec></MemPortIdVec>
<condition id="9">
<or_exp><and_exp></and_exp></or_exp>
</condition>

<node id="73" bw="32" op_0_bw="6">
<![CDATA[
:51  %tmp_50 = zext i6 %tmp_46 to i32

]]></node>
<StgValue><ssdm name="tmp_50"/></StgValue>
</operation>

<operation id="74" st_id="4" stage="1" lat="1">
<core>NULL</core>
<MemPortIdVec></MemPortIdVec>
<condition id="9">
<or_exp><and_exp></and_exp></or_exp>
</condition>

<node id="74" bw="32" op_0_bw="6">
<![CDATA[
:52  %tmp_51 = zext i6 %tmp_48 to i32

]]></node>
<StgValue><ssdm name="tmp_51"/></StgValue>
</operation>

<operation id="75" st_id="4" stage="1" lat="1">
<core>Shift</core>
<MemPortIdVec></MemPortIdVec>
<condition id="9">
<or_exp><and_exp></and_exp></or_exp>
</condition>

<node id="75" bw="32" op_0_bw="32" op_1_bw="32">
<![CDATA[
:53  %tmp_52 = shl i32 %tmp_43, %tmp_49

]]></node>
<StgValue><ssdm name="tmp_52"/></StgValue>
</operation>

<operation id="76" st_id="4" stage="1" lat="1">
<core>NULL</core>
<MemPortIdVec></MemPortIdVec>
<condition id="9">
<or_exp><and_exp></and_exp></or_exp>
</condition>

<node id="76" bw="32" op_0_bw="32" op_1_bw="32" op_2_bw="32" op_3_bw="32">
<![CDATA[
:54  %tmp_53 = call i32 @llvm.part.select.i32(i32 %tmp_52, i32 31, i32 0)

]]></node>
<StgValue><ssdm name="tmp_53"/></StgValue>
</operation>

<operation id="77" st_id="4" stage="1" lat="1">
<core>Sel</core>
<MemPortIdVec></MemPortIdVec>
<condition id="9">
<or_exp><and_exp></and_exp></or_exp>
</condition>

<node id="77" bw="32" op_0_bw="1" op_1_bw="32" op_2_bw="32">
<![CDATA[
:55  %tmp_54 = select i1 %tmp_40, i32 %tmp_53, i32 %tmp_52

]]></node>
<StgValue><ssdm name="tmp_54"/></StgValue>
</operation>

<operation id="78" st_id="4" stage="1" lat="1">
<core>ShiftnS</core>
<MemPortIdVec></MemPortIdVec>
<condition id="9">
<or_exp><and_exp></and_exp></or_exp>
</condition>

<node id="78" bw="32" op_0_bw="32" op_1_bw="32">
<![CDATA[
:56  %tmp_55 = shl i32 -1, %tmp_50

]]></node>
<StgValue><ssdm name="tmp_55"/></StgValue>
</operation>

<operation id="79" st_id="4" stage="1" lat="1">
<core>ShiftnS</core>
<MemPortIdVec></MemPortIdVec>
<condition id="9">
<or_exp><and_exp></and_exp></or_exp>
</condition>

<node id="79" bw="32" op_0_bw="32" op_1_bw="32">
<![CDATA[
:57  %tmp_56 = lshr i32 -1, %tmp_51

]]></node>
<StgValue><ssdm name="tmp_56"/></StgValue>
</operation>

<operation id="80" st_id="4" stage="1" lat="1">
<core>LogicGate</core>
<MemPortIdVec></MemPortIdVec>
<condition id="9">
<or_exp><and_exp></and_exp></or_exp>
</condition>

<node id="80" bw="32" op_0_bw="32" op_1_bw="32">
<![CDATA[
:58  %p_demorgan = and i32 %tmp_55, %tmp_56

]]></node>
<StgValue><ssdm name="p_demorgan"/></StgValue>
</operation>

<operation id="81" st_id="4" stage="1" lat="1">
<core>LogicGate</core>
<MemPortIdVec></MemPortIdVec>
<condition id="9">
<or_exp><and_exp></and_exp></or_exp>
</condition>

<node id="81" bw="32" op_0_bw="32" op_1_bw="32">
<![CDATA[
:59  %tmp_57 = xor i32 %p_demorgan, -1

]]></node>
<StgValue><ssdm name="tmp_57"/></StgValue>
</operation>

<operation id="82" st_id="4" stage="1" lat="1">
<core>LogicGate</core>
<MemPortIdVec></MemPortIdVec>
<condition id="9">
<or_exp><and_exp></and_exp></or_exp>
</condition>

<node id="82" bw="32" op_0_bw="32" op_1_bw="32">
<![CDATA[
:60  %tmp_58 = and i32 %tmp_22, %tmp_57

]]></node>
<StgValue><ssdm name="tmp_58"/></StgValue>
</operation>

<operation id="83" st_id="4" stage="1" lat="1">
<core>LogicGate</core>
<MemPortIdVec></MemPortIdVec>
<condition id="9">
<or_exp><and_exp></and_exp></or_exp>
</condition>

<node id="83" bw="32" op_0_bw="32" op_1_bw="32">
<![CDATA[
:61  %tmp_59 = and i32 %tmp_54, %p_demorgan

]]></node>
<StgValue><ssdm name="tmp_59"/></StgValue>
</operation>

<operation id="84" st_id="4" stage="1" lat="1">
<core>LogicGate</core>
<MemPortIdVec></MemPortIdVec>
<condition id="9">
<or_exp><and_exp></and_exp></or_exp>
</condition>

<node id="84" bw="32" op_0_bw="32" op_1_bw="32">
<![CDATA[
:62  %tmp_60 = or i32 %tmp_58, %tmp_59

]]></node>
<StgValue><ssdm name="tmp_60"/></StgValue>
</operation>

<operation id="85" st_id="4" stage="1" lat="1">
<core>Cmp</core>
<MemPortIdVec></MemPortIdVec>
<condition id="9">
<or_exp><and_exp></and_exp></or_exp>
</condition>

<node id="85" bw="1" op_0_bw="7" op_1_bw="7">
<![CDATA[
:63  %tmp_61 = icmp ugt i7 %tmp_3, %tmp_4

]]></node>
<StgValue><ssdm name="tmp_61"/></StgValue>
</operation>

<operation id="86" st_id="4" stage="1" lat="1">
<core>NULL</core>
<MemPortIdVec></MemPortIdVec>
<condition id="9">
<or_exp><and_exp></and_exp></or_exp>
</condition>

<node id="86" bw="8" op_0_bw="7">
<![CDATA[
:64  %tmp_62 = zext i7 %tmp_3 to i8

]]></node>
<StgValue><ssdm name="tmp_62"/></StgValue>
</operation>

<operation id="87" st_id="4" stage="1" lat="1">
<core>NULL</core>
<MemPortIdVec></MemPortIdVec>
<condition id="9">
<or_exp><and_exp></and_exp></or_exp>
</condition>

<node id="87" bw="8" op_0_bw="7">
<![CDATA[
:65  %tmp_63 = zext i7 %tmp_4 to i8

]]></node>
<StgValue><ssdm name="tmp_63"/></StgValue>
</operation>

<operation id="88" st_id="4" stage="1" lat="1">
<core>NULL</core>
<MemPortIdVec></MemPortIdVec>
<condition id="9">
<or_exp><and_exp></and_exp></or_exp>
</condition>

<node id="88" bw="128" op_0_bw="32">
<![CDATA[
:66  %tmp_64 = zext i32 %tmp_60 to i128

]]></node>
<StgValue><ssdm name="tmp_64"/></StgValue>
</operation>

<operation id="89" st_id="4" stage="1" lat="1">
<core>LogicGate</core>
<MemPortIdVec></MemPortIdVec>
<condition id="9">
<or_exp><and_exp></and_exp></or_exp>
</condition>

<node id="89" bw="8" op_0_bw="8" op_1_bw="8">
<![CDATA[
:67  %tmp_65 = xor i8 %tmp_62, 127

]]></node>
<StgValue><ssdm name="tmp_65"/></StgValue>
</operation>

<operation id="90" st_id="4" stage="1" lat="1">
<core>Sel</core>
<MemPortIdVec></MemPortIdVec>
<condition id="9">
<or_exp><and_exp></and_exp></or_exp>
</condition>

<node id="90" bw="8" op_0_bw="1" op_1_bw="8" op_2_bw="8">
<![CDATA[
:68  %tmp_66 = select i1 %tmp_61, i8 %tmp_62, i8 %tmp_63

]]></node>
<StgValue><ssdm name="tmp_66"/></StgValue>
</operation>

<operation id="91" st_id="4" stage="1" lat="1">
<core>Sel</core>
<MemPortIdVec></MemPortIdVec>
<condition id="9">
<or_exp><and_exp></and_exp></or_exp>
</condition>

<node id="91" bw="8" op_0_bw="1" op_1_bw="8" op_2_bw="8">
<![CDATA[
:69  %tmp_67 = select i1 %tmp_61, i8 %tmp_63, i8 %tmp_62

]]></node>
<StgValue><ssdm name="tmp_67"/></StgValue>
</operation>

<operation id="92" st_id="4" stage="1" lat="1">
<core>Sel</core>
<MemPortIdVec></MemPortIdVec>
<condition id="9">
<or_exp><and_exp></and_exp></or_exp>
</condition>

<node id="92" bw="8" op_0_bw="1" op_1_bw="8" op_2_bw="8">
<![CDATA[
:70  %tmp_68 = select i1 %tmp_61, i8 %tmp_65, i8 %tmp_62

]]></node>
<StgValue><ssdm name="tmp_68"/></StgValue>
</operation>

<operation id="93" st_id="4" stage="1" lat="1">
<core>LogicGate</core>
<MemPortIdVec></MemPortIdVec>
<condition id="9">
<or_exp><and_exp></and_exp></or_exp>
</condition>

<node id="93" bw="8" op_0_bw="8" op_1_bw="8">
<![CDATA[
:71  %tmp_69 = xor i8 %tmp_66, 127

]]></node>
<StgValue><ssdm name="tmp_69"/></StgValue>
</operation>

<operation id="94" st_id="4" stage="1" lat="1">
<core>NULL</core>
<MemPortIdVec></MemPortIdVec>
<condition id="9">
<or_exp><and_exp></and_exp></or_exp>
</condition>

<node id="94" bw="128" op_0_bw="8">
<![CDATA[
:72  %tmp_70 = zext i8 %tmp_68 to i128

]]></node>
<StgValue><ssdm name="tmp_70"/></StgValue>
</operation>

<operation id="95" st_id="4" stage="1" lat="1">
<core>NULL</core>
<MemPortIdVec></MemPortIdVec>
<condition id="9">
<or_exp><and_exp></and_exp></or_exp>
</condition>

<node id="95" bw="128" op_0_bw="8">
<![CDATA[
:73  %tmp_71 = zext i8 %tmp_67 to i128

]]></node>
<StgValue><ssdm name="tmp_71"/></StgValue>
</operation>

<operation id="96" st_id="4" stage="1" lat="1">
<core>NULL</core>
<MemPortIdVec></MemPortIdVec>
<condition id="9">
<or_exp><and_exp></and_exp></or_exp>
</condition>

<node id="96" bw="128" op_0_bw="8">
<![CDATA[
:74  %tmp_72 = zext i8 %tmp_69 to i128

]]></node>
<StgValue><ssdm name="tmp_72"/></StgValue>
</operation>

<operation id="97" st_id="4" stage="1" lat="1">
<core>Shift</core>
<MemPortIdVec></MemPortIdVec>
<condition id="9">
<or_exp><and_exp></and_exp></or_exp>
</condition>

<node id="97" bw="128" op_0_bw="128" op_1_bw="128">
<![CDATA[
:75  %tmp_73 = shl i128 %tmp_64, %tmp_70

]]></node>
<StgValue><ssdm name="tmp_73"/></StgValue>
</operation>

<operation id="98" st_id="4" stage="1" lat="1">
<core>NULL</core>
<MemPortIdVec></MemPortIdVec>
<condition id="9">
<or_exp><and_exp></and_exp></or_exp>
</condition>

<node id="98" bw="128" op_0_bw="128" op_1_bw="128" op_2_bw="32" op_3_bw="32">
<![CDATA[
:76  %tmp_74 = call i128 @llvm.part.select.i128(i128 %tmp_73, i32 127, i32 0)

]]></node>
<StgValue><ssdm name="tmp_74"/></StgValue>
</operation>

<operation id="99" st_id="4" stage="1" lat="1">
<core>Sel</core>
<MemPortIdVec></MemPortIdVec>
<condition id="9">
<or_exp><and_exp></and_exp></or_exp>
</condition>

<node id="99" bw="128" op_0_bw="1" op_1_bw="128" op_2_bw="128">
<![CDATA[
:77  %tmp_75 = select i1 %tmp_61, i128 %tmp_74, i128 %tmp_73

]]></node>
<StgValue><ssdm name="tmp_75"/></StgValue>
</operation>

<operation id="100" st_id="4" stage="1" lat="1">
<core>ShiftnS</core>
<MemPortIdVec></MemPortIdVec>
<condition id="9">
<or_exp><and_exp></and_exp></or_exp>
</condition>

<node id="100" bw="128" op_0_bw="128" op_1_bw="128">
<![CDATA[
:78  %tmp_76 = shl i128 -1, %tmp_71

]]></node>
<StgValue><ssdm name="tmp_76"/></StgValue>
</operation>

<operation id="101" st_id="4" stage="1" lat="1">
<core>ShiftnS</core>
<MemPortIdVec></MemPortIdVec>
<condition id="9">
<or_exp><and_exp></and_exp></or_exp>
</condition>

<node id="101" bw="128" op_0_bw="128" op_1_bw="128">
<![CDATA[
:79  %tmp_77 = lshr i128 -1, %tmp_72

]]></node>
<StgValue><ssdm name="tmp_77"/></StgValue>
</operation>

<operation id="102" st_id="4" stage="1" lat="1">
<core>LogicGate</core>
<MemPortIdVec></MemPortIdVec>
<condition id="9">
<or_exp><and_exp></and_exp></or_exp>
</condition>

<node id="102" bw="128" op_0_bw="128" op_1_bw="128">
<![CDATA[
:80  %p_demorgan1 = and i128 %tmp_76, %tmp_77

]]></node>
<StgValue><ssdm name="p_demorgan1"/></StgValue>
</operation>

<operation id="103" st_id="4" stage="1" lat="1">
<core>LogicGate</core>
<MemPortIdVec></MemPortIdVec>
<condition id="9">
<or_exp><and_exp></and_exp></or_exp>
</condition>

<node id="103" bw="128" op_0_bw="128" op_1_bw="128">
<![CDATA[
:81  %tmp_78 = xor i128 %p_demorgan1, -1

]]></node>
<StgValue><ssdm name="tmp_78"/></StgValue>
</operation>

<operation id="104" st_id="4" stage="1" lat="1">
<core>LogicGate</core>
<MemPortIdVec></MemPortIdVec>
<condition id="9">
<or_exp><and_exp></and_exp></or_exp>
</condition>

<node id="104" bw="128" op_0_bw="128" op_1_bw="128">
<![CDATA[
:82  %tmp_79 = and i128 %cipher_state_load, %tmp_78

]]></node>
<StgValue><ssdm name="tmp_79"/></StgValue>
</operation>

<operation id="105" st_id="4" stage="1" lat="1">
<core>LogicGate</core>
<MemPortIdVec></MemPortIdVec>
<condition id="9">
<or_exp><and_exp></and_exp></or_exp>
</condition>

<node id="105" bw="128" op_0_bw="128" op_1_bw="128">
<![CDATA[
:83  %tmp_80 = and i128 %tmp_75, %p_demorgan1

]]></node>
<StgValue><ssdm name="tmp_80"/></StgValue>
</operation>

<operation id="106" st_id="4" stage="1" lat="1">
<core>LogicGate</core>
<MemPortIdVec></MemPortIdVec>
<condition id="9">
<or_exp><and_exp></and_exp></or_exp>
</condition>

<node id="106" bw="128" op_0_bw="128" op_1_bw="128">
<![CDATA[
:84  %tmp_81 = or i128 %tmp_79, %tmp_80

]]></node>
<StgValue><ssdm name="tmp_81"/></StgValue>
</operation>

<operation id="107" st_id="4" stage="1" lat="1">
<core>NULL</core>
<MemPortIdVec></MemPortIdVec>
<condition id="9">
<or_exp><and_exp></and_exp></or_exp>
</condition>

<node id="107" bw="0" op_0_bw="128" op_1_bw="128">
<![CDATA[
:85  store i128 %tmp_81, i128* @cipher_state, align 8

]]></node>
<StgValue><ssdm name=""/></StgValue>
</operation>

<operation id="108" st_id="4" stage="1" lat="1">
<core>NULL</core>
<MemPortIdVec></MemPortIdVec>
<condition id="9">
<or_exp><and_exp></and_exp></or_exp>
</condition>

<node id="108" bw="0" op_0_bw="0">
<![CDATA[
:86  br label %.preheader

]]></node>
<StgValue><ssdm name=""/></StgValue>
</operation>
</state>
</state_list>


<ports>
</ports>


<dataflows>
</dataflows>


</stg>
