<profile>

<section name = "Vivado HLS Report for 'Cipher_SubBytes'" level="0">
<item name = "Date">Fri Jan 20 19:38:19 2017
</item>
<item name = "Version">2015.1 (Build 1215546 on Mon Apr 27 19:24:50 PM 2015)</item>
<item name = "Project">HLS</item>
<item name = "Solution">solution1</item>
<item name = "Product family">zynq</item>
<item name = "Target device">xc7z020clg484-1</item>
</section>

<section name = "Performance Estimates" level="0">
<item name = "Timing (ns)">
<section name = "" level="1">
<item name = "Summary"><table name="" hasTotal="0">
<keys size="4">Clock, Target, Estimated, Uncertainty</keys>
<column name="default">1000000.00, 65552.04, 125000.00</column>
</table>
</item>
</section>
</item>
<item name = "Latency (clock cycles)">
<section name = "" level="1">
<item name = "Summary"><table name="" hasTotal="0">
<keys size="6">, min, max, min, max, Type</keys>
<column name="">41, 41, 41, 41, none</column>
</table>
</item>
<item name = "Detail">
<section name = "" level="1">
<item name = "Instance"><table name="" hasTotal="0">
<keys size="7">Instance, Module, min, max, min, max, Type</keys>
</table>
</item>
<item name = "Loop"><table name="" hasTotal="0">
<keys size="8">Loop Name, min, max, Latency, achieved, target, Count, Pipelined</keys>
<column name="- Loop 1">40, 40, 10, -, -, 4, no</column>
<column name=" + Loop 1.1">8, 8, 2, -, -, 4, no</column>
</table>
</item>
</section>
</item>
</section>
</item>
</section>

<section name = "Utilization Estimates" level="0">
<item name = "Summary"><table name="" hasTotal="1">
<keys size="5">Name, BRAM_18K, DSP48E, FF, LUT</keys>
<column name="Expression">-, -, 0, 2884</column>
<column name="FIFO">-, -, -, -</column>
<column name="Instance">-, -, 0, 12</column>
<column name="Memory">1, -, 0, 0</column>
<column name="Multiplexer">-, -, -, 149</column>
<column name="Register">-, -, 56, -</column>
<specialColumn name="Available">280, 220, 106400, 53200</specialColumn>
<specialColumn name="Utilization (%)">~0, 0, ~0, 5</specialColumn>
</table>
</item>
<item name = "Detail">
<section name = "" level="1">
<item name = "Instance"><table name="" hasTotal="1">
<keys size="6">Instance, Module, BRAM_18K, DSP48E, FF, LUT</keys>
<column name="Cipher_lshr_128s_8ns_128_1_U10">Cipher_lshr_128s_8ns_128_1, 0, 0, 0, 2</column>
<column name="Cipher_lshr_128s_8ns_128_1_U15">Cipher_lshr_128s_8ns_128_1, 0, 0, 0, 2</column>
<column name="Cipher_lshr_32s_6ns_32_1_U11">Cipher_lshr_32s_6ns_32_1, 0, 0, 0, 2</column>
<column name="Cipher_lshr_32s_6ns_32_1_U13">Cipher_lshr_32s_6ns_32_1, 0, 0, 0, 2</column>
<column name="Cipher_shl_128s_8ns_128_1_U14">Cipher_shl_128s_8ns_128_1, 0, 0, 0, 2</column>
<column name="Cipher_shl_32s_6ns_32_1_U12">Cipher_shl_32s_6ns_32_1, 0, 0, 0, 2</column>
</table>
</item>
<item name = "Memory"><table name="" hasTotal="1">
<keys size="9">Memory, Module, BRAM_18K, FF, LUT, Words, Bits, Banks, W*Bits*Banks</keys>
<column name="S_Box_U">Cipher_SubBytes_S_Box, 1, 0, 0, 256, 8, 1, 2048</column>
</table>
</item>
<item name = "FIFO"><table name="" hasTotal="1">
<keys size="7">Name, BRAM_18K, FF, LUT, Depth, Bits, Size:D*B</keys>
</table>
</item>
<item name = "Expression"><table name="" hasTotal="1">
<keys size="7">Variable Name, Operation, DSP48E, FF, LUT, Bitwidth P0, Bitwidth P1</keys>
<column name="i_1_fu_95_p2">+, 0, 0, 3, 3, 1</column>
<column name="j_1_fu_125_p2">+, 0, 0, 3, 3, 1</column>
<column name="tmp_10_fu_173_p2">-, 0, 0, 8, 8, 8</column>
<column name="tmp_12_fu_185_p2">-, 0, 0, 8, 8, 8</column>
<column name="tmp_16_fu_215_p2">-, 0, 0, 8, 7, 8</column>
<column name="tmp_27_fu_267_p2">-, 0, 0, 6, 6, 6</column>
<column name="tmp_29_fu_279_p2">-, 0, 0, 6, 6, 6</column>
<column name="tmp_33_fu_309_p2">-, 0, 0, 6, 5, 6</column>
<column name="tmp_13_fu_191_p3">Select, 0, 0, 8, 1, 8</column>
<column name="tmp_14_fu_199_p3">Select, 0, 0, 128, 1, 128</column>
<column name="tmp_15_fu_207_p3">Select, 0, 0, 8, 1, 8</column>
<column name="tmp_30_fu_285_p3">Select, 0, 0, 6, 1, 6</column>
<column name="tmp_31_fu_293_p3">Select, 0, 0, 32, 1, 32</column>
<column name="tmp_32_fu_301_p3">Select, 0, 0, 6, 1, 6</column>
<column name="tmp_45_fu_366_p3">Select, 0, 0, 6, 1, 6</column>
<column name="tmp_46_fu_374_p3">Select, 0, 0, 6, 1, 6</column>
<column name="tmp_47_fu_382_p3">Select, 0, 0, 6, 1, 6</column>
<column name="tmp_54_fu_424_p3">Select, 0, 0, 32, 1, 32</column>
<column name="tmp_66_fu_489_p3">Select, 0, 0, 8, 1, 8</column>
<column name="tmp_67_fu_497_p3">Select, 0, 0, 8, 1, 8</column>
<column name="tmp_68_fu_505_p3">Select, 0, 0, 8, 1, 8</column>
<column name="tmp_75_fu_547_p3">Select, 0, 0, 128, 1, 128</column>
<column name="p_demorgan1_fu_567_p2">and, 0, 0, 188, 128, 128</column>
<column name="p_demorgan_fu_444_p2">and, 0, 0, 44, 32, 32</column>
<column name="tmp_21_fu_241_p2">and, 0, 0, 188, 128, 128</column>
<column name="tmp_38_fu_335_p2">and, 0, 0, 44, 32, 32</column>
<column name="tmp_58_fu_456_p2">and, 0, 0, 44, 32, 32</column>
<column name="tmp_59_fu_461_p2">and, 0, 0, 44, 32, 32</column>
<column name="tmp_79_fu_579_p2">and, 0, 0, 188, 128, 128</column>
<column name="tmp_80_fu_584_p2">and, 0, 0, 188, 128, 128</column>
<column name="exitcond1_fu_89_p2">icmp, 0, 0, 2, 3, 4</column>
<column name="exitcond_fu_119_p2">icmp, 0, 0, 2, 3, 4</column>
<column name="grp_fu_81_p2">icmp, 0, 0, 3, 7, 7</column>
<column name="grp_fu_85_p2">icmp, 0, 0, 2, 5, 5</column>
<column name="tmp_19_fu_229_p2">lshr, 0, 0, 403, 128, 128</column>
<column name="tmp_36_fu_323_p2">lshr, 0, 0, 88, 32, 32</column>
<column name="tmp_4_fu_148_p2">or, 0, 0, 8, 7, 5</column>
<column name="tmp_60_fu_467_p2">or, 0, 0, 44, 32, 32</column>
<column name="tmp_81_fu_590_p2">or, 0, 0, 188, 128, 128</column>
<column name="tmp_8_fu_113_p2">or, 0, 0, 7, 5, 3</column>
<column name="tmp_52_fu_408_p2">shl, 0, 0, 88, 32, 32</column>
<column name="tmp_73_fu_531_p2">shl, 0, 0, 403, 128, 128</column>
<column name="tmp_11_fu_179_p2">xor, 0, 0, 8, 8, 7</column>
<column name="tmp_28_fu_273_p2">xor, 0, 0, 8, 6, 5</column>
<column name="tmp_44_fu_360_p2">xor, 0, 0, 8, 6, 5</column>
<column name="tmp_48_fu_390_p2">xor, 0, 0, 8, 6, 5</column>
<column name="tmp_57_fu_450_p2">xor, 0, 0, 44, 32, 2</column>
<column name="tmp_65_fu_483_p2">xor, 0, 0, 8, 8, 7</column>
<column name="tmp_69_fu_513_p2">xor, 0, 0, 8, 8, 7</column>
<column name="tmp_78_fu_573_p2">xor, 0, 0, 188, 128, 2</column>
</table>
</item>
<item name = "Multiplexer"><table name="" hasTotal="1">
<keys size="5">Name, LUT, Input Size, Bits, Total Bits</keys>
<column name="ap_NS_fsm">1, 5, 1, 5</column>
<column name="cipher_state_o">128, 2, 128, 256</column>
<column name="grp_fu_81_p0">7, 3, 7, 21</column>
<column name="grp_fu_81_p1">7, 3, 7, 21</column>
<column name="i_reg_58">3, 2, 3, 6</column>
<column name="j_reg_69">3, 2, 3, 6</column>
</table>
</item>
<item name = "Register"><table name="" hasTotal="1">
<keys size="5">Name, FF, LUT, Bits, Const Bits</keys>
<column name="ap_CS_fsm">4, 0, 4, 0</column>
<column name="i_1_reg_605">3, 0, 3, 0</column>
<column name="i_reg_58">3, 0, 3, 0</column>
<column name="j_1_reg_627">3, 0, 3, 0</column>
<column name="j_reg_69">3, 0, 3, 0</column>
<column name="tmp_22_reg_649">32, 0, 32, 0</column>
<column name="tmp_3_reg_637">2, 0, 7, 5</column>
<column name="tmp_4_reg_643">2, 0, 7, 5</column>
<column name="tmp_7_reg_610">2, 0, 5, 3</column>
<column name="tmp_8_reg_617">2, 0, 5, 3</column>
</table>
</item>
</section>
</item>
</section>

<section name = "Interface" level="0">
<item name = "Summary"><table name="" hasTotal="0">
<keys size="6">RTL Ports, Dir, Bits, Protocol, Source Object, C Type</keys>
<column name="ap_clk">in, 1, ap_ctrl_hs, Cipher_SubBytes, return value</column>
<column name="ap_rst">in, 1, ap_ctrl_hs, Cipher_SubBytes, return value</column>
<column name="ap_start">in, 1, ap_ctrl_hs, Cipher_SubBytes, return value</column>
<column name="ap_done">out, 1, ap_ctrl_hs, Cipher_SubBytes, return value</column>
<column name="ap_idle">out, 1, ap_ctrl_hs, Cipher_SubBytes, return value</column>
<column name="ap_ready">out, 1, ap_ctrl_hs, Cipher_SubBytes, return value</column>
<column name="cipher_state_i">in, 128, ap_ovld, cipher_state, pointer</column>
<column name="cipher_state_o">out, 128, ap_ovld, cipher_state, pointer</column>
<column name="cipher_state_o_ap_vld">out, 1, ap_ovld, cipher_state, pointer</column>
</table>
</item>
</section>
</profile>
