<stg><name>Cipher_ShiftRows</name>


<trans_list>
</trans_list>



<state_list>

<state id="1" st_id="1">

<operation id="2" st_id="1" stage="1" lat="1">
<core>NULL</core>
<MemPortIdVec></MemPortIdVec>
<condition id="0">
<or_exp><and_exp></and_exp></or_exp>
</condition>

<node id="2" bw="128" op_0_bw="128">
<![CDATA[
:0  %cipher_state_load = load i128* @cipher_state, align 8

]]></node>
<StgValue><ssdm name="cipher_state_load"/></StgValue>
</operation>

<operation id="3" st_id="1" stage="1" lat="1">
<core>NULL</core>
<MemPortIdVec></MemPortIdVec>
<condition id="0">
<or_exp><and_exp></and_exp></or_exp>
</condition>

<node id="3" bw="8" op_0_bw="8" op_1_bw="128" op_2_bw="32" op_3_bw="32">
<![CDATA[
:1  %tmp = call i8 @_ssdm_op_PartSelect.i8.i128.i32.i32(i128 %cipher_state_load, i32 40, i32 47)

]]></node>
<StgValue><ssdm name="tmp"/></StgValue>
</operation>

<operation id="4" st_id="1" stage="1" lat="1">
<core>NULL</core>
<MemPortIdVec></MemPortIdVec>
<condition id="0">
<or_exp><and_exp></and_exp></or_exp>
</condition>

<node id="4" bw="8" op_0_bw="8" op_1_bw="128" op_2_bw="32" op_3_bw="32">
<![CDATA[
:2  %tmp_s = call i8 @_ssdm_op_PartSelect.i8.i128.i32.i32(i128 %cipher_state_load, i32 72, i32 79)

]]></node>
<StgValue><ssdm name="tmp_s"/></StgValue>
</operation>

<operation id="5" st_id="1" stage="1" lat="1">
<core>NULL</core>
<MemPortIdVec></MemPortIdVec>
<condition id="0">
<or_exp><and_exp></and_exp></or_exp>
</condition>

<node id="5" bw="8" op_0_bw="8" op_1_bw="128" op_2_bw="32" op_3_bw="32">
<![CDATA[
:3  %tmp_3 = call i8 @_ssdm_op_PartSelect.i8.i128.i32.i32(i128 %cipher_state_load, i32 104, i32 111)

]]></node>
<StgValue><ssdm name="tmp_3"/></StgValue>
</operation>

<operation id="6" st_id="1" stage="1" lat="1">
<core>NULL</core>
<MemPortIdVec></MemPortIdVec>
<condition id="0">
<or_exp><and_exp></and_exp></or_exp>
</condition>

<node id="6" bw="32" op_0_bw="128">
<![CDATA[
:4  %tmp_82 = trunc i128 %cipher_state_load to i32

]]></node>
<StgValue><ssdm name="tmp_82"/></StgValue>
</operation>

<operation id="7" st_id="1" stage="1" lat="1">
<core>NULL</core>
<MemPortIdVec></MemPortIdVec>
<condition id="0">
<or_exp><and_exp></and_exp></or_exp>
</condition>

<node id="7" bw="8" op_0_bw="8" op_1_bw="128" op_2_bw="32" op_3_bw="32">
<![CDATA[
:5  %tmp_5 = call i8 @_ssdm_op_PartSelect.i8.i128.i32.i32(i128 %cipher_state_load, i32 8, i32 15)

]]></node>
<StgValue><ssdm name="tmp_5"/></StgValue>
</operation>

<operation id="8" st_id="1" stage="1" lat="1">
<core>NULL</core>
<MemPortIdVec></MemPortIdVec>
<condition id="0">
<or_exp><and_exp></and_exp></or_exp>
</condition>

<node id="8" bw="32" op_0_bw="32" op_1_bw="128" op_2_bw="32" op_3_bw="32">
<![CDATA[
:6  %tmp_6 = call i32 @_ssdm_op_PartSelect.i32.i128.i32.i32(i128 %cipher_state_load, i32 32, i32 63)

]]></node>
<StgValue><ssdm name="tmp_6"/></StgValue>
</operation>

<operation id="9" st_id="1" stage="1" lat="1">
<core>NULL</core>
<MemPortIdVec></MemPortIdVec>
<condition id="0">
<or_exp><and_exp></and_exp></or_exp>
</condition>

<node id="9" bw="32" op_0_bw="32" op_1_bw="128" op_2_bw="32" op_3_bw="32">
<![CDATA[
:7  %tmp_7 = call i32 @_ssdm_op_PartSelect.i32.i128.i32.i32(i128 %cipher_state_load, i32 64, i32 95)

]]></node>
<StgValue><ssdm name="tmp_7"/></StgValue>
</operation>

<operation id="10" st_id="1" stage="1" lat="1">
<core>NULL</core>
<MemPortIdVec></MemPortIdVec>
<condition id="0">
<or_exp><and_exp></and_exp></or_exp>
</condition>

<node id="10" bw="32" op_0_bw="32" op_1_bw="128" op_2_bw="32" op_3_bw="32">
<![CDATA[
:8  %tmp_8 = call i32 @_ssdm_op_PartSelect.i32.i128.i32.i32(i128 %cipher_state_load, i32 96, i32 127)

]]></node>
<StgValue><ssdm name="tmp_8"/></StgValue>
</operation>

<operation id="11" st_id="1" stage="1" lat="1">
<core>NULL</core>
<MemPortIdVec></MemPortIdVec>
<condition id="0">
<or_exp><and_exp></and_exp></or_exp>
</condition>

<node id="11" bw="8" op_0_bw="8" op_1_bw="128" op_2_bw="32" op_3_bw="32">
<![CDATA[
:9  %tmp_9 = call i8 @_ssdm_op_PartSelect.i8.i128.i32.i32(i128 %cipher_state_load, i32 80, i32 87)

]]></node>
<StgValue><ssdm name="tmp_9"/></StgValue>
</operation>

<operation id="12" st_id="1" stage="1" lat="1">
<core>NULL</core>
<MemPortIdVec></MemPortIdVec>
<condition id="0">
<or_exp><and_exp></and_exp></or_exp>
</condition>

<node id="12" bw="8" op_0_bw="8" op_1_bw="128" op_2_bw="32" op_3_bw="32">
<![CDATA[
:10  %tmp_1 = call i8 @_ssdm_op_PartSelect.i8.i128.i32.i32(i128 %cipher_state_load, i32 112, i32 119)

]]></node>
<StgValue><ssdm name="tmp_1"/></StgValue>
</operation>

<operation id="13" st_id="1" stage="1" lat="1">
<core>NULL</core>
<MemPortIdVec></MemPortIdVec>
<condition id="0">
<or_exp><and_exp></and_exp></or_exp>
</condition>

<node id="13" bw="8" op_0_bw="8" op_1_bw="128" op_2_bw="32" op_3_bw="32">
<![CDATA[
:11  %tmp_2 = call i8 @_ssdm_op_PartSelect.i8.i128.i32.i32(i128 %cipher_state_load, i32 16, i32 23)

]]></node>
<StgValue><ssdm name="tmp_2"/></StgValue>
</operation>

<operation id="14" st_id="1" stage="1" lat="1">
<core>NULL</core>
<MemPortIdVec></MemPortIdVec>
<condition id="0">
<or_exp><and_exp></and_exp></or_exp>
</condition>

<node id="14" bw="8" op_0_bw="8" op_1_bw="128" op_2_bw="32" op_3_bw="32">
<![CDATA[
:12  %tmp_4 = call i8 @_ssdm_op_PartSelect.i8.i128.i32.i32(i128 %cipher_state_load, i32 48, i32 55)

]]></node>
<StgValue><ssdm name="tmp_4"/></StgValue>
</operation>

<operation id="15" st_id="1" stage="1" lat="1">
<core>NULL</core>
<MemPortIdVec></MemPortIdVec>
<condition id="0">
<or_exp><and_exp></and_exp></or_exp>
</condition>

<node id="15" bw="8" op_0_bw="8" op_1_bw="128" op_2_bw="32" op_3_bw="32">
<![CDATA[
:13  %tmp_10 = call i8 @_ssdm_op_PartSelect.i8.i128.i32.i32(i128 %cipher_state_load, i32 120, i32 127)

]]></node>
<StgValue><ssdm name="tmp_10"/></StgValue>
</operation>

<operation id="16" st_id="1" stage="1" lat="1">
<core>NULL</core>
<MemPortIdVec></MemPortIdVec>
<condition id="0">
<or_exp><and_exp></and_exp></or_exp>
</condition>

<node id="16" bw="8" op_0_bw="8" op_1_bw="128" op_2_bw="32" op_3_bw="32">
<![CDATA[
:14  %tmp_11 = call i8 @_ssdm_op_PartSelect.i8.i128.i32.i32(i128 %cipher_state_load, i32 24, i32 31)

]]></node>
<StgValue><ssdm name="tmp_11"/></StgValue>
</operation>

<operation id="17" st_id="1" stage="1" lat="1">
<core>NULL</core>
<MemPortIdVec></MemPortIdVec>
<condition id="0">
<or_exp><and_exp></and_exp></or_exp>
</condition>

<node id="17" bw="8" op_0_bw="8" op_1_bw="128" op_2_bw="32" op_3_bw="32">
<![CDATA[
:15  %tmp_12 = call i8 @_ssdm_op_PartSelect.i8.i128.i32.i32(i128 %cipher_state_load, i32 56, i32 63)

]]></node>
<StgValue><ssdm name="tmp_12"/></StgValue>
</operation>

<operation id="18" st_id="1" stage="1" lat="1">
<core>NULL</core>
<MemPortIdVec></MemPortIdVec>
<condition id="0">
<or_exp><and_exp></and_exp></or_exp>
</condition>

<node id="18" bw="8" op_0_bw="8" op_1_bw="128" op_2_bw="32" op_3_bw="32">
<![CDATA[
:16  %tmp_13 = call i8 @_ssdm_op_PartSelect.i8.i128.i32.i32(i128 %cipher_state_load, i32 88, i32 95)

]]></node>
<StgValue><ssdm name="tmp_13"/></StgValue>
</operation>

<operation id="19" st_id="1" stage="1" lat="1">
<core>NULL</core>
<MemPortIdVec></MemPortIdVec>
<condition id="0">
<or_exp><and_exp></and_exp></or_exp>
</condition>

<node id="19" bw="24" op_0_bw="24" op_1_bw="8" op_2_bw="8" op_3_bw="8">
<![CDATA[
:17  %tmp_14 = call i24 @_ssdm_op_BitConcatenate.i24.i8.i8.i8(i8 %tmp_10, i8 %tmp_9, i8 %tmp)

]]></node>
<StgValue><ssdm name="tmp_14"/></StgValue>
</operation>

<operation id="20" st_id="1" stage="1" lat="1">
<core>NULL</core>
<MemPortIdVec></MemPortIdVec>
<condition id="0">
<or_exp><and_exp></and_exp></or_exp>
</condition>

<node id="20" bw="32" op_0_bw="32" op_1_bw="32" op_2_bw="24" op_3_bw="32" op_4_bw="32">
<![CDATA[
:18  %tmp_15 = call i32 @_ssdm_op_PartSet.i32.i32.i24.i32.i32(i32 %tmp_82, i24 %tmp_14, i32 8, i32 31)

]]></node>
<StgValue><ssdm name="tmp_15"/></StgValue>
</operation>

<operation id="21" st_id="1" stage="1" lat="1">
<core>NULL</core>
<MemPortIdVec></MemPortIdVec>
<condition id="0">
<or_exp><and_exp></and_exp></or_exp>
</condition>

<node id="21" bw="24" op_0_bw="24" op_1_bw="8" op_2_bw="8" op_3_bw="8">
<![CDATA[
:19  %tmp_16 = call i24 @_ssdm_op_BitConcatenate.i24.i8.i8.i8(i8 %tmp_11, i8 %tmp_1, i8 %tmp_s)

]]></node>
<StgValue><ssdm name="tmp_16"/></StgValue>
</operation>

<operation id="22" st_id="1" stage="1" lat="1">
<core>NULL</core>
<MemPortIdVec></MemPortIdVec>
<condition id="0">
<or_exp><and_exp></and_exp></or_exp>
</condition>

<node id="22" bw="32" op_0_bw="32" op_1_bw="32" op_2_bw="24" op_3_bw="32" op_4_bw="32">
<![CDATA[
:20  %tmp_17 = call i32 @_ssdm_op_PartSet.i32.i32.i24.i32.i32(i32 %tmp_6, i24 %tmp_16, i32 8, i32 31)

]]></node>
<StgValue><ssdm name="tmp_17"/></StgValue>
</operation>

<operation id="23" st_id="1" stage="1" lat="1">
<core>NULL</core>
<MemPortIdVec></MemPortIdVec>
<condition id="0">
<or_exp><and_exp></and_exp></or_exp>
</condition>

<node id="23" bw="24" op_0_bw="24" op_1_bw="8" op_2_bw="8" op_3_bw="8">
<![CDATA[
:21  %tmp_18 = call i24 @_ssdm_op_BitConcatenate.i24.i8.i8.i8(i8 %tmp_12, i8 %tmp_2, i8 %tmp_3)

]]></node>
<StgValue><ssdm name="tmp_18"/></StgValue>
</operation>

<operation id="24" st_id="1" stage="1" lat="1">
<core>NULL</core>
<MemPortIdVec></MemPortIdVec>
<condition id="0">
<or_exp><and_exp></and_exp></or_exp>
</condition>

<node id="24" bw="32" op_0_bw="32" op_1_bw="32" op_2_bw="24" op_3_bw="32" op_4_bw="32">
<![CDATA[
:22  %tmp_19 = call i32 @_ssdm_op_PartSet.i32.i32.i24.i32.i32(i32 %tmp_7, i24 %tmp_18, i32 8, i32 31)

]]></node>
<StgValue><ssdm name="tmp_19"/></StgValue>
</operation>

<operation id="25" st_id="1" stage="1" lat="1">
<core>NULL</core>
<MemPortIdVec></MemPortIdVec>
<condition id="0">
<or_exp><and_exp></and_exp></or_exp>
</condition>

<node id="25" bw="24" op_0_bw="24" op_1_bw="8" op_2_bw="8" op_3_bw="8">
<![CDATA[
:23  %tmp_20 = call i24 @_ssdm_op_BitConcatenate.i24.i8.i8.i8(i8 %tmp_13, i8 %tmp_4, i8 %tmp_5)

]]></node>
<StgValue><ssdm name="tmp_20"/></StgValue>
</operation>

<operation id="26" st_id="1" stage="1" lat="1">
<core>NULL</core>
<MemPortIdVec></MemPortIdVec>
<condition id="0">
<or_exp><and_exp></and_exp></or_exp>
</condition>

<node id="26" bw="32" op_0_bw="32" op_1_bw="32" op_2_bw="24" op_3_bw="32" op_4_bw="32">
<![CDATA[
:24  %tmp_21 = call i32 @_ssdm_op_PartSet.i32.i32.i24.i32.i32(i32 %tmp_8, i24 %tmp_20, i32 8, i32 31)

]]></node>
<StgValue><ssdm name="tmp_21"/></StgValue>
</operation>

<operation id="27" st_id="1" stage="1" lat="1">
<core>NULL</core>
<MemPortIdVec></MemPortIdVec>
<condition id="0">
<or_exp><and_exp></and_exp></or_exp>
</condition>

<node id="27" bw="128" op_0_bw="128" op_1_bw="32" op_2_bw="32" op_3_bw="32" op_4_bw="32">
<![CDATA[
:25  %tmp_22 = call i128 @_ssdm_op_BitConcatenate.i128.i32.i32.i32.i32(i32 %tmp_21, i32 %tmp_19, i32 %tmp_17, i32 %tmp_15)

]]></node>
<StgValue><ssdm name="tmp_22"/></StgValue>
</operation>

<operation id="28" st_id="1" stage="1" lat="1">
<core>NULL</core>
<MemPortIdVec></MemPortIdVec>
<condition id="0">
<or_exp><and_exp></and_exp></or_exp>
</condition>

<node id="28" bw="0" op_0_bw="128" op_1_bw="128">
<![CDATA[
:26  store i128 %tmp_22, i128* @cipher_state, align 8

]]></node>
<StgValue><ssdm name=""/></StgValue>
</operation>

<operation id="29" st_id="1" stage="1" lat="1">
<core>NULL</core>
<MemPortIdVec></MemPortIdVec>
<condition id="0">
<or_exp><and_exp></and_exp></or_exp>
</condition>

<node id="29" bw="0">
<![CDATA[
:27  ret void

]]></node>
<StgValue><ssdm name=""/></StgValue>
</operation>
</state>
</state_list>


<ports>
<port id="30" name="cipher_state" dir="2" iftype="0">
<core>NULL</core><StgValue><ssdm name="cipher_state"/></StgValue>
</port>
</ports>


<dataflows>
<dataflow id="31" from="cipher_state" to="cipher_state_load" fromId="30" toId="2">
</dataflow>
<dataflow id="33" from="_ssdm_op_PartSelect.i8.i128.i32.i32" to="tmp" fromId="32" toId="3">
</dataflow>
<dataflow id="34" from="cipher_state_load" to="tmp" fromId="2" toId="3">
</dataflow>
<dataflow id="36" from="stg_35" to="tmp" fromId="35" toId="3">
</dataflow>
<dataflow id="38" from="stg_37" to="tmp" fromId="37" toId="3">
</dataflow>
<dataflow id="39" from="_ssdm_op_PartSelect.i8.i128.i32.i32" to="tmp_s" fromId="32" toId="4">
</dataflow>
<dataflow id="40" from="cipher_state_load" to="tmp_s" fromId="2" toId="4">
</dataflow>
<dataflow id="42" from="stg_41" to="tmp_s" fromId="41" toId="4">
</dataflow>
<dataflow id="44" from="stg_43" to="tmp_s" fromId="43" toId="4">
</dataflow>
<dataflow id="45" from="_ssdm_op_PartSelect.i8.i128.i32.i32" to="tmp_3" fromId="32" toId="5">
</dataflow>
<dataflow id="46" from="cipher_state_load" to="tmp_3" fromId="2" toId="5">
</dataflow>
<dataflow id="48" from="stg_47" to="tmp_3" fromId="47" toId="5">
</dataflow>
<dataflow id="50" from="stg_49" to="tmp_3" fromId="49" toId="5">
</dataflow>
<dataflow id="51" from="cipher_state_load" to="tmp_82" fromId="2" toId="6">
</dataflow>
<dataflow id="52" from="_ssdm_op_PartSelect.i8.i128.i32.i32" to="tmp_5" fromId="32" toId="7">
</dataflow>
<dataflow id="53" from="cipher_state_load" to="tmp_5" fromId="2" toId="7">
</dataflow>
<dataflow id="55" from="stg_54" to="tmp_5" fromId="54" toId="7">
</dataflow>
<dataflow id="57" from="stg_56" to="tmp_5" fromId="56" toId="7">
</dataflow>
<dataflow id="59" from="_ssdm_op_PartSelect.i32.i128.i32.i32" to="tmp_6" fromId="58" toId="8">
</dataflow>
<dataflow id="60" from="cipher_state_load" to="tmp_6" fromId="2" toId="8">
</dataflow>
<dataflow id="62" from="stg_61" to="tmp_6" fromId="61" toId="8">
</dataflow>
<dataflow id="64" from="stg_63" to="tmp_6" fromId="63" toId="8">
</dataflow>
<dataflow id="65" from="_ssdm_op_PartSelect.i32.i128.i32.i32" to="tmp_7" fromId="58" toId="9">
</dataflow>
<dataflow id="66" from="cipher_state_load" to="tmp_7" fromId="2" toId="9">
</dataflow>
<dataflow id="68" from="stg_67" to="tmp_7" fromId="67" toId="9">
</dataflow>
<dataflow id="70" from="stg_69" to="tmp_7" fromId="69" toId="9">
</dataflow>
<dataflow id="71" from="_ssdm_op_PartSelect.i32.i128.i32.i32" to="tmp_8" fromId="58" toId="10">
</dataflow>
<dataflow id="72" from="cipher_state_load" to="tmp_8" fromId="2" toId="10">
</dataflow>
<dataflow id="74" from="stg_73" to="tmp_8" fromId="73" toId="10">
</dataflow>
<dataflow id="76" from="stg_75" to="tmp_8" fromId="75" toId="10">
</dataflow>
<dataflow id="77" from="_ssdm_op_PartSelect.i8.i128.i32.i32" to="tmp_9" fromId="32" toId="11">
</dataflow>
<dataflow id="78" from="cipher_state_load" to="tmp_9" fromId="2" toId="11">
</dataflow>
<dataflow id="80" from="stg_79" to="tmp_9" fromId="79" toId="11">
</dataflow>
<dataflow id="82" from="stg_81" to="tmp_9" fromId="81" toId="11">
</dataflow>
<dataflow id="83" from="_ssdm_op_PartSelect.i8.i128.i32.i32" to="tmp_1" fromId="32" toId="12">
</dataflow>
<dataflow id="84" from="cipher_state_load" to="tmp_1" fromId="2" toId="12">
</dataflow>
<dataflow id="86" from="stg_85" to="tmp_1" fromId="85" toId="12">
</dataflow>
<dataflow id="88" from="stg_87" to="tmp_1" fromId="87" toId="12">
</dataflow>
<dataflow id="89" from="_ssdm_op_PartSelect.i8.i128.i32.i32" to="tmp_2" fromId="32" toId="13">
</dataflow>
<dataflow id="90" from="cipher_state_load" to="tmp_2" fromId="2" toId="13">
</dataflow>
<dataflow id="92" from="stg_91" to="tmp_2" fromId="91" toId="13">
</dataflow>
<dataflow id="94" from="stg_93" to="tmp_2" fromId="93" toId="13">
</dataflow>
<dataflow id="95" from="_ssdm_op_PartSelect.i8.i128.i32.i32" to="tmp_4" fromId="32" toId="14">
</dataflow>
<dataflow id="96" from="cipher_state_load" to="tmp_4" fromId="2" toId="14">
</dataflow>
<dataflow id="98" from="stg_97" to="tmp_4" fromId="97" toId="14">
</dataflow>
<dataflow id="100" from="stg_99" to="tmp_4" fromId="99" toId="14">
</dataflow>
<dataflow id="101" from="_ssdm_op_PartSelect.i8.i128.i32.i32" to="tmp_10" fromId="32" toId="15">
</dataflow>
<dataflow id="102" from="cipher_state_load" to="tmp_10" fromId="2" toId="15">
</dataflow>
<dataflow id="104" from="stg_103" to="tmp_10" fromId="103" toId="15">
</dataflow>
<dataflow id="105" from="stg_75" to="tmp_10" fromId="75" toId="15">
</dataflow>
<dataflow id="106" from="_ssdm_op_PartSelect.i8.i128.i32.i32" to="tmp_11" fromId="32" toId="16">
</dataflow>
<dataflow id="107" from="cipher_state_load" to="tmp_11" fromId="2" toId="16">
</dataflow>
<dataflow id="109" from="stg_108" to="tmp_11" fromId="108" toId="16">
</dataflow>
<dataflow id="111" from="stg_110" to="tmp_11" fromId="110" toId="16">
</dataflow>
<dataflow id="112" from="_ssdm_op_PartSelect.i8.i128.i32.i32" to="tmp_12" fromId="32" toId="17">
</dataflow>
<dataflow id="113" from="cipher_state_load" to="tmp_12" fromId="2" toId="17">
</dataflow>
<dataflow id="115" from="stg_114" to="tmp_12" fromId="114" toId="17">
</dataflow>
<dataflow id="116" from="stg_63" to="tmp_12" fromId="63" toId="17">
</dataflow>
<dataflow id="117" from="_ssdm_op_PartSelect.i8.i128.i32.i32" to="tmp_13" fromId="32" toId="18">
</dataflow>
<dataflow id="118" from="cipher_state_load" to="tmp_13" fromId="2" toId="18">
</dataflow>
<dataflow id="120" from="stg_119" to="tmp_13" fromId="119" toId="18">
</dataflow>
<dataflow id="121" from="stg_69" to="tmp_13" fromId="69" toId="18">
</dataflow>
<dataflow id="123" from="_ssdm_op_BitConcatenate.i24.i8.i8.i8" to="tmp_14" fromId="122" toId="19">
</dataflow>
<dataflow id="124" from="tmp_10" to="tmp_14" fromId="15" toId="19">
</dataflow>
<dataflow id="125" from="tmp_9" to="tmp_14" fromId="11" toId="19">
</dataflow>
<dataflow id="126" from="tmp" to="tmp_14" fromId="3" toId="19">
</dataflow>
<dataflow id="128" from="_ssdm_op_PartSet.i32.i32.i24.i32.i32" to="tmp_15" fromId="127" toId="20">
</dataflow>
<dataflow id="129" from="tmp_82" to="tmp_15" fromId="6" toId="20">
</dataflow>
<dataflow id="130" from="tmp_14" to="tmp_15" fromId="19" toId="20">
</dataflow>
<dataflow id="131" from="stg_54" to="tmp_15" fromId="54" toId="20">
</dataflow>
<dataflow id="132" from="stg_110" to="tmp_15" fromId="110" toId="20">
</dataflow>
<dataflow id="133" from="_ssdm_op_BitConcatenate.i24.i8.i8.i8" to="tmp_16" fromId="122" toId="21">
</dataflow>
<dataflow id="134" from="tmp_11" to="tmp_16" fromId="16" toId="21">
</dataflow>
<dataflow id="135" from="tmp_1" to="tmp_16" fromId="12" toId="21">
</dataflow>
<dataflow id="136" from="tmp_s" to="tmp_16" fromId="4" toId="21">
</dataflow>
<dataflow id="137" from="_ssdm_op_PartSet.i32.i32.i24.i32.i32" to="tmp_17" fromId="127" toId="22">
</dataflow>
<dataflow id="138" from="tmp_6" to="tmp_17" fromId="8" toId="22">
</dataflow>
<dataflow id="139" from="tmp_16" to="tmp_17" fromId="21" toId="22">
</dataflow>
<dataflow id="140" from="stg_54" to="tmp_17" fromId="54" toId="22">
</dataflow>
<dataflow id="141" from="stg_110" to="tmp_17" fromId="110" toId="22">
</dataflow>
<dataflow id="142" from="_ssdm_op_BitConcatenate.i24.i8.i8.i8" to="tmp_18" fromId="122" toId="23">
</dataflow>
<dataflow id="143" from="tmp_12" to="tmp_18" fromId="17" toId="23">
</dataflow>
<dataflow id="144" from="tmp_2" to="tmp_18" fromId="13" toId="23">
</dataflow>
<dataflow id="145" from="tmp_3" to="tmp_18" fromId="5" toId="23">
</dataflow>
<dataflow id="146" from="_ssdm_op_PartSet.i32.i32.i24.i32.i32" to="tmp_19" fromId="127" toId="24">
</dataflow>
<dataflow id="147" from="tmp_7" to="tmp_19" fromId="9" toId="24">
</dataflow>
<dataflow id="148" from="tmp_18" to="tmp_19" fromId="23" toId="24">
</dataflow>
<dataflow id="149" from="stg_54" to="tmp_19" fromId="54" toId="24">
</dataflow>
<dataflow id="150" from="stg_110" to="tmp_19" fromId="110" toId="24">
</dataflow>
<dataflow id="151" from="_ssdm_op_BitConcatenate.i24.i8.i8.i8" to="tmp_20" fromId="122" toId="25">
</dataflow>
<dataflow id="152" from="tmp_13" to="tmp_20" fromId="18" toId="25">
</dataflow>
<dataflow id="153" from="tmp_4" to="tmp_20" fromId="14" toId="25">
</dataflow>
<dataflow id="154" from="tmp_5" to="tmp_20" fromId="7" toId="25">
</dataflow>
<dataflow id="155" from="_ssdm_op_PartSet.i32.i32.i24.i32.i32" to="tmp_21" fromId="127" toId="26">
</dataflow>
<dataflow id="156" from="tmp_8" to="tmp_21" fromId="10" toId="26">
</dataflow>
<dataflow id="157" from="tmp_20" to="tmp_21" fromId="25" toId="26">
</dataflow>
<dataflow id="158" from="stg_54" to="tmp_21" fromId="54" toId="26">
</dataflow>
<dataflow id="159" from="stg_110" to="tmp_21" fromId="110" toId="26">
</dataflow>
<dataflow id="161" from="_ssdm_op_BitConcatenate.i128.i32.i32.i32.i32" to="tmp_22" fromId="160" toId="27">
</dataflow>
<dataflow id="162" from="tmp_21" to="tmp_22" fromId="26" toId="27">
</dataflow>
<dataflow id="163" from="tmp_19" to="tmp_22" fromId="24" toId="27">
</dataflow>
<dataflow id="164" from="tmp_17" to="tmp_22" fromId="22" toId="27">
</dataflow>
<dataflow id="165" from="tmp_15" to="tmp_22" fromId="20" toId="27">
</dataflow>
<dataflow id="166" from="tmp_22" to="stg_28" fromId="27" toId="28">
</dataflow>
<dataflow id="167" from="cipher_state" to="stg_28" fromId="30" toId="28">
</dataflow>
</dataflows>


</stg>
