<profile>

<RTLDesignHierarchy>
<TopModule>
<ModuleName>Cipher</ModuleName>
<InstancesList>
<Instance>
<InstName>grp_Cipher_MixColumns_fu_72</InstName>
<ModuleName>Cipher_MixColumns</ModuleName>
<ID>72</ID>
<InstancesList>
<Instance>
<InstName>grp_Cipher_Multiplication_fu_66</InstName>
<ModuleName>Cipher_Multiplication</ModuleName>
<ID>66</ID>
</Instance>
<Instance>
<InstName>grp_Cipher_Multiplication_fu_73</InstName>
<ModuleName>Cipher_Multiplication</ModuleName>
<ID>73</ID>
</Instance>
<Instance>
<InstName>grp_Cipher_Multiplication_fu_80</InstName>
<ModuleName>Cipher_Multiplication</ModuleName>
<ID>80</ID>
</Instance>
<Instance>
<InstName>grp_Cipher_Multiplication_fu_87</InstName>
<ModuleName>Cipher_Multiplication</ModuleName>
<ID>87</ID>
</Instance>
<Instance>
<InstName>grp_Cipher_Multiplication_fu_94</InstName>
<ModuleName>Cipher_Multiplication</ModuleName>
<ID>94</ID>
</Instance>
<Instance>
<InstName>grp_Cipher_Multiplication_fu_101</InstName>
<ModuleName>Cipher_Multiplication</ModuleName>
<ID>101</ID>
</Instance>
<Instance>
<InstName>grp_Cipher_Multiplication_fu_108</InstName>
<ModuleName>Cipher_Multiplication</ModuleName>
<ID>108</ID>
</Instance>
<Instance>
<InstName>grp_Cipher_Multiplication_fu_115</InstName>
<ModuleName>Cipher_Multiplication</ModuleName>
<ID>115</ID>
</Instance>
<Instance>
<InstName>grp_Cipher_Multiplication_fu_122</InstName>
<ModuleName>Cipher_Multiplication</ModuleName>
<ID>122</ID>
</Instance>
<Instance>
<InstName>grp_Cipher_Multiplication_fu_129</InstName>
<ModuleName>Cipher_Multiplication</ModuleName>
<ID>129</ID>
</Instance>
<Instance>
<InstName>grp_Cipher_Multiplication_fu_136</InstName>
<ModuleName>Cipher_Multiplication</ModuleName>
<ID>136</ID>
</Instance>
<Instance>
<InstName>grp_Cipher_Multiplication_fu_143</InstName>
<ModuleName>Cipher_Multiplication</ModuleName>
<ID>143</ID>
</Instance>
</InstancesList>
</Instance>
<Instance>
<InstName>grp_Cipher_AddRoundKey_fu_78</InstName>
<ModuleName>Cipher_AddRoundKey</ModuleName>
<ID>78</ID>
</Instance>
<Instance>
<InstName>grp_Cipher_SubBytes_fu_98</InstName>
<ModuleName>Cipher_SubBytes</ModuleName>
<ID>98</ID>
</Instance>
<Instance>
<InstName>grp_Cipher_ShiftRows_fu_106</InstName>
<ModuleName>Cipher_ShiftRows</ModuleName>
<ID>106</ID>
</Instance>
</InstancesList>
</TopModule>
</RTLDesignHierarchy>

<ModuleInformation>
<Module>
<Name>Cipher_AddRoundKey</Name>
<PerformanceEstimates>
<SummaryOfTimingAnalysis>
<TargetClockPeriod>1000000.00</TargetClockPeriod>
<ClockUncertainty>125000.00</ClockUncertainty>
<EstimatedClockPeriod>65561.37</EstimatedClockPeriod>
</SummaryOfTimingAnalysis>
<SummaryOfOverallLatency>
<Best-caseLatency>41</Best-caseLatency>
<Average-caseLatency>41</Average-caseLatency>
<Worst-caseLatency>41</Worst-caseLatency>
<PipelineInitiationInterval>41</PipelineInitiationInterval>
<PipelineType>none</PipelineType>
</SummaryOfOverallLatency>
<SummaryOfLoopLatency>
<Loop1>
<Name>Loop 1</Name>
<TripCount>4</TripCount>
<Latency>40</Latency>
<IterationLatency>10</IterationLatency>
<PipelineDepth>10</PipelineDepth>
<Loop1.1>
<Name>Loop 1.1</Name>
<TripCount>4</TripCount>
<Latency>8</Latency>
<IterationLatency>2</IterationLatency>
<PipelineDepth>2</PipelineDepth>
</Loop1.1>
</Loop1>
</SummaryOfLoopLatency>
</PerformanceEstimates>
<AreaEstimates>
<Resources>
<FF>29</FF>
<LUT>3828</LUT>
<BRAM_18K>0</BRAM_18K>
<DSP48E>0</DSP48E>
</Resources>
</AreaEstimates>
<InterfaceSummary>
<RtlPorts>
<name>ap_clk</name>
<Object>Cipher_AddRoundKey</Object>
<Type>return value</Type>
<Scope></Scope>
<IOProtocol>ap_ctrl_hs</IOProtocol>
<IOConfig></IOConfig>
<Dir>in</Dir>
<Bits>1</Bits>
<Attribute>control</Attribute>
</RtlPorts>
<RtlPorts>
<name>ap_rst</name>
<Object>Cipher_AddRoundKey</Object>
<Type>return value</Type>
<Scope></Scope>
<IOProtocol>ap_ctrl_hs</IOProtocol>
<IOConfig></IOConfig>
<Dir>in</Dir>
<Bits>1</Bits>
<Attribute>control</Attribute>
</RtlPorts>
<RtlPorts>
<name>ap_start</name>
<Object>Cipher_AddRoundKey</Object>
<Type>return value</Type>
<Scope></Scope>
<IOProtocol>ap_ctrl_hs</IOProtocol>
<IOConfig></IOConfig>
<Dir>in</Dir>
<Bits>1</Bits>
<Attribute>control</Attribute>
</RtlPorts>
<RtlPorts>
<name>ap_done</name>
<Object>Cipher_AddRoundKey</Object>
<Type>return value</Type>
<Scope></Scope>
<IOProtocol>ap_ctrl_hs</IOProtocol>
<IOConfig></IOConfig>
<Dir>out</Dir>
<Bits>1</Bits>
<Attribute>control</Attribute>
</RtlPorts>
<RtlPorts>
<name>ap_idle</name>
<Object>Cipher_AddRoundKey</Object>
<Type>return value</Type>
<Scope></Scope>
<IOProtocol>ap_ctrl_hs</IOProtocol>
<IOConfig></IOConfig>
<Dir>out</Dir>
<Bits>1</Bits>
<Attribute>control</Attribute>
</RtlPorts>
<RtlPorts>
<name>ap_ready</name>
<Object>Cipher_AddRoundKey</Object>
<Type>return value</Type>
<Scope></Scope>
<IOProtocol>ap_ctrl_hs</IOProtocol>
<IOConfig></IOConfig>
<Dir>out</Dir>
<Bits>1</Bits>
<Attribute>control</Attribute>
</RtlPorts>
<RtlPorts>
<name>w_bias_address0</name>
<Object>w_bias</Object>
<Type>array</Type>
<Scope></Scope>
<IOProtocol>ap_memory</IOProtocol>
<IOConfig></IOConfig>
<Dir>out</Dir>
<Bits>4</Bits>
<Attribute>address</Attribute>
</RtlPorts>
<RtlPorts>
<name>w_bias_ce0</name>
<Object>w_bias</Object>
<Type>array</Type>
<Scope></Scope>
<IOProtocol>ap_memory</IOProtocol>
<IOConfig></IOConfig>
<Dir>out</Dir>
<Bits>1</Bits>
<Attribute>control</Attribute>
</RtlPorts>
<RtlPorts>
<name>w_bias_q0</name>
<Object>w_bias</Object>
<Type>array</Type>
<Scope></Scope>
<IOProtocol>ap_memory</IOProtocol>
<IOConfig></IOConfig>
<Dir>in</Dir>
<Bits>128</Bits>
<Attribute>data</Attribute>
</RtlPorts>
<RtlPorts>
<name>w_bias_offset</name>
<Object>w_bias_offset</Object>
<Type>scalar</Type>
<Scope></Scope>
<IOProtocol>ap_none</IOProtocol>
<IOConfig></IOConfig>
<Dir>in</Dir>
<Bits>5</Bits>
<Attribute>data</Attribute>
</RtlPorts>
<RtlPorts>
<name>cipher_state_i</name>
<Object>cipher_state</Object>
<Type>pointer</Type>
<Scope>global</Scope>
<IOProtocol>ap_ovld</IOProtocol>
<IOConfig></IOConfig>
<Dir>in</Dir>
<Bits>128</Bits>
<Attribute>data</Attribute>
</RtlPorts>
<RtlPorts>
<name>cipher_state_o</name>
<Object>cipher_state</Object>
<Type>pointer</Type>
<Scope>global</Scope>
<IOProtocol>ap_ovld</IOProtocol>
<IOConfig></IOConfig>
<Dir>out</Dir>
<Bits>128</Bits>
<Attribute>data</Attribute>
</RtlPorts>
<RtlPorts>
<name>cipher_state_o_ap_vld</name>
<Object>cipher_state</Object>
<Type>pointer</Type>
<Scope>global</Scope>
<IOProtocol>ap_ovld</IOProtocol>
<IOConfig></IOConfig>
<Dir>out</Dir>
<Bits>1</Bits>
<Attribute>control</Attribute>
</RtlPorts>
</InterfaceSummary>
</Module>
<Module>
<Name>Cipher_SubBytes</Name>
<PerformanceEstimates>
<SummaryOfTimingAnalysis>
<TargetClockPeriod>1000000.00</TargetClockPeriod>
<ClockUncertainty>125000.00</ClockUncertainty>
<EstimatedClockPeriod>65552.04</EstimatedClockPeriod>
</SummaryOfTimingAnalysis>
<SummaryOfOverallLatency>
<Best-caseLatency>41</Best-caseLatency>
<Average-caseLatency>41</Average-caseLatency>
<Worst-caseLatency>41</Worst-caseLatency>
<PipelineInitiationInterval>41</PipelineInitiationInterval>
<PipelineType>none</PipelineType>
</SummaryOfOverallLatency>
<SummaryOfLoopLatency>
<Loop1>
<Name>Loop 1</Name>
<TripCount>4</TripCount>
<Latency>40</Latency>
<IterationLatency>10</IterationLatency>
<PipelineDepth>10</PipelineDepth>
<Loop1.1>
<Name>Loop 1.1</Name>
<TripCount>4</TripCount>
<Latency>8</Latency>
<IterationLatency>2</IterationLatency>
<PipelineDepth>2</PipelineDepth>
</Loop1.1>
</Loop1>
</SummaryOfLoopLatency>
</PerformanceEstimates>
<AreaEstimates>
<Resources>
<BRAM_18K>1</BRAM_18K>
<FF>56</FF>
<LUT>3045</LUT>
<DSP48E>0</DSP48E>
</Resources>
</AreaEstimates>
<InterfaceSummary>
<RtlPorts>
<name>ap_clk</name>
<Object>Cipher_SubBytes</Object>
<Type>return value</Type>
<Scope></Scope>
<IOProtocol>ap_ctrl_hs</IOProtocol>
<IOConfig></IOConfig>
<Dir>in</Dir>
<Bits>1</Bits>
<Attribute>control</Attribute>
</RtlPorts>
<RtlPorts>
<name>ap_rst</name>
<Object>Cipher_SubBytes</Object>
<Type>return value</Type>
<Scope></Scope>
<IOProtocol>ap_ctrl_hs</IOProtocol>
<IOConfig></IOConfig>
<Dir>in</Dir>
<Bits>1</Bits>
<Attribute>control</Attribute>
</RtlPorts>
<RtlPorts>
<name>ap_start</name>
<Object>Cipher_SubBytes</Object>
<Type>return value</Type>
<Scope></Scope>
<IOProtocol>ap_ctrl_hs</IOProtocol>
<IOConfig></IOConfig>
<Dir>in</Dir>
<Bits>1</Bits>
<Attribute>control</Attribute>
</RtlPorts>
<RtlPorts>
<name>ap_done</name>
<Object>Cipher_SubBytes</Object>
<Type>return value</Type>
<Scope></Scope>
<IOProtocol>ap_ctrl_hs</IOProtocol>
<IOConfig></IOConfig>
<Dir>out</Dir>
<Bits>1</Bits>
<Attribute>control</Attribute>
</RtlPorts>
<RtlPorts>
<name>ap_idle</name>
<Object>Cipher_SubBytes</Object>
<Type>return value</Type>
<Scope></Scope>
<IOProtocol>ap_ctrl_hs</IOProtocol>
<IOConfig></IOConfig>
<Dir>out</Dir>
<Bits>1</Bits>
<Attribute>control</Attribute>
</RtlPorts>
<RtlPorts>
<name>ap_ready</name>
<Object>Cipher_SubBytes</Object>
<Type>return value</Type>
<Scope></Scope>
<IOProtocol>ap_ctrl_hs</IOProtocol>
<IOConfig></IOConfig>
<Dir>out</Dir>
<Bits>1</Bits>
<Attribute>control</Attribute>
</RtlPorts>
<RtlPorts>
<name>cipher_state_i</name>
<Object>cipher_state</Object>
<Type>pointer</Type>
<Scope>global</Scope>
<IOProtocol>ap_ovld</IOProtocol>
<IOConfig></IOConfig>
<Dir>in</Dir>
<Bits>128</Bits>
<Attribute>data</Attribute>
</RtlPorts>
<RtlPorts>
<name>cipher_state_o</name>
<Object>cipher_state</Object>
<Type>pointer</Type>
<Scope>global</Scope>
<IOProtocol>ap_ovld</IOProtocol>
<IOConfig></IOConfig>
<Dir>out</Dir>
<Bits>128</Bits>
<Attribute>data</Attribute>
</RtlPorts>
<RtlPorts>
<name>cipher_state_o_ap_vld</name>
<Object>cipher_state</Object>
<Type>pointer</Type>
<Scope>global</Scope>
<IOProtocol>ap_ovld</IOProtocol>
<IOConfig></IOConfig>
<Dir>out</Dir>
<Bits>1</Bits>
<Attribute>control</Attribute>
</RtlPorts>
</InterfaceSummary>
</Module>
<Module>
<Name>Cipher_ShiftRows</Name>
<PerformanceEstimates>
<SummaryOfTimingAnalysis>
<TargetClockPeriod>1000000.00</TargetClockPeriod>
<ClockUncertainty>125000.00</ClockUncertainty>
<EstimatedClockPeriod>0.00</EstimatedClockPeriod>
</SummaryOfTimingAnalysis>
<SummaryOfOverallLatency>
<Best-caseLatency>0</Best-caseLatency>
<Average-caseLatency>0</Average-caseLatency>
<Worst-caseLatency>0</Worst-caseLatency>
<PipelineInitiationInterval>0</PipelineInitiationInterval>
<PipelineType>none</PipelineType>
</SummaryOfOverallLatency>
</PerformanceEstimates>
<AreaEstimates>
<Resources>
<LUT>128</LUT>
<BRAM_18K>0</BRAM_18K>
<DSP48E>0</DSP48E>
<FF>0</FF>
</Resources>
</AreaEstimates>
<InterfaceSummary>
<RtlPorts>
<name>cipher_state_i</name>
<Object>cipher_state</Object>
<Type>pointer</Type>
<Scope>global</Scope>
<IOProtocol>ap_ovld</IOProtocol>
<IOConfig></IOConfig>
<Dir>in</Dir>
<Bits>128</Bits>
<Attribute>data</Attribute>
</RtlPorts>
<RtlPorts>
<name>cipher_state_o</name>
<Object>cipher_state</Object>
<Type>pointer</Type>
<Scope>global</Scope>
<IOProtocol>ap_ovld</IOProtocol>
<IOConfig></IOConfig>
<Dir>out</Dir>
<Bits>128</Bits>
<Attribute>data</Attribute>
</RtlPorts>
<RtlPorts>
<name>cipher_state_o_ap_vld</name>
<Object>cipher_state</Object>
<Type>pointer</Type>
<Scope>global</Scope>
<IOProtocol>ap_ovld</IOProtocol>
<IOConfig></IOConfig>
<Dir>out</Dir>
<Bits>1</Bits>
<Attribute>control</Attribute>
</RtlPorts>
</InterfaceSummary>
</Module>
<Module>
<Name>Cipher_Multiplication</Name>
<PerformanceEstimates>
<SummaryOfTimingAnalysis>
<TargetClockPeriod>1000000.00</TargetClockPeriod>
<ClockUncertainty>125000.00</ClockUncertainty>
<EstimatedClockPeriod>65540.47</EstimatedClockPeriod>
</SummaryOfTimingAnalysis>
<SummaryOfOverallLatency>
<Best-caseLatency>9</Best-caseLatency>
<Average-caseLatency>9</Average-caseLatency>
<Worst-caseLatency>9</Worst-caseLatency>
<PipelineInitiationInterval>9</PipelineInitiationInterval>
<PipelineType>none</PipelineType>
</SummaryOfOverallLatency>
<SummaryOfLoopLatency>
<Loop1>
<Name>Loop 1</Name>
<TripCount>8</TripCount>
<Latency>8</Latency>
<IterationLatency>1</IterationLatency>
<PipelineDepth>1</PipelineDepth>
</Loop1>
</SummaryOfLoopLatency>
</PerformanceEstimates>
<AreaEstimates>
<Resources>
<FF>32</FF>
<LUT>72</LUT>
<BRAM_18K>0</BRAM_18K>
<DSP48E>0</DSP48E>
</Resources>
</AreaEstimates>
<InterfaceSummary>
<RtlPorts>
<name>ap_clk</name>
<Object>Cipher_Multiplication</Object>
<Type>return value</Type>
<Scope></Scope>
<IOProtocol>ap_ctrl_hs</IOProtocol>
<IOConfig></IOConfig>
<Dir>in</Dir>
<Bits>1</Bits>
<Attribute>control</Attribute>
</RtlPorts>
<RtlPorts>
<name>ap_rst</name>
<Object>Cipher_Multiplication</Object>
<Type>return value</Type>
<Scope></Scope>
<IOProtocol>ap_ctrl_hs</IOProtocol>
<IOConfig></IOConfig>
<Dir>in</Dir>
<Bits>1</Bits>
<Attribute>control</Attribute>
</RtlPorts>
<RtlPorts>
<name>ap_start</name>
<Object>Cipher_Multiplication</Object>
<Type>return value</Type>
<Scope></Scope>
<IOProtocol>ap_ctrl_hs</IOProtocol>
<IOConfig></IOConfig>
<Dir>in</Dir>
<Bits>1</Bits>
<Attribute>control</Attribute>
</RtlPorts>
<RtlPorts>
<name>ap_done</name>
<Object>Cipher_Multiplication</Object>
<Type>return value</Type>
<Scope></Scope>
<IOProtocol>ap_ctrl_hs</IOProtocol>
<IOConfig></IOConfig>
<Dir>out</Dir>
<Bits>1</Bits>
<Attribute>control</Attribute>
</RtlPorts>
<RtlPorts>
<name>ap_idle</name>
<Object>Cipher_Multiplication</Object>
<Type>return value</Type>
<Scope></Scope>
<IOProtocol>ap_ctrl_hs</IOProtocol>
<IOConfig></IOConfig>
<Dir>out</Dir>
<Bits>1</Bits>
<Attribute>control</Attribute>
</RtlPorts>
<RtlPorts>
<name>ap_ready</name>
<Object>Cipher_Multiplication</Object>
<Type>return value</Type>
<Scope></Scope>
<IOProtocol>ap_ctrl_hs</IOProtocol>
<IOConfig></IOConfig>
<Dir>out</Dir>
<Bits>1</Bits>
<Attribute>control</Attribute>
</RtlPorts>
<RtlPorts>
<name>ap_return</name>
<Object>Cipher_Multiplication</Object>
<Type>return value</Type>
<Scope></Scope>
<IOProtocol>ap_ctrl_hs</IOProtocol>
<IOConfig></IOConfig>
<Dir>out</Dir>
<Bits>8</Bits>
<Attribute>data</Attribute>
</RtlPorts>
<RtlPorts>
<name>A</name>
<Object>A</Object>
<Type>scalar</Type>
<Scope></Scope>
<IOProtocol>ap_none</IOProtocol>
<IOConfig></IOConfig>
<Dir>in</Dir>
<Bits>4</Bits>
<Attribute>data</Attribute>
</RtlPorts>
<RtlPorts>
<name>B</name>
<Object>B</Object>
<Type>scalar</Type>
<Scope></Scope>
<IOProtocol>ap_none</IOProtocol>
<IOConfig></IOConfig>
<Dir>in</Dir>
<Bits>8</Bits>
<Attribute>data</Attribute>
</RtlPorts>
</InterfaceSummary>
</Module>
<Module>
<Name>Cipher_MixColumns</Name>
<PerformanceEstimates>
<SummaryOfTimingAnalysis>
<TargetClockPeriod>1000000.00</TargetClockPeriod>
<ClockUncertainty>125000.00</ClockUncertainty>
<EstimatedClockPeriod>65585.11</EstimatedClockPeriod>
</SummaryOfTimingAnalysis>
<SummaryOfOverallLatency>
<Best-caseLatency>45</Best-caseLatency>
<Average-caseLatency>45</Average-caseLatency>
<Worst-caseLatency>45</Worst-caseLatency>
<PipelineInitiationInterval>45</PipelineInitiationInterval>
<PipelineType>none</PipelineType>
</SummaryOfOverallLatency>
<SummaryOfLoopLatency>
<Loop1>
<Name>Loop 1</Name>
<TripCount>4</TripCount>
<Latency>44</Latency>
<IterationLatency>11</IterationLatency>
<PipelineDepth>11</PipelineDepth>
</Loop1>
</SummaryOfLoopLatency>
</PerformanceEstimates>
<AreaEstimates>
<Resources>
<FF>473</FF>
<LUT>10276</LUT>
<BRAM_18K>0</BRAM_18K>
<DSP48E>0</DSP48E>
</Resources>
</AreaEstimates>
<InterfaceSummary>
<RtlPorts>
<name>ap_clk</name>
<Object>Cipher_MixColumns</Object>
<Type>return value</Type>
<Scope></Scope>
<IOProtocol>ap_ctrl_hs</IOProtocol>
<IOConfig></IOConfig>
<Dir>in</Dir>
<Bits>1</Bits>
<Attribute>control</Attribute>
</RtlPorts>
<RtlPorts>
<name>ap_rst</name>
<Object>Cipher_MixColumns</Object>
<Type>return value</Type>
<Scope></Scope>
<IOProtocol>ap_ctrl_hs</IOProtocol>
<IOConfig></IOConfig>
<Dir>in</Dir>
<Bits>1</Bits>
<Attribute>control</Attribute>
</RtlPorts>
<RtlPorts>
<name>ap_start</name>
<Object>Cipher_MixColumns</Object>
<Type>return value</Type>
<Scope></Scope>
<IOProtocol>ap_ctrl_hs</IOProtocol>
<IOConfig></IOConfig>
<Dir>in</Dir>
<Bits>1</Bits>
<Attribute>control</Attribute>
</RtlPorts>
<RtlPorts>
<name>ap_done</name>
<Object>Cipher_MixColumns</Object>
<Type>return value</Type>
<Scope></Scope>
<IOProtocol>ap_ctrl_hs</IOProtocol>
<IOConfig></IOConfig>
<Dir>out</Dir>
<Bits>1</Bits>
<Attribute>control</Attribute>
</RtlPorts>
<RtlPorts>
<name>ap_idle</name>
<Object>Cipher_MixColumns</Object>
<Type>return value</Type>
<Scope></Scope>
<IOProtocol>ap_ctrl_hs</IOProtocol>
<IOConfig></IOConfig>
<Dir>out</Dir>
<Bits>1</Bits>
<Attribute>control</Attribute>
</RtlPorts>
<RtlPorts>
<name>ap_ready</name>
<Object>Cipher_MixColumns</Object>
<Type>return value</Type>
<Scope></Scope>
<IOProtocol>ap_ctrl_hs</IOProtocol>
<IOConfig></IOConfig>
<Dir>out</Dir>
<Bits>1</Bits>
<Attribute>control</Attribute>
</RtlPorts>
<RtlPorts>
<name>cipher_state_i</name>
<Object>cipher_state</Object>
<Type>pointer</Type>
<Scope>global</Scope>
<IOProtocol>ap_ovld</IOProtocol>
<IOConfig></IOConfig>
<Dir>in</Dir>
<Bits>128</Bits>
<Attribute>data</Attribute>
</RtlPorts>
<RtlPorts>
<name>cipher_state_o</name>
<Object>cipher_state</Object>
<Type>pointer</Type>
<Scope>global</Scope>
<IOProtocol>ap_ovld</IOProtocol>
<IOConfig></IOConfig>
<Dir>out</Dir>
<Bits>128</Bits>
<Attribute>data</Attribute>
</RtlPorts>
<RtlPorts>
<name>cipher_state_o_ap_vld</name>
<Object>cipher_state</Object>
<Type>pointer</Type>
<Scope>global</Scope>
<IOProtocol>ap_ovld</IOProtocol>
<IOConfig></IOConfig>
<Dir>out</Dir>
<Bits>1</Bits>
<Attribute>control</Attribute>
</RtlPorts>
</InterfaceSummary>
</Module>
<Module>
<Name>Cipher</Name>
<PerformanceEstimates>
<SummaryOfTimingAnalysis>
<TargetClockPeriod>1000000.00</TargetClockPeriod>
<ClockUncertainty>125000.00</ClockUncertainty>
<EstimatedClockPeriod>65585.11</EstimatedClockPeriod>
</SummaryOfTimingAnalysis>
<SummaryOfOverallLatency>
<Best-caseLatency>1337</Best-caseLatency>
<Average-caseLatency>1337</Average-caseLatency>
<Worst-caseLatency>1337</Worst-caseLatency>
<PipelineInitiationInterval>1338</PipelineInitiationInterval>
<PipelineType>none</PipelineType>
</SummaryOfOverallLatency>
</PerformanceEstimates>
<AreaEstimates>
<Resources>
<BRAM_18K>1</BRAM_18K>
<FF>761</FF>
<LUT>17582</LUT>
<DSP48E>0</DSP48E>
</Resources>
</AreaEstimates>
<InterfaceSummary>
<RtlPorts>
<name>ap_clk</name>
<Object>Cipher</Object>
<Type>return value</Type>
<Scope></Scope>
<IOProtocol>ap_ctrl_hs</IOProtocol>
<IOConfig></IOConfig>
<Dir>in</Dir>
<Bits>1</Bits>
<Attribute>control</Attribute>
</RtlPorts>
<RtlPorts>
<name>ap_rst</name>
<Object>Cipher</Object>
<Type>return value</Type>
<Scope></Scope>
<IOProtocol>ap_ctrl_hs</IOProtocol>
<IOConfig></IOConfig>
<Dir>in</Dir>
<Bits>1</Bits>
<Attribute>control</Attribute>
</RtlPorts>
<RtlPorts>
<name>ap_start</name>
<Object>Cipher</Object>
<Type>return value</Type>
<Scope></Scope>
<IOProtocol>ap_ctrl_hs</IOProtocol>
<IOConfig></IOConfig>
<Dir>in</Dir>
<Bits>1</Bits>
<Attribute>control</Attribute>
</RtlPorts>
<RtlPorts>
<name>ap_done</name>
<Object>Cipher</Object>
<Type>return value</Type>
<Scope></Scope>
<IOProtocol>ap_ctrl_hs</IOProtocol>
<IOConfig></IOConfig>
<Dir>out</Dir>
<Bits>1</Bits>
<Attribute>control</Attribute>
</RtlPorts>
<RtlPorts>
<name>ap_idle</name>
<Object>Cipher</Object>
<Type>return value</Type>
<Scope></Scope>
<IOProtocol>ap_ctrl_hs</IOProtocol>
<IOConfig></IOConfig>
<Dir>out</Dir>
<Bits>1</Bits>
<Attribute>control</Attribute>
</RtlPorts>
<RtlPorts>
<name>ap_ready</name>
<Object>Cipher</Object>
<Type>return value</Type>
<Scope></Scope>
<IOProtocol>ap_ctrl_hs</IOProtocol>
<IOConfig></IOConfig>
<Dir>out</Dir>
<Bits>1</Bits>
<Attribute>control</Attribute>
</RtlPorts>
<RtlPorts>
<name>in_r</name>
<Object>in_r</Object>
<Type>pointer</Type>
<Scope></Scope>
<IOProtocol>ap_none</IOProtocol>
<IOConfig></IOConfig>
<Dir>in</Dir>
<Bits>128</Bits>
<Attribute>data</Attribute>
<CType>int</CType>
</RtlPorts>
<RtlPorts>
<name>out_r</name>
<Object>out_r</Object>
<Type>pointer</Type>
<Scope></Scope>
<IOProtocol>ap_vld</IOProtocol>
<IOConfig></IOConfig>
<Dir>out</Dir>
<Bits>128</Bits>
<Attribute>data</Attribute>
<CType>int</CType>
</RtlPorts>
<RtlPorts>
<name>out_r_ap_vld</name>
<Object>out_r</Object>
<Type>pointer</Type>
<Scope></Scope>
<IOProtocol>ap_vld</IOProtocol>
<IOConfig></IOConfig>
<Dir>out</Dir>
<Bits>1</Bits>
<Attribute>control</Attribute>
<CType>int</CType>
</RtlPorts>
<RtlPorts>
<name>w_address0</name>
<Object>w</Object>
<Type>array</Type>
<Scope></Scope>
<IOProtocol>ap_memory</IOProtocol>
<IOConfig></IOConfig>
<Dir>out</Dir>
<Bits>4</Bits>
<Attribute>address</Attribute>
<CType>int</CType>
</RtlPorts>
<RtlPorts>
<name>w_ce0</name>
<Object>w</Object>
<Type>array</Type>
<Scope></Scope>
<IOProtocol>ap_memory</IOProtocol>
<IOConfig></IOConfig>
<Dir>out</Dir>
<Bits>1</Bits>
<Attribute>control</Attribute>
<CType>int</CType>
</RtlPorts>
<RtlPorts>
<name>w_q0</name>
<Object>w</Object>
<Type>array</Type>
<Scope></Scope>
<IOProtocol>ap_memory</IOProtocol>
<IOConfig></IOConfig>
<Dir>in</Dir>
<Bits>128</Bits>
<Attribute>data</Attribute>
<CType>int</CType>
</RtlPorts>
</InterfaceSummary>
</Module>
</ModuleInformation>

</profile>
