<profile>

<section name = "Vivado HLS Report for 'Cipher_AddRoundKey'" level="0">
<item name = "Date">Fri Jan 20 19:38:18 2017
</item>
<item name = "Version">2015.1 (Build 1215546 on Mon Apr 27 19:24:50 PM 2015)</item>
<item name = "Project">HLS</item>
<item name = "Solution">solution1</item>
<item name = "Product family">zynq</item>
<item name = "Target device">xc7z020clg484-1</item>
</section>

<section name = "Performance Estimates" level="0">
<item name = "Timing (ns)">
<section name = "" level="1">
<item name = "Summary"><table name="" hasTotal="0">
<keys size="4">Clock, Target, Estimated, Uncertainty</keys>
<column name="default">1000000.00, 65561.37, 125000.00</column>
</table>
</item>
</section>
</item>
<item name = "Latency (clock cycles)">
<section name = "" level="1">
<item name = "Summary"><table name="" hasTotal="0">
<keys size="6">, min, max, min, max, Type</keys>
<column name="">41, 41, 41, 41, none</column>
</table>
</item>
<item name = "Detail">
<section name = "" level="1">
<item name = "Instance"><table name="" hasTotal="0">
<keys size="7">Instance, Module, min, max, min, max, Type</keys>
</table>
</item>
<item name = "Loop"><table name="" hasTotal="0">
<keys size="8">Loop Name, min, max, Latency, achieved, target, Count, Pipelined</keys>
<column name="- Loop 1">40, 40, 10, -, -, 4, no</column>
<column name=" + Loop 1.1">8, 8, 2, -, -, 4, no</column>
</table>
</item>
</section>
</item>
</section>
</item>
</section>

<section name = "Utilization Estimates" level="0">
<item name = "Summary"><table name="" hasTotal="1">
<keys size="5">Name, BRAM_18K, DSP48E, FF, LUT</keys>
<column name="Expression">-, -, 0, 3679</column>
<column name="FIFO">-, -, -, -</column>
<column name="Instance">-, -, 0, 14</column>
<column name="Memory">-, -, -, -</column>
<column name="Multiplexer">-, -, -, 135</column>
<column name="Register">-, -, 29, -</column>
<specialColumn name="Available">280, 220, 106400, 53200</specialColumn>
<specialColumn name="Utilization (%)">0, 0, ~0, 7</specialColumn>
</table>
</item>
<item name = "Detail">
<section name = "" level="1">
<item name = "Instance"><table name="" hasTotal="1">
<keys size="6">Instance, Module, BRAM_18K, DSP48E, FF, LUT</keys>
<column name="Cipher_lshr_128s_8ns_128_1_U0">Cipher_lshr_128s_8ns_128_1, 0, 0, 0, 2</column>
<column name="Cipher_lshr_128s_8ns_128_1_U2">Cipher_lshr_128s_8ns_128_1, 0, 0, 0, 2</column>
<column name="Cipher_lshr_128s_8ns_128_1_U6">Cipher_lshr_128s_8ns_128_1, 0, 0, 0, 2</column>
<column name="Cipher_lshr_32s_6ns_32_1_U1">Cipher_lshr_32s_6ns_32_1, 0, 0, 0, 2</column>
<column name="Cipher_lshr_32s_6ns_32_1_U4">Cipher_lshr_32s_6ns_32_1, 0, 0, 0, 2</column>
<column name="Cipher_shl_128s_8ns_128_1_U5">Cipher_shl_128s_8ns_128_1, 0, 0, 0, 2</column>
<column name="Cipher_shl_32s_6ns_32_1_U3">Cipher_shl_32s_6ns_32_1, 0, 0, 0, 2</column>
</table>
</item>
<item name = "Memory"><table name="" hasTotal="1">
<keys size="9">Memory, Module, BRAM_18K, FF, LUT, Words, Bits, Banks, W*Bits*Banks</keys>
</table>
</item>
<item name = "FIFO"><table name="" hasTotal="1">
<keys size="7">Name, BRAM_18K, FF, LUT, Depth, Bits, Size:D*B</keys>
</table>
</item>
<item name = "Expression"><table name="" hasTotal="1">
<keys size="7">Variable Name, Operation, DSP48E, FF, LUT, Bitwidth P0, Bitwidth P1</keys>
<column name="i_3_fu_119_p2">+, 0, 0, 3, 3, 1</column>
<column name="j_2_fu_149_p2">+, 0, 0, 3, 3, 1</column>
<column name="tmp_19_fu_383_p2">+, 0, 0, 4, 4, 4</column>
<column name="tmp_244_fu_200_p2">-, 0, 0, 8, 8, 8</column>
<column name="tmp_246_fu_212_p2">-, 0, 0, 8, 8, 8</column>
<column name="tmp_250_fu_242_p2">-, 0, 0, 8, 7, 8</column>
<column name="tmp_261_fu_298_p2">-, 0, 0, 6, 6, 6</column>
<column name="tmp_263_fu_310_p2">-, 0, 0, 6, 6, 6</column>
<column name="tmp_267_fu_340_p2">-, 0, 0, 6, 5, 6</column>
<column name="tmp_278_fu_426_p2">-, 0, 0, 8, 8, 8</column>
<column name="tmp_280_fu_438_p2">-, 0, 0, 8, 8, 8</column>
<column name="tmp_284_fu_468_p2">-, 0, 0, 8, 7, 8</column>
<column name="tmp_247_fu_218_p3">Select, 0, 0, 8, 1, 8</column>
<column name="tmp_248_fu_226_p3">Select, 0, 0, 128, 1, 128</column>
<column name="tmp_249_fu_234_p3">Select, 0, 0, 8, 1, 8</column>
<column name="tmp_264_fu_316_p3">Select, 0, 0, 6, 1, 6</column>
<column name="tmp_265_fu_324_p3">Select, 0, 0, 32, 1, 32</column>
<column name="tmp_266_fu_332_p3">Select, 0, 0, 6, 1, 6</column>
<column name="tmp_281_fu_444_p3">Select, 0, 0, 8, 1, 8</column>
<column name="tmp_282_fu_452_p3">Select, 0, 0, 128, 1, 128</column>
<column name="tmp_283_fu_460_p3">Select, 0, 0, 8, 1, 8</column>
<column name="tmp_296_fu_530_p3">Select, 0, 0, 6, 1, 6</column>
<column name="tmp_297_fu_538_p3">Select, 0, 0, 6, 1, 6</column>
<column name="tmp_298_fu_546_p3">Select, 0, 0, 6, 1, 6</column>
<column name="tmp_305_fu_588_p3">Select, 0, 0, 32, 1, 32</column>
<column name="tmp_317_fu_662_p3">Select, 0, 0, 8, 1, 8</column>
<column name="tmp_318_fu_670_p3">Select, 0, 0, 8, 1, 8</column>
<column name="tmp_319_fu_678_p3">Select, 0, 0, 8, 1, 8</column>
<column name="tmp_326_fu_720_p3">Select, 0, 0, 128, 1, 128</column>
<column name="p_demorgan2_fu_740_p2">and, 0, 0, 188, 128, 128</column>
<column name="p_demorgan_fu_608_p2">and, 0, 0, 44, 32, 32</column>
<column name="tmp_255_fu_268_p2">and, 0, 0, 188, 128, 128</column>
<column name="tmp_272_fu_366_p2">and, 0, 0, 44, 32, 32</column>
<column name="tmp_289_fu_494_p2">and, 0, 0, 188, 128, 128</column>
<column name="tmp_309_fu_620_p2">and, 0, 0, 44, 32, 32</column>
<column name="tmp_310_fu_626_p2">and, 0, 0, 44, 32, 32</column>
<column name="tmp_330_fu_752_p2">and, 0, 0, 188, 128, 128</column>
<column name="tmp_331_fu_758_p2">and, 0, 0, 188, 128, 128</column>
<column name="exitcond1_fu_113_p2">icmp, 0, 0, 2, 3, 4</column>
<column name="exitcond_fu_143_p2">icmp, 0, 0, 2, 3, 4</column>
<column name="tmp_240_fu_176_p2">icmp, 0, 0, 3, 7, 7</column>
<column name="tmp_257_fu_278_p2">icmp, 0, 0, 2, 5, 5</column>
<column name="tmp_274_fu_402_p2">icmp, 0, 0, 3, 7, 7</column>
<column name="tmp_291_fu_510_p2">icmp, 0, 0, 2, 5, 5</column>
<column name="tmp_312_fu_638_p2">icmp, 0, 0, 3, 7, 7</column>
<column name="tmp_253_fu_256_p2">lshr, 0, 0, 403, 128, 128</column>
<column name="tmp_270_fu_354_p2">lshr, 0, 0, 88, 32, 32</column>
<column name="tmp_287_fu_482_p2">lshr, 0, 0, 403, 128, 128</column>
<column name="tmp_29_fu_137_p2">or, 0, 0, 7, 5, 3</column>
<column name="tmp_311_fu_632_p2">or, 0, 0, 44, 32, 32</column>
<column name="tmp_31_fu_170_p2">or, 0, 0, 8, 7, 5</column>
<column name="tmp_332_fu_764_p2">or, 0, 0, 188, 128, 128</column>
<column name="tmp_33_fu_396_p2">or, 0, 0, 8, 7, 3</column>
<column name="tmp_303_fu_572_p2">shl, 0, 0, 88, 32, 32</column>
<column name="tmp_324_fu_704_p2">shl, 0, 0, 403, 128, 128</column>
<column name="tmp_20_fu_504_p2">xor, 0, 0, 8, 8, 8</column>
<column name="tmp_245_fu_206_p2">xor, 0, 0, 8, 8, 7</column>
<column name="tmp_262_fu_304_p2">xor, 0, 0, 8, 6, 5</column>
<column name="tmp_279_fu_432_p2">xor, 0, 0, 8, 8, 7</column>
<column name="tmp_295_fu_524_p2">xor, 0, 0, 8, 6, 5</column>
<column name="tmp_299_fu_554_p2">xor, 0, 0, 8, 6, 5</column>
<column name="tmp_308_fu_614_p2">xor, 0, 0, 44, 32, 2</column>
<column name="tmp_316_fu_656_p2">xor, 0, 0, 8, 8, 7</column>
<column name="tmp_320_fu_686_p2">xor, 0, 0, 8, 8, 7</column>
<column name="tmp_329_fu_746_p2">xor, 0, 0, 188, 128, 2</column>
</table>
</item>
<item name = "Multiplexer"><table name="" hasTotal="1">
<keys size="5">Name, LUT, Input Size, Bits, Total Bits</keys>
<column name="ap_NS_fsm">1, 5, 1, 5</column>
<column name="cipher_state_o">128, 2, 128, 256</column>
<column name="i_reg_81">3, 2, 3, 6</column>
<column name="j_reg_92">3, 2, 3, 6</column>
</table>
</item>
<item name = "Register"><table name="" hasTotal="1">
<keys size="5">Name, FF, LUT, Bits, Const Bits</keys>
<column name="ap_CS_fsm">4, 0, 4, 0</column>
<column name="i_3_reg_789">3, 0, 3, 0</column>
<column name="i_cast_reg_781">3, 0, 4, 1</column>
<column name="i_reg_81">3, 0, 3, 0</column>
<column name="j_2_reg_813">3, 0, 3, 0</column>
<column name="j_reg_92">3, 0, 3, 0</column>
<column name="tmp_239_reg_818">2, 0, 2, 0</column>
<column name="tmp_28_reg_794">2, 0, 5, 3</column>
<column name="tmp_29_reg_802">2, 0, 5, 3</column>
<column name="w_bias_addr_reg_776">4, 0, 4, 0</column>
</table>
</item>
</section>
</item>
</section>

<section name = "Interface" level="0">
<item name = "Summary"><table name="" hasTotal="0">
<keys size="6">RTL Ports, Dir, Bits, Protocol, Source Object, C Type</keys>
<column name="ap_clk">in, 1, ap_ctrl_hs, Cipher_AddRoundKey, return value</column>
<column name="ap_rst">in, 1, ap_ctrl_hs, Cipher_AddRoundKey, return value</column>
<column name="ap_start">in, 1, ap_ctrl_hs, Cipher_AddRoundKey, return value</column>
<column name="ap_done">out, 1, ap_ctrl_hs, Cipher_AddRoundKey, return value</column>
<column name="ap_idle">out, 1, ap_ctrl_hs, Cipher_AddRoundKey, return value</column>
<column name="ap_ready">out, 1, ap_ctrl_hs, Cipher_AddRoundKey, return value</column>
<column name="w_bias_address0">out, 4, ap_memory, w_bias, array</column>
<column name="w_bias_ce0">out, 1, ap_memory, w_bias, array</column>
<column name="w_bias_q0">in, 128, ap_memory, w_bias, array</column>
<column name="w_bias_offset">in, 5, ap_none, w_bias_offset, scalar</column>
<column name="cipher_state_i">in, 128, ap_ovld, cipher_state, pointer</column>
<column name="cipher_state_o">out, 128, ap_ovld, cipher_state, pointer</column>
<column name="cipher_state_o_ap_vld">out, 1, ap_ovld, cipher_state, pointer</column>
</table>
</item>
</section>
</profile>
