<profile>

<section name = "Vivado HLS Report for 'Cipher_Multiplication'" level="0">
<item name = "Date">Fri Jan 20 19:38:19 2017
</item>
<item name = "Version">2015.1 (Build 1215546 on Mon Apr 27 19:24:50 PM 2015)</item>
<item name = "Project">HLS</item>
<item name = "Solution">solution1</item>
<item name = "Product family">zynq</item>
<item name = "Target device">xc7z020clg484-1</item>
</section>

<section name = "Performance Estimates" level="0">
<item name = "Timing (ns)">
<section name = "" level="1">
<item name = "Summary"><table name="" hasTotal="0">
<keys size="4">Clock, Target, Estimated, Uncertainty</keys>
<column name="default">1000000.00, 65540.47, 125000.00</column>
</table>
</item>
</section>
</item>
<item name = "Latency (clock cycles)">
<section name = "" level="1">
<item name = "Summary"><table name="" hasTotal="0">
<keys size="6">, min, max, min, max, Type</keys>
<column name="">9, 9, 9, 9, none</column>
</table>
</item>
<item name = "Detail">
<section name = "" level="1">
<item name = "Instance"><table name="" hasTotal="0">
<keys size="7">Instance, Module, min, max, min, max, Type</keys>
</table>
</item>
<item name = "Loop"><table name="" hasTotal="0">
<keys size="8">Loop Name, min, max, Latency, achieved, target, Count, Pipelined</keys>
<column name="- Loop 1">8, 8, 1, -, -, 8, no</column>
</table>
</item>
</section>
</item>
</section>
</item>
</section>

<section name = "Utilization Estimates" level="0">
<item name = "Summary"><table name="" hasTotal="1">
<keys size="5">Name, BRAM_18K, DSP48E, FF, LUT</keys>
<column name="Expression">-, -, 0, 41</column>
<column name="FIFO">-, -, -, -</column>
<column name="Instance">-, -, 0, 2</column>
<column name="Memory">-, -, -, -</column>
<column name="Multiplexer">-, -, -, 29</column>
<column name="Register">-, -, 32, -</column>
<specialColumn name="Available">280, 220, 106400, 53200</specialColumn>
<specialColumn name="Utilization (%)">0, 0, ~0, ~0</specialColumn>
</table>
</item>
<item name = "Detail">
<section name = "" level="1">
<item name = "Instance"><table name="" hasTotal="1">
<keys size="6">Instance, Module, BRAM_18K, DSP48E, FF, LUT</keys>
<column name="Cipher_shl_8ns_4ns_8_1_U19">Cipher_shl_8ns_4ns_8_1, 0, 0, 0, 2</column>
</table>
</item>
<item name = "Memory"><table name="" hasTotal="1">
<keys size="9">Memory, Module, BRAM_18K, FF, LUT, Words, Bits, Banks, W*Bits*Banks</keys>
</table>
</item>
<item name = "FIFO"><table name="" hasTotal="1">
<keys size="7">Name, BRAM_18K, FF, LUT, Depth, Bits, Size:D*B</keys>
</table>
</item>
<item name = "Expression"><table name="" hasTotal="1">
<keys size="7">Variable Name, Operation, DSP48E, FF, LUT, Bitwidth P0, Bitwidth P1</keys>
<column name="i_1_fu_88_p2">+, 0, 0, 4, 4, 1</column>
<column name="result_3_fu_149_p3">Select, 0, 0, 8, 1, 8</column>
<column name="tmp_6_fu_115_p3">Select, 0, 0, 8, 1, 1</column>
<column name="tmp_4_fu_104_p2">and, 0, 0, 2, 2, 2</column>
<column name="exitcond_fu_82_p2">icmp, 0, 0, 2, 4, 5</column>
<column name="tmp_5_fu_109_p2">icmp, 0, 0, 1, 2, 1</column>
<column name="result_1_fu_143_p2">xor, 0, 0, 8, 8, 5</column>
<column name="sum_0_s_fu_123_p2">xor, 0, 0, 8, 8, 8</column>
</table>
</item>
<item name = "Multiplexer"><table name="" hasTotal="1">
<keys size="5">Name, LUT, Input Size, Bits, Total Bits</keys>
<column name="A_assign_reg_42">8, 2, 8, 16</column>
<column name="ap_NS_fsm">1, 3, 1, 3</column>
<column name="ap_return">8, 2, 8, 16</column>
<column name="i_reg_62">4, 2, 4, 8</column>
<column name="sum_reg_51">8, 2, 8, 16</column>
</table>
</item>
<item name = "Register"><table name="" hasTotal="1">
<keys size="5">Name, FF, LUT, Bits, Const Bits</keys>
<column name="A_assign_reg_42">8, 0, 8, 0</column>
<column name="ap_CS_fsm">2, 0, 2, 0</column>
<column name="ap_return_preg">8, 0, 8, 0</column>
<column name="i_reg_62">4, 0, 4, 0</column>
<column name="sum_reg_51">8, 0, 8, 0</column>
<column name="tmp_reg_162">2, 0, 2, 0</column>
</table>
</item>
</section>
</item>
</section>

<section name = "Interface" level="0">
<item name = "Summary"><table name="" hasTotal="0">
<keys size="6">RTL Ports, Dir, Bits, Protocol, Source Object, C Type</keys>
<column name="ap_clk">in, 1, ap_ctrl_hs, Cipher_Multiplication, return value</column>
<column name="ap_rst">in, 1, ap_ctrl_hs, Cipher_Multiplication, return value</column>
<column name="ap_start">in, 1, ap_ctrl_hs, Cipher_Multiplication, return value</column>
<column name="ap_done">out, 1, ap_ctrl_hs, Cipher_Multiplication, return value</column>
<column name="ap_idle">out, 1, ap_ctrl_hs, Cipher_Multiplication, return value</column>
<column name="ap_ready">out, 1, ap_ctrl_hs, Cipher_Multiplication, return value</column>
<column name="ap_return">out, 8, ap_ctrl_hs, Cipher_Multiplication, return value</column>
<column name="A">in, 4, ap_none, A, scalar</column>
<column name="B">in, 8, ap_none, B, scalar</column>
</table>
</item>
</section>
</profile>
