<profile>

<section name = "Vivado HLS Report for 'Cipher_MixColumns'" level="0">
<item name = "Date">Fri Jan 20 19:38:20 2017
</item>
<item name = "Version">2015.1 (Build 1215546 on Mon Apr 27 19:24:50 PM 2015)</item>
<item name = "Project">HLS</item>
<item name = "Solution">solution1</item>
<item name = "Product family">zynq</item>
<item name = "Target device">xc7z020clg484-1</item>
</section>

<section name = "Performance Estimates" level="0">
<item name = "Timing (ns)">
<section name = "" level="1">
<item name = "Summary"><table name="" hasTotal="0">
<keys size="4">Clock, Target, Estimated, Uncertainty</keys>
<column name="default">1000000.00, 65585.11, 125000.00</column>
</table>
</item>
</section>
</item>
<item name = "Latency (clock cycles)">
<section name = "" level="1">
<item name = "Summary"><table name="" hasTotal="0">
<keys size="6">, min, max, min, max, Type</keys>
<column name="">45, 45, 45, 45, none</column>
</table>
</item>
<item name = "Detail">
<section name = "" level="1">
<item name = "Instance"><table name="" hasTotal="0">
<keys size="7">Instance, Module, min, max, min, max, Type</keys>
<column name="grp_Cipher_Multiplication_fu_66">Cipher_Multiplication, 9, 9, 9, 9, none</column>
<column name="grp_Cipher_Multiplication_fu_73">Cipher_Multiplication, 9, 9, 9, 9, none</column>
<column name="grp_Cipher_Multiplication_fu_80">Cipher_Multiplication, 9, 9, 9, 9, none</column>
<column name="grp_Cipher_Multiplication_fu_87">Cipher_Multiplication, 9, 9, 9, 9, none</column>
<column name="grp_Cipher_Multiplication_fu_94">Cipher_Multiplication, 9, 9, 9, 9, none</column>
<column name="grp_Cipher_Multiplication_fu_101">Cipher_Multiplication, 9, 9, 9, 9, none</column>
<column name="grp_Cipher_Multiplication_fu_108">Cipher_Multiplication, 9, 9, 9, 9, none</column>
<column name="grp_Cipher_Multiplication_fu_115">Cipher_Multiplication, 9, 9, 9, 9, none</column>
<column name="grp_Cipher_Multiplication_fu_122">Cipher_Multiplication, 9, 9, 9, 9, none</column>
<column name="grp_Cipher_Multiplication_fu_129">Cipher_Multiplication, 9, 9, 9, 9, none</column>
<column name="grp_Cipher_Multiplication_fu_136">Cipher_Multiplication, 9, 9, 9, 9, none</column>
<column name="grp_Cipher_Multiplication_fu_143">Cipher_Multiplication, 9, 9, 9, 9, none</column>
</table>
</item>
<item name = "Loop"><table name="" hasTotal="0">
<keys size="8">Loop Name, min, max, Latency, achieved, target, Count, Pipelined</keys>
<column name="- Loop 1">44, 44, 11, -, -, 4, no</column>
</table>
</item>
</section>
</item>
</section>
</item>
</section>

<section name = "Utilization Estimates" level="0">
<item name = "Summary"><table name="" hasTotal="1">
<keys size="5">Name, BRAM_18K, DSP48E, FF, LUT</keys>
<column name="Expression">-, -, 0, 9242</column>
<column name="FIFO">-, -, -, -</column>
<column name="Instance">-, -, 384, 888</column>
<column name="Memory">-, -, -, -</column>
<column name="Multiplexer">-, -, -, 146</column>
<column name="Register">-, -, 89, -</column>
<specialColumn name="Available">280, 220, 106400, 53200</specialColumn>
<specialColumn name="Utilization (%)">0, 0, ~0, 19</specialColumn>
</table>
</item>
<item name = "Detail">
<section name = "" level="1">
<item name = "Instance"><table name="" hasTotal="1">
<keys size="6">Instance, Module, BRAM_18K, DSP48E, FF, LUT</keys>
<column name="grp_Cipher_Multiplication_fu_66">Cipher_Multiplication, 0, 0, 32, 72</column>
<column name="grp_Cipher_Multiplication_fu_73">Cipher_Multiplication, 0, 0, 32, 72</column>
<column name="grp_Cipher_Multiplication_fu_80">Cipher_Multiplication, 0, 0, 32, 72</column>
<column name="grp_Cipher_Multiplication_fu_87">Cipher_Multiplication, 0, 0, 32, 72</column>
<column name="grp_Cipher_Multiplication_fu_94">Cipher_Multiplication, 0, 0, 32, 72</column>
<column name="grp_Cipher_Multiplication_fu_101">Cipher_Multiplication, 0, 0, 32, 72</column>
<column name="grp_Cipher_Multiplication_fu_108">Cipher_Multiplication, 0, 0, 32, 72</column>
<column name="grp_Cipher_Multiplication_fu_115">Cipher_Multiplication, 0, 0, 32, 72</column>
<column name="grp_Cipher_Multiplication_fu_122">Cipher_Multiplication, 0, 0, 32, 72</column>
<column name="grp_Cipher_Multiplication_fu_129">Cipher_Multiplication, 0, 0, 32, 72</column>
<column name="grp_Cipher_Multiplication_fu_136">Cipher_Multiplication, 0, 0, 32, 72</column>
<column name="grp_Cipher_Multiplication_fu_143">Cipher_Multiplication, 0, 0, 32, 72</column>
<column name="Cipher_lshr_128s_8ns_128_1_U22">Cipher_lshr_128s_8ns_128_1, 0, 0, 0, 2</column>
<column name="Cipher_lshr_128s_8ns_128_1_U24">Cipher_lshr_128s_8ns_128_1, 0, 0, 0, 2</column>
<column name="Cipher_lshr_128s_8ns_128_1_U25">Cipher_lshr_128s_8ns_128_1, 0, 0, 0, 2</column>
<column name="Cipher_lshr_128s_8ns_128_1_U27">Cipher_lshr_128s_8ns_128_1, 0, 0, 0, 2</column>
<column name="Cipher_lshr_128s_8ns_128_1_U28">Cipher_lshr_128s_8ns_128_1, 0, 0, 0, 2</column>
<column name="Cipher_lshr_128s_8ns_128_1_U30">Cipher_lshr_128s_8ns_128_1, 0, 0, 0, 2</column>
<column name="Cipher_lshr_128s_8ns_128_1_U31">Cipher_lshr_128s_8ns_128_1, 0, 0, 0, 2</column>
<column name="Cipher_lshr_128s_8ns_128_1_U33">Cipher_lshr_128s_8ns_128_1, 0, 0, 0, 2</column>
<column name="Cipher_shl_128s_8ns_128_1_U23">Cipher_shl_128s_8ns_128_1, 0, 0, 0, 2</column>
<column name="Cipher_shl_128s_8ns_128_1_U26">Cipher_shl_128s_8ns_128_1, 0, 0, 0, 2</column>
<column name="Cipher_shl_128s_8ns_128_1_U29">Cipher_shl_128s_8ns_128_1, 0, 0, 0, 2</column>
<column name="Cipher_shl_128s_8ns_128_1_U32">Cipher_shl_128s_8ns_128_1, 0, 0, 0, 2</column>
</table>
</item>
<item name = "Memory"><table name="" hasTotal="1">
<keys size="9">Memory, Module, BRAM_18K, FF, LUT, Words, Bits, Banks, W*Bits*Banks</keys>
</table>
</item>
<item name = "FIFO"><table name="" hasTotal="1">
<keys size="7">Name, BRAM_18K, FF, LUT, Depth, Bits, Size:D*B</keys>
</table>
</item>
<item name = "Expression"><table name="" hasTotal="1">
<keys size="7">Variable Name, Operation, DSP48E, FF, LUT, Bitwidth P0, Bitwidth P1</keys>
<column name="i_2_fu_160_p2">+, 0, 0, 3, 3, 1</column>
<column name="tmp_126_fu_558_p2">-, 0, 0, 8, 8, 8</column>
<column name="tmp_128_fu_570_p2">-, 0, 0, 8, 8, 8</column>
<column name="tmp_132_fu_600_p2">-, 0, 0, 8, 7, 8</column>
<column name="tmp_164_fu_796_p2">-, 0, 0, 8, 8, 8</column>
<column name="tmp_166_fu_808_p2">-, 0, 0, 8, 8, 8</column>
<column name="tmp_170_fu_838_p2">-, 0, 0, 8, 7, 8</column>
<column name="tmp_202_fu_1034_p2">-, 0, 0, 8, 8, 8</column>
<column name="tmp_204_fu_1046_p2">-, 0, 0, 8, 8, 8</column>
<column name="tmp_208_fu_1076_p2">-, 0, 0, 8, 7, 8</column>
<column name="tmp_87_fu_208_p2">-, 0, 0, 8, 8, 8</column>
<column name="tmp_89_fu_220_p2">-, 0, 0, 8, 8, 8</column>
<column name="tmp_93_fu_250_p2">-, 0, 0, 8, 7, 8</column>
<column name="tmp_106_fu_431_p3">Select, 0, 0, 8, 1, 8</column>
<column name="tmp_107_fu_439_p3">Select, 0, 0, 8, 1, 8</column>
<column name="tmp_108_fu_447_p3">Select, 0, 0, 8, 1, 8</column>
<column name="tmp_115_fu_489_p3">Select, 0, 0, 128, 1, 128</column>
<column name="tmp_129_fu_576_p3">Select, 0, 0, 8, 1, 8</column>
<column name="tmp_130_fu_584_p3">Select, 0, 0, 128, 1, 128</column>
<column name="tmp_131_fu_592_p3">Select, 0, 0, 8, 1, 8</column>
<column name="tmp_144_fu_668_p3">Select, 0, 0, 8, 1, 8</column>
<column name="tmp_145_fu_676_p3">Select, 0, 0, 8, 1, 8</column>
<column name="tmp_146_fu_684_p3">Select, 0, 0, 8, 1, 8</column>
<column name="tmp_153_fu_726_p3">Select, 0, 0, 128, 1, 128</column>
<column name="tmp_167_fu_814_p3">Select, 0, 0, 8, 1, 8</column>
<column name="tmp_168_fu_822_p3">Select, 0, 0, 128, 1, 128</column>
<column name="tmp_169_fu_830_p3">Select, 0, 0, 8, 1, 8</column>
<column name="tmp_182_fu_906_p3">Select, 0, 0, 8, 1, 8</column>
<column name="tmp_183_fu_914_p3">Select, 0, 0, 8, 1, 8</column>
<column name="tmp_184_fu_922_p3">Select, 0, 0, 8, 1, 8</column>
<column name="tmp_191_fu_964_p3">Select, 0, 0, 128, 1, 128</column>
<column name="tmp_205_fu_1052_p3">Select, 0, 0, 8, 1, 8</column>
<column name="tmp_206_fu_1060_p3">Select, 0, 0, 128, 1, 128</column>
<column name="tmp_207_fu_1068_p3">Select, 0, 0, 8, 1, 8</column>
<column name="tmp_220_fu_1144_p3">Select, 0, 0, 8, 1, 8</column>
<column name="tmp_221_fu_1152_p3">Select, 0, 0, 8, 1, 8</column>
<column name="tmp_222_fu_1160_p3">Select, 0, 0, 8, 1, 8</column>
<column name="tmp_229_fu_1202_p3">Select, 0, 0, 128, 1, 128</column>
<column name="tmp_90_fu_226_p3">Select, 0, 0, 8, 1, 8</column>
<column name="tmp_91_fu_234_p3">Select, 0, 0, 128, 1, 128</column>
<column name="tmp_92_fu_242_p3">Select, 0, 0, 8, 1, 8</column>
<column name="p_demorgan1_fu_746_p2">and, 0, 0, 188, 128, 128</column>
<column name="p_demorgan2_fu_984_p2">and, 0, 0, 188, 128, 128</column>
<column name="p_demorgan3_fu_1222_p2">and, 0, 0, 188, 128, 128</column>
<column name="p_demorgan_fu_509_p2">and, 0, 0, 188, 128, 128</column>
<column name="tmp_119_fu_521_p2">and, 0, 0, 188, 128, 128</column>
<column name="tmp_120_fu_526_p2">and, 0, 0, 188, 128, 128</column>
<column name="tmp_137_fu_626_p2">and, 0, 0, 188, 128, 128</column>
<column name="tmp_157_fu_758_p2">and, 0, 0, 188, 128, 128</column>
<column name="tmp_158_fu_764_p2">and, 0, 0, 188, 128, 128</column>
<column name="tmp_175_fu_864_p2">and, 0, 0, 188, 128, 128</column>
<column name="tmp_195_fu_996_p2">and, 0, 0, 188, 128, 128</column>
<column name="tmp_196_fu_1002_p2">and, 0, 0, 188, 128, 128</column>
<column name="tmp_213_fu_1102_p2">and, 0, 0, 188, 128, 128</column>
<column name="tmp_233_fu_1234_p2">and, 0, 0, 188, 128, 128</column>
<column name="tmp_234_fu_1240_p2">and, 0, 0, 188, 128, 128</column>
<column name="tmp_98_fu_276_p2">and, 0, 0, 188, 128, 128</column>
<column name="exitcond_fu_154_p2">icmp, 0, 0, 2, 3, 4</column>
<column name="grp_fu_150_p2">icmp, 0, 0, 3, 7, 7</column>
<column name="tmp_122_fu_538_p2">icmp, 0, 0, 3, 7, 7</column>
<column name="tmp_139_fu_648_p2">icmp, 0, 0, 3, 7, 7</column>
<column name="tmp_160_fu_776_p2">icmp, 0, 0, 3, 7, 7</column>
<column name="tmp_177_fu_886_p2">icmp, 0, 0, 3, 7, 7</column>
<column name="tmp_198_fu_1014_p2">icmp, 0, 0, 3, 7, 7</column>
<column name="tmp_215_fu_1124_p2">icmp, 0, 0, 3, 7, 7</column>
<column name="tmp_135_fu_614_p2">lshr, 0, 0, 403, 128, 128</column>
<column name="tmp_173_fu_852_p2">lshr, 0, 0, 403, 128, 128</column>
<column name="tmp_211_fu_1090_p2">lshr, 0, 0, 403, 128, 128</column>
<column name="tmp_96_fu_264_p2">lshr, 0, 0, 403, 128, 128</column>
<column name="tmp_121_fu_532_p2">or, 0, 0, 188, 128, 128</column>
<column name="tmp_159_fu_770_p2">or, 0, 0, 188, 128, 128</column>
<column name="tmp_197_fu_1008_p2">or, 0, 0, 188, 128, 128</column>
<column name="tmp_235_fu_1246_p2">or, 0, 0, 188, 128, 128</column>
<column name="tmp_23_fu_183_p2">or, 0, 0, 8, 7, 5</column>
<column name="tmp_113_fu_473_p2">shl, 0, 0, 403, 128, 128</column>
<column name="tmp_151_fu_710_p2">shl, 0, 0, 403, 128, 128</column>
<column name="tmp_189_fu_948_p2">shl, 0, 0, 403, 128, 128</column>
<column name="tmp_227_fu_1186_p2">shl, 0, 0, 403, 128, 128</column>
<column name="temp_0_fu_344_p2">xor, 0, 0, 8, 8, 8</column>
<column name="temp_1_fu_362_p2">xor, 0, 0, 8, 8, 8</column>
<column name="temp_2_fu_380_p2">xor, 0, 0, 8, 8, 8</column>
<column name="temp_3_fu_398_p2">xor, 0, 0, 8, 8, 8</column>
<column name="tmp1_fu_332_p2">xor, 0, 0, 8, 8, 8</column>
<column name="tmp2_fu_338_p2">xor, 0, 0, 8, 8, 8</column>
<column name="tmp3_fu_350_p2">xor, 0, 0, 8, 8, 8</column>
<column name="tmp4_fu_356_p2">xor, 0, 0, 8, 8, 8</column>
<column name="tmp5_fu_368_p2">xor, 0, 0, 8, 8, 8</column>
<column name="tmp6_fu_374_p2">xor, 0, 0, 8, 8, 8</column>
<column name="tmp7_fu_386_p2">xor, 0, 0, 8, 8, 8</column>
<column name="tmp8_fu_392_p2">xor, 0, 0, 8, 8, 8</column>
<column name="tmp_105_fu_425_p2">xor, 0, 0, 8, 8, 7</column>
<column name="tmp_109_fu_455_p2">xor, 0, 0, 8, 8, 7</column>
<column name="tmp_118_fu_515_p2">xor, 0, 0, 188, 128, 2</column>
<column name="tmp_127_fu_564_p2">xor, 0, 0, 8, 8, 7</column>
<column name="tmp_143_fu_662_p2">xor, 0, 0, 8, 8, 7</column>
<column name="tmp_147_fu_692_p2">xor, 0, 0, 8, 8, 7</column>
<column name="tmp_156_fu_752_p2">xor, 0, 0, 188, 128, 2</column>
<column name="tmp_165_fu_802_p2">xor, 0, 0, 8, 8, 7</column>
<column name="tmp_181_fu_900_p2">xor, 0, 0, 8, 8, 7</column>
<column name="tmp_185_fu_930_p2">xor, 0, 0, 8, 8, 7</column>
<column name="tmp_194_fu_990_p2">xor, 0, 0, 188, 128, 2</column>
<column name="tmp_203_fu_1040_p2">xor, 0, 0, 8, 8, 7</column>
<column name="tmp_219_fu_1138_p2">xor, 0, 0, 8, 8, 7</column>
<column name="tmp_223_fu_1168_p2">xor, 0, 0, 8, 8, 7</column>
<column name="tmp_232_fu_1228_p2">xor, 0, 0, 188, 128, 2</column>
<column name="tmp_88_fu_214_p2">xor, 0, 0, 8, 8, 7</column>
</table>
</item>
<item name = "Multiplexer"><table name="" hasTotal="1">
<keys size="5">Name, LUT, Input Size, Bits, Total Bits</keys>
<column name="ap_NS_fsm">1, 4, 1, 4</column>
<column name="cipher_state_o">128, 2, 128, 256</column>
<column name="grp_fu_150_p0">7, 3, 7, 21</column>
<column name="grp_fu_150_p1">7, 3, 7, 21</column>
<column name="i_reg_54">3, 2, 3, 6</column>
</table>
</item>
<item name = "Register"><table name="" hasTotal="1">
<keys size="5">Name, FF, LUT, Bits, Const Bits</keys>
<column name="B_0_reg_1312">8, 0, 8, 0</column>
<column name="B_1_reg_1319">8, 0, 8, 0</column>
<column name="B_2_reg_1326">8, 0, 8, 0</column>
<column name="B_3_reg_1333">8, 0, 8, 0</column>
<column name="ap_CS_fsm">3, 0, 3, 0</column>
<column name="grp_Cipher_Multiplication_fu_101_ap_start_ap_start_reg">1, 0, 1, 0</column>
<column name="grp_Cipher_Multiplication_fu_108_ap_start_ap_start_reg">1, 0, 1, 0</column>
<column name="grp_Cipher_Multiplication_fu_115_ap_start_ap_start_reg">1, 0, 1, 0</column>
<column name="grp_Cipher_Multiplication_fu_122_ap_start_ap_start_reg">1, 0, 1, 0</column>
<column name="grp_Cipher_Multiplication_fu_129_ap_start_ap_start_reg">1, 0, 1, 0</column>
<column name="grp_Cipher_Multiplication_fu_136_ap_start_ap_start_reg">1, 0, 1, 0</column>
<column name="grp_Cipher_Multiplication_fu_143_ap_start_ap_start_reg">1, 0, 1, 0</column>
<column name="grp_Cipher_Multiplication_fu_66_ap_start_ap_start_reg">1, 0, 1, 0</column>
<column name="grp_Cipher_Multiplication_fu_73_ap_start_ap_start_reg">1, 0, 1, 0</column>
<column name="grp_Cipher_Multiplication_fu_80_ap_start_ap_start_reg">1, 0, 1, 0</column>
<column name="grp_Cipher_Multiplication_fu_87_ap_start_ap_start_reg">1, 0, 1, 0</column>
<column name="grp_Cipher_Multiplication_fu_94_ap_start_ap_start_reg">1, 0, 1, 0</column>
<column name="i_2_reg_1261">3, 0, 3, 0</column>
<column name="i_reg_54">3, 0, 3, 0</column>
<column name="tmp_23_reg_1289">2, 0, 7, 5</column>
<column name="tmp_99_reg_1307">32, 0, 32, 0</column>
<column name="tmp_s_reg_1271">2, 0, 7, 5</column>
</table>
</item>
</section>
</item>
</section>

<section name = "Interface" level="0">
<item name = "Summary"><table name="" hasTotal="0">
<keys size="6">RTL Ports, Dir, Bits, Protocol, Source Object, C Type</keys>
<column name="ap_clk">in, 1, ap_ctrl_hs, Cipher_MixColumns, return value</column>
<column name="ap_rst">in, 1, ap_ctrl_hs, Cipher_MixColumns, return value</column>
<column name="ap_start">in, 1, ap_ctrl_hs, Cipher_MixColumns, return value</column>
<column name="ap_done">out, 1, ap_ctrl_hs, Cipher_MixColumns, return value</column>
<column name="ap_idle">out, 1, ap_ctrl_hs, Cipher_MixColumns, return value</column>
<column name="ap_ready">out, 1, ap_ctrl_hs, Cipher_MixColumns, return value</column>
<column name="cipher_state_i">in, 128, ap_ovld, cipher_state, pointer</column>
<column name="cipher_state_o">out, 128, ap_ovld, cipher_state, pointer</column>
<column name="cipher_state_o_ap_vld">out, 1, ap_ovld, cipher_state, pointer</column>
</table>
</item>
</section>
</profile>
