<stg><name>Cipher_MixColumns</name>


<trans_list>

<trans id="217" from="1" to="2">
<condition id="8">
<or_exp><and_exp></and_exp></or_exp>
</condition>
</trans>

<trans id="218" from="2" to="3">
<condition id="9">
<or_exp><and_exp><literal name="exitcond" val="0"/>
</and_exp></or_exp>
</condition>
</trans>

<trans id="220" from="3" to="2">
<condition id="12">
<or_exp><and_exp></and_exp></or_exp>
</condition>
</trans>
</trans_list>



<state_list>

<state id="1" st_id="1">

<operation id="4" st_id="1" stage="1" lat="1">
<core>NULL</core>
<MemPortIdVec></MemPortIdVec>
<condition id="0">
<or_exp><and_exp></and_exp></or_exp>
</condition>

<node id="2" bw="0" op_0_bw="0">
<![CDATA[
:0  br label %1

]]></node>
<StgValue><ssdm name=""/></StgValue>
</operation>
</state>

<state id="2" st_id="2">

<operation id="5" st_id="2" stage="1" lat="1">
<core>NULL</core>
<MemPortIdVec></MemPortIdVec>
<condition id="1">
<or_exp><and_exp></and_exp></or_exp>
</condition>

<node id="4" bw="3" op_0_bw="3" op_1_bw="0">
<![CDATA[
:0  %i = phi i3 [ 0, %0 ], [ %i_2, %2 ]

]]></node>
<StgValue><ssdm name="i"/></StgValue>
</operation>

<operation id="6" st_id="2" stage="1" lat="1">
<core>Cmp</core>
<MemPortIdVec></MemPortIdVec>
<condition id="1">
<or_exp><and_exp></and_exp></or_exp>
</condition>

<node id="5" bw="1" op_0_bw="3" op_1_bw="3">
<![CDATA[
:1  %exitcond = icmp eq i3 %i, -4

]]></node>
<StgValue><ssdm name="exitcond"/></StgValue>
</operation>

<operation id="7" st_id="2" stage="1" lat="1">
<core>NULL</core>
<MemPortIdVec></MemPortIdVec>
<condition id="1">
<or_exp><and_exp></and_exp></or_exp>
</condition>

<node id="6" bw="32" op_0_bw="32" op_1_bw="64" op_2_bw="64" op_3_bw="64">
<![CDATA[
:2  %empty = call i32 (...)* @_ssdm_op_SpecLoopTripCount(i64 4, i64 4, i64 4) nounwind

]]></node>
<StgValue><ssdm name="empty"/></StgValue>
</operation>

<operation id="8" st_id="2" stage="1" lat="1">
<core>AddSub</core>
<MemPortIdVec></MemPortIdVec>
<condition id="1">
<or_exp><and_exp></and_exp></or_exp>
</condition>

<node id="7" bw="3" op_0_bw="3" op_1_bw="3">
<![CDATA[
:3  %i_2 = add i3 %i, 1

]]></node>
<StgValue><ssdm name="i_2"/></StgValue>
</operation>

<operation id="9" st_id="2" stage="1" lat="1">
<core>NULL</core>
<MemPortIdVec></MemPortIdVec>
<condition id="1">
<or_exp><and_exp></and_exp></or_exp>
</condition>

<node id="8" bw="0" op_0_bw="1" op_1_bw="0" op_2_bw="0">
<![CDATA[
:4  br i1 %exitcond, label %3, label %2

]]></node>
<StgValue><ssdm name=""/></StgValue>
</operation>

<operation id="10" st_id="2" stage="1" lat="1">
<core>NULL</core>
<MemPortIdVec></MemPortIdVec>
<condition id="3">
<or_exp><and_exp><literal name="exitcond" val="0"/>
</and_exp></or_exp>
</condition>

<node id="10" bw="128" op_0_bw="128">
<![CDATA[
:0  %cipher_state_load = load i128* @cipher_state, align 8

]]></node>
<StgValue><ssdm name="cipher_state_load"/></StgValue>
</operation>

<operation id="11" st_id="2" stage="1" lat="1">
<core>NULL</core>
<MemPortIdVec></MemPortIdVec>
<condition id="3">
<or_exp><and_exp><literal name="exitcond" val="0"/>
</and_exp></or_exp>
</condition>

<node id="11" bw="2" op_0_bw="3">
<![CDATA[
:1  %tmp = trunc i3 %i to i2

]]></node>
<StgValue><ssdm name="tmp"/></StgValue>
</operation>

<operation id="12" st_id="2" stage="1" lat="1">
<core>NULL</core>
<MemPortIdVec></MemPortIdVec>
<condition id="3">
<or_exp><and_exp><literal name="exitcond" val="0"/>
</and_exp></or_exp>
</condition>

<node id="12" bw="7" op_0_bw="7" op_1_bw="2" op_2_bw="5">
<![CDATA[
:2  %tmp_s = call i7 @_ssdm_op_BitConcatenate.i7.i2.i5(i2 %tmp, i5 0)

]]></node>
<StgValue><ssdm name="tmp_s"/></StgValue>
</operation>

<operation id="13" st_id="2" stage="1" lat="1">
<core>NULL</core>
<MemPortIdVec></MemPortIdVec>
<condition id="3">
<or_exp><and_exp><literal name="exitcond" val="0"/>
</and_exp></or_exp>
</condition>

<node id="13" bw="7" op_0_bw="7" op_1_bw="7">
<![CDATA[
:3  %tmp_23 = or i7 %tmp_s, 31

]]></node>
<StgValue><ssdm name="tmp_23"/></StgValue>
</operation>

<operation id="14" st_id="2" stage="1" lat="1">
<core>Cmp</core>
<MemPortIdVec></MemPortIdVec>
<condition id="3">
<or_exp><and_exp><literal name="exitcond" val="0"/>
</and_exp></or_exp>
</condition>

<node id="14" bw="1" op_0_bw="7" op_1_bw="7">
<![CDATA[
:4  %tmp_83 = icmp ugt i7 %tmp_s, %tmp_23

]]></node>
<StgValue><ssdm name="tmp_83"/></StgValue>
</operation>

<operation id="15" st_id="2" stage="1" lat="1">
<core>NULL</core>
<MemPortIdVec></MemPortIdVec>
<condition id="3">
<or_exp><and_exp><literal name="exitcond" val="0"/>
</and_exp></or_exp>
</condition>

<node id="15" bw="8" op_0_bw="7">
<![CDATA[
:5  %tmp_84 = zext i7 %tmp_s to i8

]]></node>
<StgValue><ssdm name="tmp_84"/></StgValue>
</operation>

<operation id="16" st_id="2" stage="1" lat="1">
<core>NULL</core>
<MemPortIdVec></MemPortIdVec>
<condition id="3">
<or_exp><and_exp><literal name="exitcond" val="0"/>
</and_exp></or_exp>
</condition>

<node id="16" bw="8" op_0_bw="7">
<![CDATA[
:6  %tmp_85 = zext i7 %tmp_23 to i8

]]></node>
<StgValue><ssdm name="tmp_85"/></StgValue>
</operation>

<operation id="17" st_id="2" stage="1" lat="1">
<core>NULL</core>
<MemPortIdVec></MemPortIdVec>
<condition id="3">
<or_exp><and_exp><literal name="exitcond" val="0"/>
</and_exp></or_exp>
</condition>

<node id="17" bw="128" op_0_bw="128" op_1_bw="128" op_2_bw="32" op_3_bw="32">
<![CDATA[
:7  %tmp_86 = call i128 @llvm.part.select.i128(i128 %cipher_state_load, i32 127, i32 0)

]]></node>
<StgValue><ssdm name="tmp_86"/></StgValue>
</operation>

<operation id="18" st_id="2" stage="1" lat="1">
<core>AddSub</core>
<MemPortIdVec></MemPortIdVec>
<condition id="3">
<or_exp><and_exp><literal name="exitcond" val="0"/>
</and_exp></or_exp>
</condition>

<node id="18" bw="8" op_0_bw="8" op_1_bw="8">
<![CDATA[
:8  %tmp_87 = sub i8 %tmp_84, %tmp_85

]]></node>
<StgValue><ssdm name="tmp_87"/></StgValue>
</operation>

<operation id="19" st_id="2" stage="1" lat="1">
<core>LogicGate</core>
<MemPortIdVec></MemPortIdVec>
<condition id="3">
<or_exp><and_exp><literal name="exitcond" val="0"/>
</and_exp></or_exp>
</condition>

<node id="19" bw="8" op_0_bw="8" op_1_bw="8">
<![CDATA[
:9  %tmp_88 = xor i8 %tmp_84, 127

]]></node>
<StgValue><ssdm name="tmp_88"/></StgValue>
</operation>

<operation id="20" st_id="2" stage="1" lat="1">
<core>AddSub</core>
<MemPortIdVec></MemPortIdVec>
<condition id="3">
<or_exp><and_exp><literal name="exitcond" val="0"/>
</and_exp></or_exp>
</condition>

<node id="20" bw="8" op_0_bw="8" op_1_bw="8">
<![CDATA[
:10  %tmp_89 = sub i8 %tmp_85, %tmp_84

]]></node>
<StgValue><ssdm name="tmp_89"/></StgValue>
</operation>

<operation id="21" st_id="2" stage="1" lat="1">
<core>Sel</core>
<MemPortIdVec></MemPortIdVec>
<condition id="3">
<or_exp><and_exp><literal name="exitcond" val="0"/>
</and_exp></or_exp>
</condition>

<node id="21" bw="8" op_0_bw="1" op_1_bw="8" op_2_bw="8">
<![CDATA[
:11  %tmp_90 = select i1 %tmp_83, i8 %tmp_87, i8 %tmp_89

]]></node>
<StgValue><ssdm name="tmp_90"/></StgValue>
</operation>

<operation id="22" st_id="2" stage="1" lat="1">
<core>Sel</core>
<MemPortIdVec></MemPortIdVec>
<condition id="3">
<or_exp><and_exp><literal name="exitcond" val="0"/>
</and_exp></or_exp>
</condition>

<node id="22" bw="128" op_0_bw="1" op_1_bw="128" op_2_bw="128">
<![CDATA[
:12  %tmp_91 = select i1 %tmp_83, i128 %tmp_86, i128 %cipher_state_load

]]></node>
<StgValue><ssdm name="tmp_91"/></StgValue>
</operation>

<operation id="23" st_id="2" stage="1" lat="1">
<core>Sel</core>
<MemPortIdVec></MemPortIdVec>
<condition id="3">
<or_exp><and_exp><literal name="exitcond" val="0"/>
</and_exp></or_exp>
</condition>

<node id="23" bw="8" op_0_bw="1" op_1_bw="8" op_2_bw="8">
<![CDATA[
:13  %tmp_92 = select i1 %tmp_83, i8 %tmp_88, i8 %tmp_84

]]></node>
<StgValue><ssdm name="tmp_92"/></StgValue>
</operation>

<operation id="24" st_id="2" stage="1" lat="1">
<core>AddSub</core>
<MemPortIdVec></MemPortIdVec>
<condition id="3">
<or_exp><and_exp><literal name="exitcond" val="0"/>
</and_exp></or_exp>
</condition>

<node id="24" bw="8" op_0_bw="8" op_1_bw="8">
<![CDATA[
:14  %tmp_93 = sub i8 127, %tmp_90

]]></node>
<StgValue><ssdm name="tmp_93"/></StgValue>
</operation>

<operation id="25" st_id="2" stage="1" lat="1">
<core>NULL</core>
<MemPortIdVec></MemPortIdVec>
<condition id="3">
<or_exp><and_exp><literal name="exitcond" val="0"/>
</and_exp></or_exp>
</condition>

<node id="25" bw="128" op_0_bw="8">
<![CDATA[
:15  %tmp_94 = zext i8 %tmp_92 to i128

]]></node>
<StgValue><ssdm name="tmp_94"/></StgValue>
</operation>

<operation id="26" st_id="2" stage="1" lat="1">
<core>NULL</core>
<MemPortIdVec></MemPortIdVec>
<condition id="3">
<or_exp><and_exp><literal name="exitcond" val="0"/>
</and_exp></or_exp>
</condition>

<node id="26" bw="128" op_0_bw="8">
<![CDATA[
:16  %tmp_95 = zext i8 %tmp_93 to i128

]]></node>
<StgValue><ssdm name="tmp_95"/></StgValue>
</operation>

<operation id="27" st_id="2" stage="1" lat="1">
<core>Shift</core>
<MemPortIdVec></MemPortIdVec>
<condition id="3">
<or_exp><and_exp><literal name="exitcond" val="0"/>
</and_exp></or_exp>
</condition>

<node id="27" bw="128" op_0_bw="128" op_1_bw="128">
<![CDATA[
:17  %tmp_96 = lshr i128 %tmp_91, %tmp_94

]]></node>
<StgValue><ssdm name="tmp_96"/></StgValue>
</operation>

<operation id="28" st_id="2" stage="1" lat="1">
<core>ShiftnS</core>
<MemPortIdVec></MemPortIdVec>
<condition id="3">
<or_exp><and_exp><literal name="exitcond" val="0"/>
</and_exp></or_exp>
</condition>

<node id="28" bw="128" op_0_bw="128" op_1_bw="128">
<![CDATA[
:18  %tmp_97 = lshr i128 -1, %tmp_95

]]></node>
<StgValue><ssdm name="tmp_97"/></StgValue>
</operation>

<operation id="29" st_id="2" stage="1" lat="1">
<core>LogicGate</core>
<MemPortIdVec></MemPortIdVec>
<condition id="3">
<or_exp><and_exp><literal name="exitcond" val="0"/>
</and_exp></or_exp>
</condition>

<node id="29" bw="128" op_0_bw="128" op_1_bw="128">
<![CDATA[
:19  %tmp_98 = and i128 %tmp_96, %tmp_97

]]></node>
<StgValue><ssdm name="tmp_98"/></StgValue>
</operation>

<operation id="30" st_id="2" stage="1" lat="1">
<core>NULL</core>
<MemPortIdVec></MemPortIdVec>
<condition id="3">
<or_exp><and_exp><literal name="exitcond" val="0"/>
</and_exp></or_exp>
</condition>

<node id="30" bw="32" op_0_bw="128">
<![CDATA[
:20  %tmp_99 = trunc i128 %tmp_98 to i32

]]></node>
<StgValue><ssdm name="tmp_99"/></StgValue>
</operation>

<operation id="31" st_id="2" stage="1" lat="1">
<core>NULL</core>
<MemPortIdVec></MemPortIdVec>
<condition id="3">
<or_exp><and_exp><literal name="exitcond" val="0"/>
</and_exp></or_exp>
</condition>

<node id="31" bw="8" op_0_bw="128">
<![CDATA[
:21  %B_0 = trunc i128 %tmp_98 to i8

]]></node>
<StgValue><ssdm name="B_0"/></StgValue>
</operation>

<operation id="32" st_id="2" stage="1" lat="1">
<core>NULL</core>
<MemPortIdVec></MemPortIdVec>
<condition id="3">
<or_exp><and_exp><literal name="exitcond" val="0"/>
</and_exp></or_exp>
</condition>

<node id="32" bw="8" op_0_bw="8" op_1_bw="128" op_2_bw="32" op_3_bw="32">
<![CDATA[
:22  %B_1 = call i8 @_ssdm_op_PartSelect.i8.i128.i32.i32(i128 %tmp_98, i32 8, i32 15)

]]></node>
<StgValue><ssdm name="B_1"/></StgValue>
</operation>

<operation id="33" st_id="2" stage="1" lat="1">
<core>NULL</core>
<MemPortIdVec></MemPortIdVec>
<condition id="3">
<or_exp><and_exp><literal name="exitcond" val="0"/>
</and_exp></or_exp>
</condition>

<node id="33" bw="8" op_0_bw="8" op_1_bw="128" op_2_bw="32" op_3_bw="32">
<![CDATA[
:23  %B_2 = call i8 @_ssdm_op_PartSelect.i8.i128.i32.i32(i128 %tmp_98, i32 16, i32 23)

]]></node>
<StgValue><ssdm name="B_2"/></StgValue>
</operation>

<operation id="34" st_id="2" stage="1" lat="1">
<core>NULL</core>
<MemPortIdVec></MemPortIdVec>
<condition id="3">
<or_exp><and_exp><literal name="exitcond" val="0"/>
</and_exp></or_exp>
</condition>

<node id="34" bw="8" op_0_bw="8" op_1_bw="128" op_2_bw="32" op_3_bw="32">
<![CDATA[
:24  %B_3 = call i8 @_ssdm_op_PartSelect.i8.i128.i32.i32(i128 %tmp_98, i32 24, i32 31)

]]></node>
<StgValue><ssdm name="B_3"/></StgValue>
</operation>

<operation id="35" st_id="2" stage="2" lat="2">
<core></core>
<MemPortIdVec></MemPortIdVec>
<condition id="3">
<or_exp><and_exp><literal name="exitcond" val="0"/>
</and_exp></or_exp>
</condition>

<node id="35" bw="8" op_0_bw="8" op_1_bw="4" op_2_bw="8">
<![CDATA[
:25  %tmp_i = call fastcc zeroext i8 @Cipher_Multiplication(i4 zeroext 2, i8 zeroext %B_0) nounwind

]]></node>
<StgValue><ssdm name="tmp_i"/></StgValue>
</operation>

<operation id="36" st_id="2" stage="2" lat="2">
<core></core>
<MemPortIdVec></MemPortIdVec>
<condition id="3">
<or_exp><and_exp><literal name="exitcond" val="0"/>
</and_exp></or_exp>
</condition>

<node id="36" bw="8" op_0_bw="8" op_1_bw="4" op_2_bw="8">
<![CDATA[
:26  %tmp_9_i = call fastcc zeroext i8 @Cipher_Multiplication(i4 zeroext 3, i8 zeroext %B_1) nounwind

]]></node>
<StgValue><ssdm name="tmp_9_i"/></StgValue>
</operation>

<operation id="37" st_id="2" stage="2" lat="2">
<core></core>
<MemPortIdVec></MemPortIdVec>
<condition id="3">
<or_exp><and_exp><literal name="exitcond" val="0"/>
</and_exp></or_exp>
</condition>

<node id="37" bw="8" op_0_bw="8" op_1_bw="4" op_2_bw="8">
<![CDATA[
:27  %tmp_i_13 = call fastcc zeroext i8 @Cipher_Multiplication(i4 zeroext 1, i8 zeroext %B_2) nounwind

]]></node>
<StgValue><ssdm name="tmp_i_13"/></StgValue>
</operation>

<operation id="38" st_id="2" stage="2" lat="2">
<core></core>
<MemPortIdVec></MemPortIdVec>
<condition id="3">
<or_exp><and_exp><literal name="exitcond" val="0"/>
</and_exp></or_exp>
</condition>

<node id="38" bw="8" op_0_bw="8" op_1_bw="4" op_2_bw="8">
<![CDATA[
:28  %tmp_1_i = call fastcc zeroext i8 @Cipher_Multiplication(i4 zeroext 1, i8 zeroext %B_3) nounwind

]]></node>
<StgValue><ssdm name="tmp_1_i"/></StgValue>
</operation>

<operation id="39" st_id="2" stage="2" lat="2">
<core></core>
<MemPortIdVec></MemPortIdVec>
<condition id="3">
<or_exp><and_exp><literal name="exitcond" val="0"/>
</and_exp></or_exp>
</condition>

<node id="42" bw="8" op_0_bw="8" op_1_bw="4" op_2_bw="8">
<![CDATA[
:32  %tmp_5_i = call fastcc zeroext i8 @Cipher_Multiplication(i4 zeroext 1, i8 zeroext %B_0) nounwind

]]></node>
<StgValue><ssdm name="tmp_5_i"/></StgValue>
</operation>

<operation id="40" st_id="2" stage="2" lat="2">
<core></core>
<MemPortIdVec></MemPortIdVec>
<condition id="3">
<or_exp><and_exp><literal name="exitcond" val="0"/>
</and_exp></or_exp>
</condition>

<node id="43" bw="8" op_0_bw="8" op_1_bw="4" op_2_bw="8">
<![CDATA[
:33  %tmp_6_i = call fastcc zeroext i8 @Cipher_Multiplication(i4 zeroext 2, i8 zeroext %B_1) nounwind

]]></node>
<StgValue><ssdm name="tmp_6_i"/></StgValue>
</operation>

<operation id="41" st_id="2" stage="2" lat="2">
<core></core>
<MemPortIdVec></MemPortIdVec>
<condition id="3">
<or_exp><and_exp><literal name="exitcond" val="0"/>
</and_exp></or_exp>
</condition>

<node id="44" bw="8" op_0_bw="8" op_1_bw="4" op_2_bw="8">
<![CDATA[
:34  %tmp_7_i = call fastcc zeroext i8 @Cipher_Multiplication(i4 zeroext 3, i8 zeroext %B_2) nounwind

]]></node>
<StgValue><ssdm name="tmp_7_i"/></StgValue>
</operation>

<operation id="42" st_id="2" stage="2" lat="2">
<core></core>
<MemPortIdVec></MemPortIdVec>
<condition id="3">
<or_exp><and_exp><literal name="exitcond" val="0"/>
</and_exp></or_exp>
</condition>

<node id="48" bw="8" op_0_bw="8" op_1_bw="4" op_2_bw="8">
<![CDATA[
:38  %tmp_10_i = call fastcc zeroext i8 @Cipher_Multiplication(i4 zeroext 1, i8 zeroext %B_1) nounwind

]]></node>
<StgValue><ssdm name="tmp_10_i"/></StgValue>
</operation>

<operation id="43" st_id="2" stage="2" lat="2">
<core></core>
<MemPortIdVec></MemPortIdVec>
<condition id="3">
<or_exp><and_exp><literal name="exitcond" val="0"/>
</and_exp></or_exp>
</condition>

<node id="49" bw="8" op_0_bw="8" op_1_bw="4" op_2_bw="8">
<![CDATA[
:39  %tmp_11_i = call fastcc zeroext i8 @Cipher_Multiplication(i4 zeroext 2, i8 zeroext %B_2) nounwind

]]></node>
<StgValue><ssdm name="tmp_11_i"/></StgValue>
</operation>

<operation id="44" st_id="2" stage="2" lat="2">
<core></core>
<MemPortIdVec></MemPortIdVec>
<condition id="3">
<or_exp><and_exp><literal name="exitcond" val="0"/>
</and_exp></or_exp>
</condition>

<node id="50" bw="8" op_0_bw="8" op_1_bw="4" op_2_bw="8">
<![CDATA[
:40  %tmp_12_i = call fastcc zeroext i8 @Cipher_Multiplication(i4 zeroext 3, i8 zeroext %B_3) nounwind

]]></node>
<StgValue><ssdm name="tmp_12_i"/></StgValue>
</operation>

<operation id="45" st_id="2" stage="2" lat="2">
<core></core>
<MemPortIdVec></MemPortIdVec>
<condition id="3">
<or_exp><and_exp><literal name="exitcond" val="0"/>
</and_exp></or_exp>
</condition>

<node id="54" bw="8" op_0_bw="8" op_1_bw="4" op_2_bw="8">
<![CDATA[
:44  %tmp_15_i = call fastcc zeroext i8 @Cipher_Multiplication(i4 zeroext 3, i8 zeroext %B_0) nounwind

]]></node>
<StgValue><ssdm name="tmp_15_i"/></StgValue>
</operation>

<operation id="46" st_id="2" stage="2" lat="2">
<core></core>
<MemPortIdVec></MemPortIdVec>
<condition id="3">
<or_exp><and_exp><literal name="exitcond" val="0"/>
</and_exp></or_exp>
</condition>

<node id="55" bw="8" op_0_bw="8" op_1_bw="4" op_2_bw="8">
<![CDATA[
:45  %tmp_16_i = call fastcc zeroext i8 @Cipher_Multiplication(i4 zeroext 2, i8 zeroext %B_3) nounwind

]]></node>
<StgValue><ssdm name="tmp_16_i"/></StgValue>
</operation>

<operation id="47" st_id="2" stage="1" lat="1">
<core>NULL</core>
<MemPortIdVec></MemPortIdVec>
<condition id="5">
<or_exp><and_exp><literal name="exitcond" val="1"/>
</and_exp></or_exp>
</condition>

<node id="205" bw="0">
<![CDATA[
:0  ret void

]]></node>
<StgValue><ssdm name=""/></StgValue>
</operation>
</state>

<state id="3" st_id="3">

<operation id="48" st_id="3" stage="1" lat="2">
<core></core>
<MemPortIdVec></MemPortIdVec>
<condition id="6">
<or_exp><and_exp></and_exp></or_exp>
</condition>

<node id="35" bw="8" op_0_bw="8" op_1_bw="4" op_2_bw="8">
<![CDATA[
:25  %tmp_i = call fastcc zeroext i8 @Cipher_Multiplication(i4 zeroext 2, i8 zeroext %B_0) nounwind

]]></node>
<StgValue><ssdm name="tmp_i"/></StgValue>
</operation>

<operation id="49" st_id="3" stage="1" lat="2">
<core></core>
<MemPortIdVec></MemPortIdVec>
<condition id="6">
<or_exp><and_exp></and_exp></or_exp>
</condition>

<node id="36" bw="8" op_0_bw="8" op_1_bw="4" op_2_bw="8">
<![CDATA[
:26  %tmp_9_i = call fastcc zeroext i8 @Cipher_Multiplication(i4 zeroext 3, i8 zeroext %B_1) nounwind

]]></node>
<StgValue><ssdm name="tmp_9_i"/></StgValue>
</operation>

<operation id="50" st_id="3" stage="1" lat="2">
<core></core>
<MemPortIdVec></MemPortIdVec>
<condition id="6">
<or_exp><and_exp></and_exp></or_exp>
</condition>

<node id="37" bw="8" op_0_bw="8" op_1_bw="4" op_2_bw="8">
<![CDATA[
:27  %tmp_i_13 = call fastcc zeroext i8 @Cipher_Multiplication(i4 zeroext 1, i8 zeroext %B_2) nounwind

]]></node>
<StgValue><ssdm name="tmp_i_13"/></StgValue>
</operation>

<operation id="51" st_id="3" stage="1" lat="2">
<core></core>
<MemPortIdVec></MemPortIdVec>
<condition id="6">
<or_exp><and_exp></and_exp></or_exp>
</condition>

<node id="38" bw="8" op_0_bw="8" op_1_bw="4" op_2_bw="8">
<![CDATA[
:28  %tmp_1_i = call fastcc zeroext i8 @Cipher_Multiplication(i4 zeroext 1, i8 zeroext %B_3) nounwind

]]></node>
<StgValue><ssdm name="tmp_1_i"/></StgValue>
</operation>

<operation id="52" st_id="3" stage="1" lat="1">
<core>LogicGate</core>
<MemPortIdVec></MemPortIdVec>
<condition id="6">
<or_exp><and_exp></and_exp></or_exp>
</condition>

<node id="39" bw="8" op_0_bw="8" op_1_bw="8">
<![CDATA[
:29  %tmp1 = xor i8 %tmp_9_i, %tmp_i

]]></node>
<StgValue><ssdm name="tmp1"/></StgValue>
</operation>

<operation id="53" st_id="3" stage="1" lat="1">
<core>LogicGate</core>
<MemPortIdVec></MemPortIdVec>
<condition id="6">
<or_exp><and_exp></and_exp></or_exp>
</condition>

<node id="40" bw="8" op_0_bw="8" op_1_bw="8">
<![CDATA[
:30  %tmp2 = xor i8 %tmp_i_13, %tmp_1_i

]]></node>
<StgValue><ssdm name="tmp2"/></StgValue>
</operation>

<operation id="54" st_id="3" stage="1" lat="1">
<core>LogicGate</core>
<MemPortIdVec></MemPortIdVec>
<condition id="6">
<or_exp><and_exp></and_exp></or_exp>
</condition>

<node id="41" bw="8" op_0_bw="8" op_1_bw="8">
<![CDATA[
:31  %temp_0 = xor i8 %tmp2, %tmp1

]]></node>
<StgValue><ssdm name="temp_0"/></StgValue>
</operation>

<operation id="55" st_id="3" stage="1" lat="2">
<core></core>
<MemPortIdVec></MemPortIdVec>
<condition id="6">
<or_exp><and_exp></and_exp></or_exp>
</condition>

<node id="42" bw="8" op_0_bw="8" op_1_bw="4" op_2_bw="8">
<![CDATA[
:32  %tmp_5_i = call fastcc zeroext i8 @Cipher_Multiplication(i4 zeroext 1, i8 zeroext %B_0) nounwind

]]></node>
<StgValue><ssdm name="tmp_5_i"/></StgValue>
</operation>

<operation id="56" st_id="3" stage="1" lat="2">
<core></core>
<MemPortIdVec></MemPortIdVec>
<condition id="6">
<or_exp><and_exp></and_exp></or_exp>
</condition>

<node id="43" bw="8" op_0_bw="8" op_1_bw="4" op_2_bw="8">
<![CDATA[
:33  %tmp_6_i = call fastcc zeroext i8 @Cipher_Multiplication(i4 zeroext 2, i8 zeroext %B_1) nounwind

]]></node>
<StgValue><ssdm name="tmp_6_i"/></StgValue>
</operation>

<operation id="57" st_id="3" stage="1" lat="2">
<core></core>
<MemPortIdVec></MemPortIdVec>
<condition id="6">
<or_exp><and_exp></and_exp></or_exp>
</condition>

<node id="44" bw="8" op_0_bw="8" op_1_bw="4" op_2_bw="8">
<![CDATA[
:34  %tmp_7_i = call fastcc zeroext i8 @Cipher_Multiplication(i4 zeroext 3, i8 zeroext %B_2) nounwind

]]></node>
<StgValue><ssdm name="tmp_7_i"/></StgValue>
</operation>

<operation id="58" st_id="3" stage="1" lat="1">
<core>LogicGate</core>
<MemPortIdVec></MemPortIdVec>
<condition id="6">
<or_exp><and_exp></and_exp></or_exp>
</condition>

<node id="45" bw="8" op_0_bw="8" op_1_bw="8">
<![CDATA[
:35  %tmp3 = xor i8 %tmp_6_i, %tmp_5_i

]]></node>
<StgValue><ssdm name="tmp3"/></StgValue>
</operation>

<operation id="59" st_id="3" stage="1" lat="1">
<core>LogicGate</core>
<MemPortIdVec></MemPortIdVec>
<condition id="6">
<or_exp><and_exp></and_exp></or_exp>
</condition>

<node id="46" bw="8" op_0_bw="8" op_1_bw="8">
<![CDATA[
:36  %tmp4 = xor i8 %tmp_7_i, %tmp_1_i

]]></node>
<StgValue><ssdm name="tmp4"/></StgValue>
</operation>

<operation id="60" st_id="3" stage="1" lat="1">
<core>LogicGate</core>
<MemPortIdVec></MemPortIdVec>
<condition id="6">
<or_exp><and_exp></and_exp></or_exp>
</condition>

<node id="47" bw="8" op_0_bw="8" op_1_bw="8">
<![CDATA[
:37  %temp_1 = xor i8 %tmp4, %tmp3

]]></node>
<StgValue><ssdm name="temp_1"/></StgValue>
</operation>

<operation id="61" st_id="3" stage="1" lat="2">
<core></core>
<MemPortIdVec></MemPortIdVec>
<condition id="6">
<or_exp><and_exp></and_exp></or_exp>
</condition>

<node id="48" bw="8" op_0_bw="8" op_1_bw="4" op_2_bw="8">
<![CDATA[
:38  %tmp_10_i = call fastcc zeroext i8 @Cipher_Multiplication(i4 zeroext 1, i8 zeroext %B_1) nounwind

]]></node>
<StgValue><ssdm name="tmp_10_i"/></StgValue>
</operation>

<operation id="62" st_id="3" stage="1" lat="2">
<core></core>
<MemPortIdVec></MemPortIdVec>
<condition id="6">
<or_exp><and_exp></and_exp></or_exp>
</condition>

<node id="49" bw="8" op_0_bw="8" op_1_bw="4" op_2_bw="8">
<![CDATA[
:39  %tmp_11_i = call fastcc zeroext i8 @Cipher_Multiplication(i4 zeroext 2, i8 zeroext %B_2) nounwind

]]></node>
<StgValue><ssdm name="tmp_11_i"/></StgValue>
</operation>

<operation id="63" st_id="3" stage="1" lat="2">
<core></core>
<MemPortIdVec></MemPortIdVec>
<condition id="6">
<or_exp><and_exp></and_exp></or_exp>
</condition>

<node id="50" bw="8" op_0_bw="8" op_1_bw="4" op_2_bw="8">
<![CDATA[
:40  %tmp_12_i = call fastcc zeroext i8 @Cipher_Multiplication(i4 zeroext 3, i8 zeroext %B_3) nounwind

]]></node>
<StgValue><ssdm name="tmp_12_i"/></StgValue>
</operation>

<operation id="64" st_id="3" stage="1" lat="1">
<core>LogicGate</core>
<MemPortIdVec></MemPortIdVec>
<condition id="6">
<or_exp><and_exp></and_exp></or_exp>
</condition>

<node id="51" bw="8" op_0_bw="8" op_1_bw="8">
<![CDATA[
:41  %tmp5 = xor i8 %tmp_10_i, %tmp_5_i

]]></node>
<StgValue><ssdm name="tmp5"/></StgValue>
</operation>

<operation id="65" st_id="3" stage="1" lat="1">
<core>LogicGate</core>
<MemPortIdVec></MemPortIdVec>
<condition id="6">
<or_exp><and_exp></and_exp></or_exp>
</condition>

<node id="52" bw="8" op_0_bw="8" op_1_bw="8">
<![CDATA[
:42  %tmp6 = xor i8 %tmp_11_i, %tmp_12_i

]]></node>
<StgValue><ssdm name="tmp6"/></StgValue>
</operation>

<operation id="66" st_id="3" stage="1" lat="1">
<core>LogicGate</core>
<MemPortIdVec></MemPortIdVec>
<condition id="6">
<or_exp><and_exp></and_exp></or_exp>
</condition>

<node id="53" bw="8" op_0_bw="8" op_1_bw="8">
<![CDATA[
:43  %temp_2 = xor i8 %tmp6, %tmp5

]]></node>
<StgValue><ssdm name="temp_2"/></StgValue>
</operation>

<operation id="67" st_id="3" stage="1" lat="2">
<core></core>
<MemPortIdVec></MemPortIdVec>
<condition id="6">
<or_exp><and_exp></and_exp></or_exp>
</condition>

<node id="54" bw="8" op_0_bw="8" op_1_bw="4" op_2_bw="8">
<![CDATA[
:44  %tmp_15_i = call fastcc zeroext i8 @Cipher_Multiplication(i4 zeroext 3, i8 zeroext %B_0) nounwind

]]></node>
<StgValue><ssdm name="tmp_15_i"/></StgValue>
</operation>

<operation id="68" st_id="3" stage="1" lat="2">
<core></core>
<MemPortIdVec></MemPortIdVec>
<condition id="6">
<or_exp><and_exp></and_exp></or_exp>
</condition>

<node id="55" bw="8" op_0_bw="8" op_1_bw="4" op_2_bw="8">
<![CDATA[
:45  %tmp_16_i = call fastcc zeroext i8 @Cipher_Multiplication(i4 zeroext 2, i8 zeroext %B_3) nounwind

]]></node>
<StgValue><ssdm name="tmp_16_i"/></StgValue>
</operation>

<operation id="69" st_id="3" stage="1" lat="1">
<core>LogicGate</core>
<MemPortIdVec></MemPortIdVec>
<condition id="6">
<or_exp><and_exp></and_exp></or_exp>
</condition>

<node id="56" bw="8" op_0_bw="8" op_1_bw="8">
<![CDATA[
:46  %tmp7 = xor i8 %tmp_10_i, %tmp_15_i

]]></node>
<StgValue><ssdm name="tmp7"/></StgValue>
</operation>

<operation id="70" st_id="3" stage="1" lat="1">
<core>LogicGate</core>
<MemPortIdVec></MemPortIdVec>
<condition id="6">
<or_exp><and_exp></and_exp></or_exp>
</condition>

<node id="57" bw="8" op_0_bw="8" op_1_bw="8">
<![CDATA[
:47  %tmp8 = xor i8 %tmp_i_13, %tmp_16_i

]]></node>
<StgValue><ssdm name="tmp8"/></StgValue>
</operation>

<operation id="71" st_id="3" stage="1" lat="1">
<core>LogicGate</core>
<MemPortIdVec></MemPortIdVec>
<condition id="6">
<or_exp><and_exp></and_exp></or_exp>
</condition>

<node id="58" bw="8" op_0_bw="8" op_1_bw="8">
<![CDATA[
:48  %temp_3 = xor i8 %tmp8, %tmp7

]]></node>
<StgValue><ssdm name="temp_3"/></StgValue>
</operation>

<operation id="72" st_id="3" stage="1" lat="1">
<core>NULL</core>
<MemPortIdVec></MemPortIdVec>
<condition id="6">
<or_exp><and_exp></and_exp></or_exp>
</condition>

<node id="59" bw="32" op_0_bw="32" op_1_bw="32" op_2_bw="8" op_3_bw="32" op_4_bw="32">
<![CDATA[
:49  %tmp_24 = call i32 @_ssdm_op_PartSet.i32.i32.i8.i32.i32(i32 %tmp_99, i8 %temp_0, i32 0, i32 7)

]]></node>
<StgValue><ssdm name="tmp_24"/></StgValue>
</operation>

<operation id="73" st_id="3" stage="1" lat="1">
<core>Cmp</core>
<MemPortIdVec></MemPortIdVec>
<condition id="6">
<or_exp><and_exp></and_exp></or_exp>
</condition>

<node id="60" bw="1" op_0_bw="7" op_1_bw="7">
<![CDATA[
:50  %tmp_101 = icmp ugt i7 %tmp_s, %tmp_23

]]></node>
<StgValue><ssdm name="tmp_101"/></StgValue>
</operation>

<operation id="74" st_id="3" stage="1" lat="1">
<core>NULL</core>
<MemPortIdVec></MemPortIdVec>
<condition id="6">
<or_exp><and_exp></and_exp></or_exp>
</condition>

<node id="61" bw="8" op_0_bw="7">
<![CDATA[
:51  %tmp_102 = zext i7 %tmp_s to i8

]]></node>
<StgValue><ssdm name="tmp_102"/></StgValue>
</operation>

<operation id="75" st_id="3" stage="1" lat="1">
<core>NULL</core>
<MemPortIdVec></MemPortIdVec>
<condition id="6">
<or_exp><and_exp></and_exp></or_exp>
</condition>

<node id="62" bw="8" op_0_bw="7">
<![CDATA[
:52  %tmp_103 = zext i7 %tmp_23 to i8

]]></node>
<StgValue><ssdm name="tmp_103"/></StgValue>
</operation>

<operation id="76" st_id="3" stage="1" lat="1">
<core>NULL</core>
<MemPortIdVec></MemPortIdVec>
<condition id="6">
<or_exp><and_exp></and_exp></or_exp>
</condition>

<node id="63" bw="128" op_0_bw="32">
<![CDATA[
:53  %tmp_104 = zext i32 %tmp_24 to i128

]]></node>
<StgValue><ssdm name="tmp_104"/></StgValue>
</operation>

<operation id="77" st_id="3" stage="1" lat="1">
<core>LogicGate</core>
<MemPortIdVec></MemPortIdVec>
<condition id="6">
<or_exp><and_exp></and_exp></or_exp>
</condition>

<node id="64" bw="8" op_0_bw="8" op_1_bw="8">
<![CDATA[
:54  %tmp_105 = xor i8 %tmp_102, 127

]]></node>
<StgValue><ssdm name="tmp_105"/></StgValue>
</operation>

<operation id="78" st_id="3" stage="1" lat="1">
<core>Sel</core>
<MemPortIdVec></MemPortIdVec>
<condition id="6">
<or_exp><and_exp></and_exp></or_exp>
</condition>

<node id="65" bw="8" op_0_bw="1" op_1_bw="8" op_2_bw="8">
<![CDATA[
:55  %tmp_106 = select i1 %tmp_101, i8 %tmp_102, i8 %tmp_103

]]></node>
<StgValue><ssdm name="tmp_106"/></StgValue>
</operation>

<operation id="79" st_id="3" stage="1" lat="1">
<core>Sel</core>
<MemPortIdVec></MemPortIdVec>
<condition id="6">
<or_exp><and_exp></and_exp></or_exp>
</condition>

<node id="66" bw="8" op_0_bw="1" op_1_bw="8" op_2_bw="8">
<![CDATA[
:56  %tmp_107 = select i1 %tmp_101, i8 %tmp_103, i8 %tmp_102

]]></node>
<StgValue><ssdm name="tmp_107"/></StgValue>
</operation>

<operation id="80" st_id="3" stage="1" lat="1">
<core>Sel</core>
<MemPortIdVec></MemPortIdVec>
<condition id="6">
<or_exp><and_exp></and_exp></or_exp>
</condition>

<node id="67" bw="8" op_0_bw="1" op_1_bw="8" op_2_bw="8">
<![CDATA[
:57  %tmp_108 = select i1 %tmp_101, i8 %tmp_105, i8 %tmp_102

]]></node>
<StgValue><ssdm name="tmp_108"/></StgValue>
</operation>

<operation id="81" st_id="3" stage="1" lat="1">
<core>LogicGate</core>
<MemPortIdVec></MemPortIdVec>
<condition id="6">
<or_exp><and_exp></and_exp></or_exp>
</condition>

<node id="68" bw="8" op_0_bw="8" op_1_bw="8">
<![CDATA[
:58  %tmp_109 = xor i8 %tmp_106, 127

]]></node>
<StgValue><ssdm name="tmp_109"/></StgValue>
</operation>

<operation id="82" st_id="3" stage="1" lat="1">
<core>NULL</core>
<MemPortIdVec></MemPortIdVec>
<condition id="6">
<or_exp><and_exp></and_exp></or_exp>
</condition>

<node id="69" bw="128" op_0_bw="8">
<![CDATA[
:59  %tmp_110 = zext i8 %tmp_108 to i128

]]></node>
<StgValue><ssdm name="tmp_110"/></StgValue>
</operation>

<operation id="83" st_id="3" stage="1" lat="1">
<core>NULL</core>
<MemPortIdVec></MemPortIdVec>
<condition id="6">
<or_exp><and_exp></and_exp></or_exp>
</condition>

<node id="70" bw="128" op_0_bw="8">
<![CDATA[
:60  %tmp_111 = zext i8 %tmp_107 to i128

]]></node>
<StgValue><ssdm name="tmp_111"/></StgValue>
</operation>

<operation id="84" st_id="3" stage="1" lat="1">
<core>NULL</core>
<MemPortIdVec></MemPortIdVec>
<condition id="6">
<or_exp><and_exp></and_exp></or_exp>
</condition>

<node id="71" bw="128" op_0_bw="8">
<![CDATA[
:61  %tmp_112 = zext i8 %tmp_109 to i128

]]></node>
<StgValue><ssdm name="tmp_112"/></StgValue>
</operation>

<operation id="85" st_id="3" stage="1" lat="1">
<core>Shift</core>
<MemPortIdVec></MemPortIdVec>
<condition id="6">
<or_exp><and_exp></and_exp></or_exp>
</condition>

<node id="72" bw="128" op_0_bw="128" op_1_bw="128">
<![CDATA[
:62  %tmp_113 = shl i128 %tmp_104, %tmp_110

]]></node>
<StgValue><ssdm name="tmp_113"/></StgValue>
</operation>

<operation id="86" st_id="3" stage="1" lat="1">
<core>NULL</core>
<MemPortIdVec></MemPortIdVec>
<condition id="6">
<or_exp><and_exp></and_exp></or_exp>
</condition>

<node id="73" bw="128" op_0_bw="128" op_1_bw="128" op_2_bw="32" op_3_bw="32">
<![CDATA[
:63  %tmp_114 = call i128 @llvm.part.select.i128(i128 %tmp_113, i32 127, i32 0)

]]></node>
<StgValue><ssdm name="tmp_114"/></StgValue>
</operation>

<operation id="87" st_id="3" stage="1" lat="1">
<core>Sel</core>
<MemPortIdVec></MemPortIdVec>
<condition id="6">
<or_exp><and_exp></and_exp></or_exp>
</condition>

<node id="74" bw="128" op_0_bw="1" op_1_bw="128" op_2_bw="128">
<![CDATA[
:64  %tmp_115 = select i1 %tmp_101, i128 %tmp_114, i128 %tmp_113

]]></node>
<StgValue><ssdm name="tmp_115"/></StgValue>
</operation>

<operation id="88" st_id="3" stage="1" lat="1">
<core>ShiftnS</core>
<MemPortIdVec></MemPortIdVec>
<condition id="6">
<or_exp><and_exp></and_exp></or_exp>
</condition>

<node id="75" bw="128" op_0_bw="128" op_1_bw="128">
<![CDATA[
:65  %tmp_116 = shl i128 -1, %tmp_111

]]></node>
<StgValue><ssdm name="tmp_116"/></StgValue>
</operation>

<operation id="89" st_id="3" stage="1" lat="1">
<core>ShiftnS</core>
<MemPortIdVec></MemPortIdVec>
<condition id="6">
<or_exp><and_exp></and_exp></or_exp>
</condition>

<node id="76" bw="128" op_0_bw="128" op_1_bw="128">
<![CDATA[
:66  %tmp_117 = lshr i128 -1, %tmp_112

]]></node>
<StgValue><ssdm name="tmp_117"/></StgValue>
</operation>

<operation id="90" st_id="3" stage="1" lat="1">
<core>LogicGate</core>
<MemPortIdVec></MemPortIdVec>
<condition id="6">
<or_exp><and_exp></and_exp></or_exp>
</condition>

<node id="77" bw="128" op_0_bw="128" op_1_bw="128">
<![CDATA[
:67  %p_demorgan = and i128 %tmp_116, %tmp_117

]]></node>
<StgValue><ssdm name="p_demorgan"/></StgValue>
</operation>

<operation id="91" st_id="3" stage="1" lat="1">
<core>LogicGate</core>
<MemPortIdVec></MemPortIdVec>
<condition id="6">
<or_exp><and_exp></and_exp></or_exp>
</condition>

<node id="78" bw="128" op_0_bw="128" op_1_bw="128">
<![CDATA[
:68  %tmp_118 = xor i128 %p_demorgan, -1

]]></node>
<StgValue><ssdm name="tmp_118"/></StgValue>
</operation>

<operation id="92" st_id="3" stage="1" lat="1">
<core>LogicGate</core>
<MemPortIdVec></MemPortIdVec>
<condition id="6">
<or_exp><and_exp></and_exp></or_exp>
</condition>

<node id="79" bw="128" op_0_bw="128" op_1_bw="128">
<![CDATA[
:69  %tmp_119 = and i128 %cipher_state_load, %tmp_118

]]></node>
<StgValue><ssdm name="tmp_119"/></StgValue>
</operation>

<operation id="93" st_id="3" stage="1" lat="1">
<core>LogicGate</core>
<MemPortIdVec></MemPortIdVec>
<condition id="6">
<or_exp><and_exp></and_exp></or_exp>
</condition>

<node id="80" bw="128" op_0_bw="128" op_1_bw="128">
<![CDATA[
:70  %tmp_120 = and i128 %tmp_115, %p_demorgan

]]></node>
<StgValue><ssdm name="tmp_120"/></StgValue>
</operation>

<operation id="94" st_id="3" stage="1" lat="1">
<core>LogicGate</core>
<MemPortIdVec></MemPortIdVec>
<condition id="6">
<or_exp><and_exp></and_exp></or_exp>
</condition>

<node id="81" bw="128" op_0_bw="128" op_1_bw="128">
<![CDATA[
:71  %tmp_121 = or i128 %tmp_119, %tmp_120

]]></node>
<StgValue><ssdm name="tmp_121"/></StgValue>
</operation>

<operation id="95" st_id="3" stage="1" lat="1">
<core>Cmp</core>
<MemPortIdVec></MemPortIdVec>
<condition id="6">
<or_exp><and_exp></and_exp></or_exp>
</condition>

<node id="82" bw="1" op_0_bw="7" op_1_bw="7">
<![CDATA[
:72  %tmp_122 = icmp ugt i7 %tmp_s, %tmp_23

]]></node>
<StgValue><ssdm name="tmp_122"/></StgValue>
</operation>

<operation id="96" st_id="3" stage="1" lat="1">
<core>NULL</core>
<MemPortIdVec></MemPortIdVec>
<condition id="6">
<or_exp><and_exp></and_exp></or_exp>
</condition>

<node id="83" bw="8" op_0_bw="7">
<![CDATA[
:73  %tmp_123 = zext i7 %tmp_s to i8

]]></node>
<StgValue><ssdm name="tmp_123"/></StgValue>
</operation>

<operation id="97" st_id="3" stage="1" lat="1">
<core>NULL</core>
<MemPortIdVec></MemPortIdVec>
<condition id="6">
<or_exp><and_exp></and_exp></or_exp>
</condition>

<node id="84" bw="8" op_0_bw="7">
<![CDATA[
:74  %tmp_124 = zext i7 %tmp_23 to i8

]]></node>
<StgValue><ssdm name="tmp_124"/></StgValue>
</operation>

<operation id="98" st_id="3" stage="1" lat="1">
<core>NULL</core>
<MemPortIdVec></MemPortIdVec>
<condition id="6">
<or_exp><and_exp></and_exp></or_exp>
</condition>

<node id="85" bw="128" op_0_bw="128" op_1_bw="128" op_2_bw="32" op_3_bw="32">
<![CDATA[
:75  %tmp_125 = call i128 @llvm.part.select.i128(i128 %tmp_121, i32 127, i32 0)

]]></node>
<StgValue><ssdm name="tmp_125"/></StgValue>
</operation>

<operation id="99" st_id="3" stage="1" lat="1">
<core>AddSub</core>
<MemPortIdVec></MemPortIdVec>
<condition id="6">
<or_exp><and_exp></and_exp></or_exp>
</condition>

<node id="86" bw="8" op_0_bw="8" op_1_bw="8">
<![CDATA[
:76  %tmp_126 = sub i8 %tmp_123, %tmp_124

]]></node>
<StgValue><ssdm name="tmp_126"/></StgValue>
</operation>

<operation id="100" st_id="3" stage="1" lat="1">
<core>LogicGate</core>
<MemPortIdVec></MemPortIdVec>
<condition id="6">
<or_exp><and_exp></and_exp></or_exp>
</condition>

<node id="87" bw="8" op_0_bw="8" op_1_bw="8">
<![CDATA[
:77  %tmp_127 = xor i8 %tmp_123, 127

]]></node>
<StgValue><ssdm name="tmp_127"/></StgValue>
</operation>

<operation id="101" st_id="3" stage="1" lat="1">
<core>AddSub</core>
<MemPortIdVec></MemPortIdVec>
<condition id="6">
<or_exp><and_exp></and_exp></or_exp>
</condition>

<node id="88" bw="8" op_0_bw="8" op_1_bw="8">
<![CDATA[
:78  %tmp_128 = sub i8 %tmp_124, %tmp_123

]]></node>
<StgValue><ssdm name="tmp_128"/></StgValue>
</operation>

<operation id="102" st_id="3" stage="1" lat="1">
<core>Sel</core>
<MemPortIdVec></MemPortIdVec>
<condition id="6">
<or_exp><and_exp></and_exp></or_exp>
</condition>

<node id="89" bw="8" op_0_bw="1" op_1_bw="8" op_2_bw="8">
<![CDATA[
:79  %tmp_129 = select i1 %tmp_122, i8 %tmp_126, i8 %tmp_128

]]></node>
<StgValue><ssdm name="tmp_129"/></StgValue>
</operation>

<operation id="103" st_id="3" stage="1" lat="1">
<core>Sel</core>
<MemPortIdVec></MemPortIdVec>
<condition id="6">
<or_exp><and_exp></and_exp></or_exp>
</condition>

<node id="90" bw="128" op_0_bw="1" op_1_bw="128" op_2_bw="128">
<![CDATA[
:80  %tmp_130 = select i1 %tmp_122, i128 %tmp_125, i128 %tmp_121

]]></node>
<StgValue><ssdm name="tmp_130"/></StgValue>
</operation>

<operation id="104" st_id="3" stage="1" lat="1">
<core>Sel</core>
<MemPortIdVec></MemPortIdVec>
<condition id="6">
<or_exp><and_exp></and_exp></or_exp>
</condition>

<node id="91" bw="8" op_0_bw="1" op_1_bw="8" op_2_bw="8">
<![CDATA[
:81  %tmp_131 = select i1 %tmp_122, i8 %tmp_127, i8 %tmp_123

]]></node>
<StgValue><ssdm name="tmp_131"/></StgValue>
</operation>

<operation id="105" st_id="3" stage="1" lat="1">
<core>AddSub</core>
<MemPortIdVec></MemPortIdVec>
<condition id="6">
<or_exp><and_exp></and_exp></or_exp>
</condition>

<node id="92" bw="8" op_0_bw="8" op_1_bw="8">
<![CDATA[
:82  %tmp_132 = sub i8 127, %tmp_129

]]></node>
<StgValue><ssdm name="tmp_132"/></StgValue>
</operation>

<operation id="106" st_id="3" stage="1" lat="1">
<core>NULL</core>
<MemPortIdVec></MemPortIdVec>
<condition id="6">
<or_exp><and_exp></and_exp></or_exp>
</condition>

<node id="93" bw="128" op_0_bw="8">
<![CDATA[
:83  %tmp_133 = zext i8 %tmp_131 to i128

]]></node>
<StgValue><ssdm name="tmp_133"/></StgValue>
</operation>

<operation id="107" st_id="3" stage="1" lat="1">
<core>NULL</core>
<MemPortIdVec></MemPortIdVec>
<condition id="6">
<or_exp><and_exp></and_exp></or_exp>
</condition>

<node id="94" bw="128" op_0_bw="8">
<![CDATA[
:84  %tmp_134 = zext i8 %tmp_132 to i128

]]></node>
<StgValue><ssdm name="tmp_134"/></StgValue>
</operation>

<operation id="108" st_id="3" stage="1" lat="1">
<core>Shift</core>
<MemPortIdVec></MemPortIdVec>
<condition id="6">
<or_exp><and_exp></and_exp></or_exp>
</condition>

<node id="95" bw="128" op_0_bw="128" op_1_bw="128">
<![CDATA[
:85  %tmp_135 = lshr i128 %tmp_130, %tmp_133

]]></node>
<StgValue><ssdm name="tmp_135"/></StgValue>
</operation>

<operation id="109" st_id="3" stage="1" lat="1">
<core>ShiftnS</core>
<MemPortIdVec></MemPortIdVec>
<condition id="6">
<or_exp><and_exp></and_exp></or_exp>
</condition>

<node id="96" bw="128" op_0_bw="128" op_1_bw="128">
<![CDATA[
:86  %tmp_136 = lshr i128 -1, %tmp_134

]]></node>
<StgValue><ssdm name="tmp_136"/></StgValue>
</operation>

<operation id="110" st_id="3" stage="1" lat="1">
<core>LogicGate</core>
<MemPortIdVec></MemPortIdVec>
<condition id="6">
<or_exp><and_exp></and_exp></or_exp>
</condition>

<node id="97" bw="128" op_0_bw="128" op_1_bw="128">
<![CDATA[
:87  %tmp_137 = and i128 %tmp_135, %tmp_136

]]></node>
<StgValue><ssdm name="tmp_137"/></StgValue>
</operation>

<operation id="111" st_id="3" stage="1" lat="1">
<core>NULL</core>
<MemPortIdVec></MemPortIdVec>
<condition id="6">
<or_exp><and_exp></and_exp></or_exp>
</condition>

<node id="98" bw="32" op_0_bw="128">
<![CDATA[
:88  %tmp_138 = trunc i128 %tmp_137 to i32

]]></node>
<StgValue><ssdm name="tmp_138"/></StgValue>
</operation>

<operation id="112" st_id="3" stage="1" lat="1">
<core>NULL</core>
<MemPortIdVec></MemPortIdVec>
<condition id="6">
<or_exp><and_exp></and_exp></or_exp>
</condition>

<node id="99" bw="32" op_0_bw="32" op_1_bw="32" op_2_bw="8" op_3_bw="32" op_4_bw="32">
<![CDATA[
:89  %tmp_25 = call i32 @_ssdm_op_PartSet.i32.i32.i8.i32.i32(i32 %tmp_138, i8 %temp_1, i32 8, i32 15)

]]></node>
<StgValue><ssdm name="tmp_25"/></StgValue>
</operation>

<operation id="113" st_id="3" stage="1" lat="1">
<core>Cmp</core>
<MemPortIdVec></MemPortIdVec>
<condition id="6">
<or_exp><and_exp></and_exp></or_exp>
</condition>

<node id="100" bw="1" op_0_bw="7" op_1_bw="7">
<![CDATA[
:90  %tmp_139 = icmp ugt i7 %tmp_s, %tmp_23

]]></node>
<StgValue><ssdm name="tmp_139"/></StgValue>
</operation>

<operation id="114" st_id="3" stage="1" lat="1">
<core>NULL</core>
<MemPortIdVec></MemPortIdVec>
<condition id="6">
<or_exp><and_exp></and_exp></or_exp>
</condition>

<node id="101" bw="8" op_0_bw="7">
<![CDATA[
:91  %tmp_140 = zext i7 %tmp_s to i8

]]></node>
<StgValue><ssdm name="tmp_140"/></StgValue>
</operation>

<operation id="115" st_id="3" stage="1" lat="1">
<core>NULL</core>
<MemPortIdVec></MemPortIdVec>
<condition id="6">
<or_exp><and_exp></and_exp></or_exp>
</condition>

<node id="102" bw="8" op_0_bw="7">
<![CDATA[
:92  %tmp_141 = zext i7 %tmp_23 to i8

]]></node>
<StgValue><ssdm name="tmp_141"/></StgValue>
</operation>

<operation id="116" st_id="3" stage="1" lat="1">
<core>NULL</core>
<MemPortIdVec></MemPortIdVec>
<condition id="6">
<or_exp><and_exp></and_exp></or_exp>
</condition>

<node id="103" bw="128" op_0_bw="32">
<![CDATA[
:93  %tmp_142 = zext i32 %tmp_25 to i128

]]></node>
<StgValue><ssdm name="tmp_142"/></StgValue>
</operation>

<operation id="117" st_id="3" stage="1" lat="1">
<core>LogicGate</core>
<MemPortIdVec></MemPortIdVec>
<condition id="6">
<or_exp><and_exp></and_exp></or_exp>
</condition>

<node id="104" bw="8" op_0_bw="8" op_1_bw="8">
<![CDATA[
:94  %tmp_143 = xor i8 %tmp_140, 127

]]></node>
<StgValue><ssdm name="tmp_143"/></StgValue>
</operation>

<operation id="118" st_id="3" stage="1" lat="1">
<core>Sel</core>
<MemPortIdVec></MemPortIdVec>
<condition id="6">
<or_exp><and_exp></and_exp></or_exp>
</condition>

<node id="105" bw="8" op_0_bw="1" op_1_bw="8" op_2_bw="8">
<![CDATA[
:95  %tmp_144 = select i1 %tmp_139, i8 %tmp_140, i8 %tmp_141

]]></node>
<StgValue><ssdm name="tmp_144"/></StgValue>
</operation>

<operation id="119" st_id="3" stage="1" lat="1">
<core>Sel</core>
<MemPortIdVec></MemPortIdVec>
<condition id="6">
<or_exp><and_exp></and_exp></or_exp>
</condition>

<node id="106" bw="8" op_0_bw="1" op_1_bw="8" op_2_bw="8">
<![CDATA[
:96  %tmp_145 = select i1 %tmp_139, i8 %tmp_141, i8 %tmp_140

]]></node>
<StgValue><ssdm name="tmp_145"/></StgValue>
</operation>

<operation id="120" st_id="3" stage="1" lat="1">
<core>Sel</core>
<MemPortIdVec></MemPortIdVec>
<condition id="6">
<or_exp><and_exp></and_exp></or_exp>
</condition>

<node id="107" bw="8" op_0_bw="1" op_1_bw="8" op_2_bw="8">
<![CDATA[
:97  %tmp_146 = select i1 %tmp_139, i8 %tmp_143, i8 %tmp_140

]]></node>
<StgValue><ssdm name="tmp_146"/></StgValue>
</operation>

<operation id="121" st_id="3" stage="1" lat="1">
<core>LogicGate</core>
<MemPortIdVec></MemPortIdVec>
<condition id="6">
<or_exp><and_exp></and_exp></or_exp>
</condition>

<node id="108" bw="8" op_0_bw="8" op_1_bw="8">
<![CDATA[
:98  %tmp_147 = xor i8 %tmp_144, 127

]]></node>
<StgValue><ssdm name="tmp_147"/></StgValue>
</operation>

<operation id="122" st_id="3" stage="1" lat="1">
<core>NULL</core>
<MemPortIdVec></MemPortIdVec>
<condition id="6">
<or_exp><and_exp></and_exp></or_exp>
</condition>

<node id="109" bw="128" op_0_bw="8">
<![CDATA[
:99  %tmp_148 = zext i8 %tmp_146 to i128

]]></node>
<StgValue><ssdm name="tmp_148"/></StgValue>
</operation>

<operation id="123" st_id="3" stage="1" lat="1">
<core>NULL</core>
<MemPortIdVec></MemPortIdVec>
<condition id="6">
<or_exp><and_exp></and_exp></or_exp>
</condition>

<node id="110" bw="128" op_0_bw="8">
<![CDATA[
:100  %tmp_149 = zext i8 %tmp_145 to i128

]]></node>
<StgValue><ssdm name="tmp_149"/></StgValue>
</operation>

<operation id="124" st_id="3" stage="1" lat="1">
<core>NULL</core>
<MemPortIdVec></MemPortIdVec>
<condition id="6">
<or_exp><and_exp></and_exp></or_exp>
</condition>

<node id="111" bw="128" op_0_bw="8">
<![CDATA[
:101  %tmp_150 = zext i8 %tmp_147 to i128

]]></node>
<StgValue><ssdm name="tmp_150"/></StgValue>
</operation>

<operation id="125" st_id="3" stage="1" lat="1">
<core>Shift</core>
<MemPortIdVec></MemPortIdVec>
<condition id="6">
<or_exp><and_exp></and_exp></or_exp>
</condition>

<node id="112" bw="128" op_0_bw="128" op_1_bw="128">
<![CDATA[
:102  %tmp_151 = shl i128 %tmp_142, %tmp_148

]]></node>
<StgValue><ssdm name="tmp_151"/></StgValue>
</operation>

<operation id="126" st_id="3" stage="1" lat="1">
<core>NULL</core>
<MemPortIdVec></MemPortIdVec>
<condition id="6">
<or_exp><and_exp></and_exp></or_exp>
</condition>

<node id="113" bw="128" op_0_bw="128" op_1_bw="128" op_2_bw="32" op_3_bw="32">
<![CDATA[
:103  %tmp_152 = call i128 @llvm.part.select.i128(i128 %tmp_151, i32 127, i32 0)

]]></node>
<StgValue><ssdm name="tmp_152"/></StgValue>
</operation>

<operation id="127" st_id="3" stage="1" lat="1">
<core>Sel</core>
<MemPortIdVec></MemPortIdVec>
<condition id="6">
<or_exp><and_exp></and_exp></or_exp>
</condition>

<node id="114" bw="128" op_0_bw="1" op_1_bw="128" op_2_bw="128">
<![CDATA[
:104  %tmp_153 = select i1 %tmp_139, i128 %tmp_152, i128 %tmp_151

]]></node>
<StgValue><ssdm name="tmp_153"/></StgValue>
</operation>

<operation id="128" st_id="3" stage="1" lat="1">
<core>ShiftnS</core>
<MemPortIdVec></MemPortIdVec>
<condition id="6">
<or_exp><and_exp></and_exp></or_exp>
</condition>

<node id="115" bw="128" op_0_bw="128" op_1_bw="128">
<![CDATA[
:105  %tmp_154 = shl i128 -1, %tmp_149

]]></node>
<StgValue><ssdm name="tmp_154"/></StgValue>
</operation>

<operation id="129" st_id="3" stage="1" lat="1">
<core>ShiftnS</core>
<MemPortIdVec></MemPortIdVec>
<condition id="6">
<or_exp><and_exp></and_exp></or_exp>
</condition>

<node id="116" bw="128" op_0_bw="128" op_1_bw="128">
<![CDATA[
:106  %tmp_155 = lshr i128 -1, %tmp_150

]]></node>
<StgValue><ssdm name="tmp_155"/></StgValue>
</operation>

<operation id="130" st_id="3" stage="1" lat="1">
<core>LogicGate</core>
<MemPortIdVec></MemPortIdVec>
<condition id="6">
<or_exp><and_exp></and_exp></or_exp>
</condition>

<node id="117" bw="128" op_0_bw="128" op_1_bw="128">
<![CDATA[
:107  %p_demorgan1 = and i128 %tmp_154, %tmp_155

]]></node>
<StgValue><ssdm name="p_demorgan1"/></StgValue>
</operation>

<operation id="131" st_id="3" stage="1" lat="1">
<core>LogicGate</core>
<MemPortIdVec></MemPortIdVec>
<condition id="6">
<or_exp><and_exp></and_exp></or_exp>
</condition>

<node id="118" bw="128" op_0_bw="128" op_1_bw="128">
<![CDATA[
:108  %tmp_156 = xor i128 %p_demorgan1, -1

]]></node>
<StgValue><ssdm name="tmp_156"/></StgValue>
</operation>

<operation id="132" st_id="3" stage="1" lat="1">
<core>LogicGate</core>
<MemPortIdVec></MemPortIdVec>
<condition id="6">
<or_exp><and_exp></and_exp></or_exp>
</condition>

<node id="119" bw="128" op_0_bw="128" op_1_bw="128">
<![CDATA[
:109  %tmp_157 = and i128 %tmp_121, %tmp_156

]]></node>
<StgValue><ssdm name="tmp_157"/></StgValue>
</operation>

<operation id="133" st_id="3" stage="1" lat="1">
<core>LogicGate</core>
<MemPortIdVec></MemPortIdVec>
<condition id="6">
<or_exp><and_exp></and_exp></or_exp>
</condition>

<node id="120" bw="128" op_0_bw="128" op_1_bw="128">
<![CDATA[
:110  %tmp_158 = and i128 %tmp_153, %p_demorgan1

]]></node>
<StgValue><ssdm name="tmp_158"/></StgValue>
</operation>

<operation id="134" st_id="3" stage="1" lat="1">
<core>LogicGate</core>
<MemPortIdVec></MemPortIdVec>
<condition id="6">
<or_exp><and_exp></and_exp></or_exp>
</condition>

<node id="121" bw="128" op_0_bw="128" op_1_bw="128">
<![CDATA[
:111  %tmp_159 = or i128 %tmp_157, %tmp_158

]]></node>
<StgValue><ssdm name="tmp_159"/></StgValue>
</operation>

<operation id="135" st_id="3" stage="1" lat="1">
<core>Cmp</core>
<MemPortIdVec></MemPortIdVec>
<condition id="6">
<or_exp><and_exp></and_exp></or_exp>
</condition>

<node id="122" bw="1" op_0_bw="7" op_1_bw="7">
<![CDATA[
:112  %tmp_160 = icmp ugt i7 %tmp_s, %tmp_23

]]></node>
<StgValue><ssdm name="tmp_160"/></StgValue>
</operation>

<operation id="136" st_id="3" stage="1" lat="1">
<core>NULL</core>
<MemPortIdVec></MemPortIdVec>
<condition id="6">
<or_exp><and_exp></and_exp></or_exp>
</condition>

<node id="123" bw="8" op_0_bw="7">
<![CDATA[
:113  %tmp_161 = zext i7 %tmp_s to i8

]]></node>
<StgValue><ssdm name="tmp_161"/></StgValue>
</operation>

<operation id="137" st_id="3" stage="1" lat="1">
<core>NULL</core>
<MemPortIdVec></MemPortIdVec>
<condition id="6">
<or_exp><and_exp></and_exp></or_exp>
</condition>

<node id="124" bw="8" op_0_bw="7">
<![CDATA[
:114  %tmp_162 = zext i7 %tmp_23 to i8

]]></node>
<StgValue><ssdm name="tmp_162"/></StgValue>
</operation>

<operation id="138" st_id="3" stage="1" lat="1">
<core>NULL</core>
<MemPortIdVec></MemPortIdVec>
<condition id="6">
<or_exp><and_exp></and_exp></or_exp>
</condition>

<node id="125" bw="128" op_0_bw="128" op_1_bw="128" op_2_bw="32" op_3_bw="32">
<![CDATA[
:115  %tmp_163 = call i128 @llvm.part.select.i128(i128 %tmp_159, i32 127, i32 0)

]]></node>
<StgValue><ssdm name="tmp_163"/></StgValue>
</operation>

<operation id="139" st_id="3" stage="1" lat="1">
<core>AddSub</core>
<MemPortIdVec></MemPortIdVec>
<condition id="6">
<or_exp><and_exp></and_exp></or_exp>
</condition>

<node id="126" bw="8" op_0_bw="8" op_1_bw="8">
<![CDATA[
:116  %tmp_164 = sub i8 %tmp_161, %tmp_162

]]></node>
<StgValue><ssdm name="tmp_164"/></StgValue>
</operation>

<operation id="140" st_id="3" stage="1" lat="1">
<core>LogicGate</core>
<MemPortIdVec></MemPortIdVec>
<condition id="6">
<or_exp><and_exp></and_exp></or_exp>
</condition>

<node id="127" bw="8" op_0_bw="8" op_1_bw="8">
<![CDATA[
:117  %tmp_165 = xor i8 %tmp_161, 127

]]></node>
<StgValue><ssdm name="tmp_165"/></StgValue>
</operation>

<operation id="141" st_id="3" stage="1" lat="1">
<core>AddSub</core>
<MemPortIdVec></MemPortIdVec>
<condition id="6">
<or_exp><and_exp></and_exp></or_exp>
</condition>

<node id="128" bw="8" op_0_bw="8" op_1_bw="8">
<![CDATA[
:118  %tmp_166 = sub i8 %tmp_162, %tmp_161

]]></node>
<StgValue><ssdm name="tmp_166"/></StgValue>
</operation>

<operation id="142" st_id="3" stage="1" lat="1">
<core>Sel</core>
<MemPortIdVec></MemPortIdVec>
<condition id="6">
<or_exp><and_exp></and_exp></or_exp>
</condition>

<node id="129" bw="8" op_0_bw="1" op_1_bw="8" op_2_bw="8">
<![CDATA[
:119  %tmp_167 = select i1 %tmp_160, i8 %tmp_164, i8 %tmp_166

]]></node>
<StgValue><ssdm name="tmp_167"/></StgValue>
</operation>

<operation id="143" st_id="3" stage="1" lat="1">
<core>Sel</core>
<MemPortIdVec></MemPortIdVec>
<condition id="6">
<or_exp><and_exp></and_exp></or_exp>
</condition>

<node id="130" bw="128" op_0_bw="1" op_1_bw="128" op_2_bw="128">
<![CDATA[
:120  %tmp_168 = select i1 %tmp_160, i128 %tmp_163, i128 %tmp_159

]]></node>
<StgValue><ssdm name="tmp_168"/></StgValue>
</operation>

<operation id="144" st_id="3" stage="1" lat="1">
<core>Sel</core>
<MemPortIdVec></MemPortIdVec>
<condition id="6">
<or_exp><and_exp></and_exp></or_exp>
</condition>

<node id="131" bw="8" op_0_bw="1" op_1_bw="8" op_2_bw="8">
<![CDATA[
:121  %tmp_169 = select i1 %tmp_160, i8 %tmp_165, i8 %tmp_161

]]></node>
<StgValue><ssdm name="tmp_169"/></StgValue>
</operation>

<operation id="145" st_id="3" stage="1" lat="1">
<core>AddSub</core>
<MemPortIdVec></MemPortIdVec>
<condition id="6">
<or_exp><and_exp></and_exp></or_exp>
</condition>

<node id="132" bw="8" op_0_bw="8" op_1_bw="8">
<![CDATA[
:122  %tmp_170 = sub i8 127, %tmp_167

]]></node>
<StgValue><ssdm name="tmp_170"/></StgValue>
</operation>

<operation id="146" st_id="3" stage="1" lat="1">
<core>NULL</core>
<MemPortIdVec></MemPortIdVec>
<condition id="6">
<or_exp><and_exp></and_exp></or_exp>
</condition>

<node id="133" bw="128" op_0_bw="8">
<![CDATA[
:123  %tmp_171 = zext i8 %tmp_169 to i128

]]></node>
<StgValue><ssdm name="tmp_171"/></StgValue>
</operation>

<operation id="147" st_id="3" stage="1" lat="1">
<core>NULL</core>
<MemPortIdVec></MemPortIdVec>
<condition id="6">
<or_exp><and_exp></and_exp></or_exp>
</condition>

<node id="134" bw="128" op_0_bw="8">
<![CDATA[
:124  %tmp_172 = zext i8 %tmp_170 to i128

]]></node>
<StgValue><ssdm name="tmp_172"/></StgValue>
</operation>

<operation id="148" st_id="3" stage="1" lat="1">
<core>Shift</core>
<MemPortIdVec></MemPortIdVec>
<condition id="6">
<or_exp><and_exp></and_exp></or_exp>
</condition>

<node id="135" bw="128" op_0_bw="128" op_1_bw="128">
<![CDATA[
:125  %tmp_173 = lshr i128 %tmp_168, %tmp_171

]]></node>
<StgValue><ssdm name="tmp_173"/></StgValue>
</operation>

<operation id="149" st_id="3" stage="1" lat="1">
<core>ShiftnS</core>
<MemPortIdVec></MemPortIdVec>
<condition id="6">
<or_exp><and_exp></and_exp></or_exp>
</condition>

<node id="136" bw="128" op_0_bw="128" op_1_bw="128">
<![CDATA[
:126  %tmp_174 = lshr i128 -1, %tmp_172

]]></node>
<StgValue><ssdm name="tmp_174"/></StgValue>
</operation>

<operation id="150" st_id="3" stage="1" lat="1">
<core>LogicGate</core>
<MemPortIdVec></MemPortIdVec>
<condition id="6">
<or_exp><and_exp></and_exp></or_exp>
</condition>

<node id="137" bw="128" op_0_bw="128" op_1_bw="128">
<![CDATA[
:127  %tmp_175 = and i128 %tmp_173, %tmp_174

]]></node>
<StgValue><ssdm name="tmp_175"/></StgValue>
</operation>

<operation id="151" st_id="3" stage="1" lat="1">
<core>NULL</core>
<MemPortIdVec></MemPortIdVec>
<condition id="6">
<or_exp><and_exp></and_exp></or_exp>
</condition>

<node id="138" bw="32" op_0_bw="128">
<![CDATA[
:128  %tmp_176 = trunc i128 %tmp_175 to i32

]]></node>
<StgValue><ssdm name="tmp_176"/></StgValue>
</operation>

<operation id="152" st_id="3" stage="1" lat="1">
<core>NULL</core>
<MemPortIdVec></MemPortIdVec>
<condition id="6">
<or_exp><and_exp></and_exp></or_exp>
</condition>

<node id="139" bw="32" op_0_bw="32" op_1_bw="32" op_2_bw="8" op_3_bw="32" op_4_bw="32">
<![CDATA[
:129  %tmp_26 = call i32 @_ssdm_op_PartSet.i32.i32.i8.i32.i32(i32 %tmp_176, i8 %temp_2, i32 16, i32 23)

]]></node>
<StgValue><ssdm name="tmp_26"/></StgValue>
</operation>

<operation id="153" st_id="3" stage="1" lat="1">
<core>Cmp</core>
<MemPortIdVec></MemPortIdVec>
<condition id="6">
<or_exp><and_exp></and_exp></or_exp>
</condition>

<node id="140" bw="1" op_0_bw="7" op_1_bw="7">
<![CDATA[
:130  %tmp_177 = icmp ugt i7 %tmp_s, %tmp_23

]]></node>
<StgValue><ssdm name="tmp_177"/></StgValue>
</operation>

<operation id="154" st_id="3" stage="1" lat="1">
<core>NULL</core>
<MemPortIdVec></MemPortIdVec>
<condition id="6">
<or_exp><and_exp></and_exp></or_exp>
</condition>

<node id="141" bw="8" op_0_bw="7">
<![CDATA[
:131  %tmp_178 = zext i7 %tmp_s to i8

]]></node>
<StgValue><ssdm name="tmp_178"/></StgValue>
</operation>

<operation id="155" st_id="3" stage="1" lat="1">
<core>NULL</core>
<MemPortIdVec></MemPortIdVec>
<condition id="6">
<or_exp><and_exp></and_exp></or_exp>
</condition>

<node id="142" bw="8" op_0_bw="7">
<![CDATA[
:132  %tmp_179 = zext i7 %tmp_23 to i8

]]></node>
<StgValue><ssdm name="tmp_179"/></StgValue>
</operation>

<operation id="156" st_id="3" stage="1" lat="1">
<core>NULL</core>
<MemPortIdVec></MemPortIdVec>
<condition id="6">
<or_exp><and_exp></and_exp></or_exp>
</condition>

<node id="143" bw="128" op_0_bw="32">
<![CDATA[
:133  %tmp_180 = zext i32 %tmp_26 to i128

]]></node>
<StgValue><ssdm name="tmp_180"/></StgValue>
</operation>

<operation id="157" st_id="3" stage="1" lat="1">
<core>LogicGate</core>
<MemPortIdVec></MemPortIdVec>
<condition id="6">
<or_exp><and_exp></and_exp></or_exp>
</condition>

<node id="144" bw="8" op_0_bw="8" op_1_bw="8">
<![CDATA[
:134  %tmp_181 = xor i8 %tmp_178, 127

]]></node>
<StgValue><ssdm name="tmp_181"/></StgValue>
</operation>

<operation id="158" st_id="3" stage="1" lat="1">
<core>Sel</core>
<MemPortIdVec></MemPortIdVec>
<condition id="6">
<or_exp><and_exp></and_exp></or_exp>
</condition>

<node id="145" bw="8" op_0_bw="1" op_1_bw="8" op_2_bw="8">
<![CDATA[
:135  %tmp_182 = select i1 %tmp_177, i8 %tmp_178, i8 %tmp_179

]]></node>
<StgValue><ssdm name="tmp_182"/></StgValue>
</operation>

<operation id="159" st_id="3" stage="1" lat="1">
<core>Sel</core>
<MemPortIdVec></MemPortIdVec>
<condition id="6">
<or_exp><and_exp></and_exp></or_exp>
</condition>

<node id="146" bw="8" op_0_bw="1" op_1_bw="8" op_2_bw="8">
<![CDATA[
:136  %tmp_183 = select i1 %tmp_177, i8 %tmp_179, i8 %tmp_178

]]></node>
<StgValue><ssdm name="tmp_183"/></StgValue>
</operation>

<operation id="160" st_id="3" stage="1" lat="1">
<core>Sel</core>
<MemPortIdVec></MemPortIdVec>
<condition id="6">
<or_exp><and_exp></and_exp></or_exp>
</condition>

<node id="147" bw="8" op_0_bw="1" op_1_bw="8" op_2_bw="8">
<![CDATA[
:137  %tmp_184 = select i1 %tmp_177, i8 %tmp_181, i8 %tmp_178

]]></node>
<StgValue><ssdm name="tmp_184"/></StgValue>
</operation>

<operation id="161" st_id="3" stage="1" lat="1">
<core>LogicGate</core>
<MemPortIdVec></MemPortIdVec>
<condition id="6">
<or_exp><and_exp></and_exp></or_exp>
</condition>

<node id="148" bw="8" op_0_bw="8" op_1_bw="8">
<![CDATA[
:138  %tmp_185 = xor i8 %tmp_182, 127

]]></node>
<StgValue><ssdm name="tmp_185"/></StgValue>
</operation>

<operation id="162" st_id="3" stage="1" lat="1">
<core>NULL</core>
<MemPortIdVec></MemPortIdVec>
<condition id="6">
<or_exp><and_exp></and_exp></or_exp>
</condition>

<node id="149" bw="128" op_0_bw="8">
<![CDATA[
:139  %tmp_186 = zext i8 %tmp_184 to i128

]]></node>
<StgValue><ssdm name="tmp_186"/></StgValue>
</operation>

<operation id="163" st_id="3" stage="1" lat="1">
<core>NULL</core>
<MemPortIdVec></MemPortIdVec>
<condition id="6">
<or_exp><and_exp></and_exp></or_exp>
</condition>

<node id="150" bw="128" op_0_bw="8">
<![CDATA[
:140  %tmp_187 = zext i8 %tmp_183 to i128

]]></node>
<StgValue><ssdm name="tmp_187"/></StgValue>
</operation>

<operation id="164" st_id="3" stage="1" lat="1">
<core>NULL</core>
<MemPortIdVec></MemPortIdVec>
<condition id="6">
<or_exp><and_exp></and_exp></or_exp>
</condition>

<node id="151" bw="128" op_0_bw="8">
<![CDATA[
:141  %tmp_188 = zext i8 %tmp_185 to i128

]]></node>
<StgValue><ssdm name="tmp_188"/></StgValue>
</operation>

<operation id="165" st_id="3" stage="1" lat="1">
<core>Shift</core>
<MemPortIdVec></MemPortIdVec>
<condition id="6">
<or_exp><and_exp></and_exp></or_exp>
</condition>

<node id="152" bw="128" op_0_bw="128" op_1_bw="128">
<![CDATA[
:142  %tmp_189 = shl i128 %tmp_180, %tmp_186

]]></node>
<StgValue><ssdm name="tmp_189"/></StgValue>
</operation>

<operation id="166" st_id="3" stage="1" lat="1">
<core>NULL</core>
<MemPortIdVec></MemPortIdVec>
<condition id="6">
<or_exp><and_exp></and_exp></or_exp>
</condition>

<node id="153" bw="128" op_0_bw="128" op_1_bw="128" op_2_bw="32" op_3_bw="32">
<![CDATA[
:143  %tmp_190 = call i128 @llvm.part.select.i128(i128 %tmp_189, i32 127, i32 0)

]]></node>
<StgValue><ssdm name="tmp_190"/></StgValue>
</operation>

<operation id="167" st_id="3" stage="1" lat="1">
<core>Sel</core>
<MemPortIdVec></MemPortIdVec>
<condition id="6">
<or_exp><and_exp></and_exp></or_exp>
</condition>

<node id="154" bw="128" op_0_bw="1" op_1_bw="128" op_2_bw="128">
<![CDATA[
:144  %tmp_191 = select i1 %tmp_177, i128 %tmp_190, i128 %tmp_189

]]></node>
<StgValue><ssdm name="tmp_191"/></StgValue>
</operation>

<operation id="168" st_id="3" stage="1" lat="1">
<core>ShiftnS</core>
<MemPortIdVec></MemPortIdVec>
<condition id="6">
<or_exp><and_exp></and_exp></or_exp>
</condition>

<node id="155" bw="128" op_0_bw="128" op_1_bw="128">
<![CDATA[
:145  %tmp_192 = shl i128 -1, %tmp_187

]]></node>
<StgValue><ssdm name="tmp_192"/></StgValue>
</operation>

<operation id="169" st_id="3" stage="1" lat="1">
<core>ShiftnS</core>
<MemPortIdVec></MemPortIdVec>
<condition id="6">
<or_exp><and_exp></and_exp></or_exp>
</condition>

<node id="156" bw="128" op_0_bw="128" op_1_bw="128">
<![CDATA[
:146  %tmp_193 = lshr i128 -1, %tmp_188

]]></node>
<StgValue><ssdm name="tmp_193"/></StgValue>
</operation>

<operation id="170" st_id="3" stage="1" lat="1">
<core>LogicGate</core>
<MemPortIdVec></MemPortIdVec>
<condition id="6">
<or_exp><and_exp></and_exp></or_exp>
</condition>

<node id="157" bw="128" op_0_bw="128" op_1_bw="128">
<![CDATA[
:147  %p_demorgan2 = and i128 %tmp_192, %tmp_193

]]></node>
<StgValue><ssdm name="p_demorgan2"/></StgValue>
</operation>

<operation id="171" st_id="3" stage="1" lat="1">
<core>LogicGate</core>
<MemPortIdVec></MemPortIdVec>
<condition id="6">
<or_exp><and_exp></and_exp></or_exp>
</condition>

<node id="158" bw="128" op_0_bw="128" op_1_bw="128">
<![CDATA[
:148  %tmp_194 = xor i128 %p_demorgan2, -1

]]></node>
<StgValue><ssdm name="tmp_194"/></StgValue>
</operation>

<operation id="172" st_id="3" stage="1" lat="1">
<core>LogicGate</core>
<MemPortIdVec></MemPortIdVec>
<condition id="6">
<or_exp><and_exp></and_exp></or_exp>
</condition>

<node id="159" bw="128" op_0_bw="128" op_1_bw="128">
<![CDATA[
:149  %tmp_195 = and i128 %tmp_159, %tmp_194

]]></node>
<StgValue><ssdm name="tmp_195"/></StgValue>
</operation>

<operation id="173" st_id="3" stage="1" lat="1">
<core>LogicGate</core>
<MemPortIdVec></MemPortIdVec>
<condition id="6">
<or_exp><and_exp></and_exp></or_exp>
</condition>

<node id="160" bw="128" op_0_bw="128" op_1_bw="128">
<![CDATA[
:150  %tmp_196 = and i128 %tmp_191, %p_demorgan2

]]></node>
<StgValue><ssdm name="tmp_196"/></StgValue>
</operation>

<operation id="174" st_id="3" stage="1" lat="1">
<core>LogicGate</core>
<MemPortIdVec></MemPortIdVec>
<condition id="6">
<or_exp><and_exp></and_exp></or_exp>
</condition>

<node id="161" bw="128" op_0_bw="128" op_1_bw="128">
<![CDATA[
:151  %tmp_197 = or i128 %tmp_195, %tmp_196

]]></node>
<StgValue><ssdm name="tmp_197"/></StgValue>
</operation>

<operation id="175" st_id="3" stage="1" lat="1">
<core>Cmp</core>
<MemPortIdVec></MemPortIdVec>
<condition id="6">
<or_exp><and_exp></and_exp></or_exp>
</condition>

<node id="162" bw="1" op_0_bw="7" op_1_bw="7">
<![CDATA[
:152  %tmp_198 = icmp ugt i7 %tmp_s, %tmp_23

]]></node>
<StgValue><ssdm name="tmp_198"/></StgValue>
</operation>

<operation id="176" st_id="3" stage="1" lat="1">
<core>NULL</core>
<MemPortIdVec></MemPortIdVec>
<condition id="6">
<or_exp><and_exp></and_exp></or_exp>
</condition>

<node id="163" bw="8" op_0_bw="7">
<![CDATA[
:153  %tmp_199 = zext i7 %tmp_s to i8

]]></node>
<StgValue><ssdm name="tmp_199"/></StgValue>
</operation>

<operation id="177" st_id="3" stage="1" lat="1">
<core>NULL</core>
<MemPortIdVec></MemPortIdVec>
<condition id="6">
<or_exp><and_exp></and_exp></or_exp>
</condition>

<node id="164" bw="8" op_0_bw="7">
<![CDATA[
:154  %tmp_200 = zext i7 %tmp_23 to i8

]]></node>
<StgValue><ssdm name="tmp_200"/></StgValue>
</operation>

<operation id="178" st_id="3" stage="1" lat="1">
<core>NULL</core>
<MemPortIdVec></MemPortIdVec>
<condition id="6">
<or_exp><and_exp></and_exp></or_exp>
</condition>

<node id="165" bw="128" op_0_bw="128" op_1_bw="128" op_2_bw="32" op_3_bw="32">
<![CDATA[
:155  %tmp_201 = call i128 @llvm.part.select.i128(i128 %tmp_197, i32 127, i32 0)

]]></node>
<StgValue><ssdm name="tmp_201"/></StgValue>
</operation>

<operation id="179" st_id="3" stage="1" lat="1">
<core>AddSub</core>
<MemPortIdVec></MemPortIdVec>
<condition id="6">
<or_exp><and_exp></and_exp></or_exp>
</condition>

<node id="166" bw="8" op_0_bw="8" op_1_bw="8">
<![CDATA[
:156  %tmp_202 = sub i8 %tmp_199, %tmp_200

]]></node>
<StgValue><ssdm name="tmp_202"/></StgValue>
</operation>

<operation id="180" st_id="3" stage="1" lat="1">
<core>LogicGate</core>
<MemPortIdVec></MemPortIdVec>
<condition id="6">
<or_exp><and_exp></and_exp></or_exp>
</condition>

<node id="167" bw="8" op_0_bw="8" op_1_bw="8">
<![CDATA[
:157  %tmp_203 = xor i8 %tmp_199, 127

]]></node>
<StgValue><ssdm name="tmp_203"/></StgValue>
</operation>

<operation id="181" st_id="3" stage="1" lat="1">
<core>AddSub</core>
<MemPortIdVec></MemPortIdVec>
<condition id="6">
<or_exp><and_exp></and_exp></or_exp>
</condition>

<node id="168" bw="8" op_0_bw="8" op_1_bw="8">
<![CDATA[
:158  %tmp_204 = sub i8 %tmp_200, %tmp_199

]]></node>
<StgValue><ssdm name="tmp_204"/></StgValue>
</operation>

<operation id="182" st_id="3" stage="1" lat="1">
<core>Sel</core>
<MemPortIdVec></MemPortIdVec>
<condition id="6">
<or_exp><and_exp></and_exp></or_exp>
</condition>

<node id="169" bw="8" op_0_bw="1" op_1_bw="8" op_2_bw="8">
<![CDATA[
:159  %tmp_205 = select i1 %tmp_198, i8 %tmp_202, i8 %tmp_204

]]></node>
<StgValue><ssdm name="tmp_205"/></StgValue>
</operation>

<operation id="183" st_id="3" stage="1" lat="1">
<core>Sel</core>
<MemPortIdVec></MemPortIdVec>
<condition id="6">
<or_exp><and_exp></and_exp></or_exp>
</condition>

<node id="170" bw="128" op_0_bw="1" op_1_bw="128" op_2_bw="128">
<![CDATA[
:160  %tmp_206 = select i1 %tmp_198, i128 %tmp_201, i128 %tmp_197

]]></node>
<StgValue><ssdm name="tmp_206"/></StgValue>
</operation>

<operation id="184" st_id="3" stage="1" lat="1">
<core>Sel</core>
<MemPortIdVec></MemPortIdVec>
<condition id="6">
<or_exp><and_exp></and_exp></or_exp>
</condition>

<node id="171" bw="8" op_0_bw="1" op_1_bw="8" op_2_bw="8">
<![CDATA[
:161  %tmp_207 = select i1 %tmp_198, i8 %tmp_203, i8 %tmp_199

]]></node>
<StgValue><ssdm name="tmp_207"/></StgValue>
</operation>

<operation id="185" st_id="3" stage="1" lat="1">
<core>AddSub</core>
<MemPortIdVec></MemPortIdVec>
<condition id="6">
<or_exp><and_exp></and_exp></or_exp>
</condition>

<node id="172" bw="8" op_0_bw="8" op_1_bw="8">
<![CDATA[
:162  %tmp_208 = sub i8 127, %tmp_205

]]></node>
<StgValue><ssdm name="tmp_208"/></StgValue>
</operation>

<operation id="186" st_id="3" stage="1" lat="1">
<core>NULL</core>
<MemPortIdVec></MemPortIdVec>
<condition id="6">
<or_exp><and_exp></and_exp></or_exp>
</condition>

<node id="173" bw="128" op_0_bw="8">
<![CDATA[
:163  %tmp_209 = zext i8 %tmp_207 to i128

]]></node>
<StgValue><ssdm name="tmp_209"/></StgValue>
</operation>

<operation id="187" st_id="3" stage="1" lat="1">
<core>NULL</core>
<MemPortIdVec></MemPortIdVec>
<condition id="6">
<or_exp><and_exp></and_exp></or_exp>
</condition>

<node id="174" bw="128" op_0_bw="8">
<![CDATA[
:164  %tmp_210 = zext i8 %tmp_208 to i128

]]></node>
<StgValue><ssdm name="tmp_210"/></StgValue>
</operation>

<operation id="188" st_id="3" stage="1" lat="1">
<core>Shift</core>
<MemPortIdVec></MemPortIdVec>
<condition id="6">
<or_exp><and_exp></and_exp></or_exp>
</condition>

<node id="175" bw="128" op_0_bw="128" op_1_bw="128">
<![CDATA[
:165  %tmp_211 = lshr i128 %tmp_206, %tmp_209

]]></node>
<StgValue><ssdm name="tmp_211"/></StgValue>
</operation>

<operation id="189" st_id="3" stage="1" lat="1">
<core>ShiftnS</core>
<MemPortIdVec></MemPortIdVec>
<condition id="6">
<or_exp><and_exp></and_exp></or_exp>
</condition>

<node id="176" bw="128" op_0_bw="128" op_1_bw="128">
<![CDATA[
:166  %tmp_212 = lshr i128 -1, %tmp_210

]]></node>
<StgValue><ssdm name="tmp_212"/></StgValue>
</operation>

<operation id="190" st_id="3" stage="1" lat="1">
<core>LogicGate</core>
<MemPortIdVec></MemPortIdVec>
<condition id="6">
<or_exp><and_exp></and_exp></or_exp>
</condition>

<node id="177" bw="128" op_0_bw="128" op_1_bw="128">
<![CDATA[
:167  %tmp_213 = and i128 %tmp_211, %tmp_212

]]></node>
<StgValue><ssdm name="tmp_213"/></StgValue>
</operation>

<operation id="191" st_id="3" stage="1" lat="1">
<core>NULL</core>
<MemPortIdVec></MemPortIdVec>
<condition id="6">
<or_exp><and_exp></and_exp></or_exp>
</condition>

<node id="178" bw="32" op_0_bw="128">
<![CDATA[
:168  %tmp_214 = trunc i128 %tmp_213 to i32

]]></node>
<StgValue><ssdm name="tmp_214"/></StgValue>
</operation>

<operation id="192" st_id="3" stage="1" lat="1">
<core>NULL</core>
<MemPortIdVec></MemPortIdVec>
<condition id="6">
<or_exp><and_exp></and_exp></or_exp>
</condition>

<node id="179" bw="32" op_0_bw="32" op_1_bw="32" op_2_bw="8" op_3_bw="32" op_4_bw="32">
<![CDATA[
:169  %tmp_27 = call i32 @_ssdm_op_PartSet.i32.i32.i8.i32.i32(i32 %tmp_214, i8 %temp_3, i32 24, i32 31)

]]></node>
<StgValue><ssdm name="tmp_27"/></StgValue>
</operation>

<operation id="193" st_id="3" stage="1" lat="1">
<core>Cmp</core>
<MemPortIdVec></MemPortIdVec>
<condition id="6">
<or_exp><and_exp></and_exp></or_exp>
</condition>

<node id="180" bw="1" op_0_bw="7" op_1_bw="7">
<![CDATA[
:170  %tmp_215 = icmp ugt i7 %tmp_s, %tmp_23

]]></node>
<StgValue><ssdm name="tmp_215"/></StgValue>
</operation>

<operation id="194" st_id="3" stage="1" lat="1">
<core>NULL</core>
<MemPortIdVec></MemPortIdVec>
<condition id="6">
<or_exp><and_exp></and_exp></or_exp>
</condition>

<node id="181" bw="8" op_0_bw="7">
<![CDATA[
:171  %tmp_216 = zext i7 %tmp_s to i8

]]></node>
<StgValue><ssdm name="tmp_216"/></StgValue>
</operation>

<operation id="195" st_id="3" stage="1" lat="1">
<core>NULL</core>
<MemPortIdVec></MemPortIdVec>
<condition id="6">
<or_exp><and_exp></and_exp></or_exp>
</condition>

<node id="182" bw="8" op_0_bw="7">
<![CDATA[
:172  %tmp_217 = zext i7 %tmp_23 to i8

]]></node>
<StgValue><ssdm name="tmp_217"/></StgValue>
</operation>

<operation id="196" st_id="3" stage="1" lat="1">
<core>NULL</core>
<MemPortIdVec></MemPortIdVec>
<condition id="6">
<or_exp><and_exp></and_exp></or_exp>
</condition>

<node id="183" bw="128" op_0_bw="32">
<![CDATA[
:173  %tmp_218 = zext i32 %tmp_27 to i128

]]></node>
<StgValue><ssdm name="tmp_218"/></StgValue>
</operation>

<operation id="197" st_id="3" stage="1" lat="1">
<core>LogicGate</core>
<MemPortIdVec></MemPortIdVec>
<condition id="6">
<or_exp><and_exp></and_exp></or_exp>
</condition>

<node id="184" bw="8" op_0_bw="8" op_1_bw="8">
<![CDATA[
:174  %tmp_219 = xor i8 %tmp_216, 127

]]></node>
<StgValue><ssdm name="tmp_219"/></StgValue>
</operation>

<operation id="198" st_id="3" stage="1" lat="1">
<core>Sel</core>
<MemPortIdVec></MemPortIdVec>
<condition id="6">
<or_exp><and_exp></and_exp></or_exp>
</condition>

<node id="185" bw="8" op_0_bw="1" op_1_bw="8" op_2_bw="8">
<![CDATA[
:175  %tmp_220 = select i1 %tmp_215, i8 %tmp_216, i8 %tmp_217

]]></node>
<StgValue><ssdm name="tmp_220"/></StgValue>
</operation>

<operation id="199" st_id="3" stage="1" lat="1">
<core>Sel</core>
<MemPortIdVec></MemPortIdVec>
<condition id="6">
<or_exp><and_exp></and_exp></or_exp>
</condition>

<node id="186" bw="8" op_0_bw="1" op_1_bw="8" op_2_bw="8">
<![CDATA[
:176  %tmp_221 = select i1 %tmp_215, i8 %tmp_217, i8 %tmp_216

]]></node>
<StgValue><ssdm name="tmp_221"/></StgValue>
</operation>

<operation id="200" st_id="3" stage="1" lat="1">
<core>Sel</core>
<MemPortIdVec></MemPortIdVec>
<condition id="6">
<or_exp><and_exp></and_exp></or_exp>
</condition>

<node id="187" bw="8" op_0_bw="1" op_1_bw="8" op_2_bw="8">
<![CDATA[
:177  %tmp_222 = select i1 %tmp_215, i8 %tmp_219, i8 %tmp_216

]]></node>
<StgValue><ssdm name="tmp_222"/></StgValue>
</operation>

<operation id="201" st_id="3" stage="1" lat="1">
<core>LogicGate</core>
<MemPortIdVec></MemPortIdVec>
<condition id="6">
<or_exp><and_exp></and_exp></or_exp>
</condition>

<node id="188" bw="8" op_0_bw="8" op_1_bw="8">
<![CDATA[
:178  %tmp_223 = xor i8 %tmp_220, 127

]]></node>
<StgValue><ssdm name="tmp_223"/></StgValue>
</operation>

<operation id="202" st_id="3" stage="1" lat="1">
<core>NULL</core>
<MemPortIdVec></MemPortIdVec>
<condition id="6">
<or_exp><and_exp></and_exp></or_exp>
</condition>

<node id="189" bw="128" op_0_bw="8">
<![CDATA[
:179  %tmp_224 = zext i8 %tmp_222 to i128

]]></node>
<StgValue><ssdm name="tmp_224"/></StgValue>
</operation>

<operation id="203" st_id="3" stage="1" lat="1">
<core>NULL</core>
<MemPortIdVec></MemPortIdVec>
<condition id="6">
<or_exp><and_exp></and_exp></or_exp>
</condition>

<node id="190" bw="128" op_0_bw="8">
<![CDATA[
:180  %tmp_225 = zext i8 %tmp_221 to i128

]]></node>
<StgValue><ssdm name="tmp_225"/></StgValue>
</operation>

<operation id="204" st_id="3" stage="1" lat="1">
<core>NULL</core>
<MemPortIdVec></MemPortIdVec>
<condition id="6">
<or_exp><and_exp></and_exp></or_exp>
</condition>

<node id="191" bw="128" op_0_bw="8">
<![CDATA[
:181  %tmp_226 = zext i8 %tmp_223 to i128

]]></node>
<StgValue><ssdm name="tmp_226"/></StgValue>
</operation>

<operation id="205" st_id="3" stage="1" lat="1">
<core>Shift</core>
<MemPortIdVec></MemPortIdVec>
<condition id="6">
<or_exp><and_exp></and_exp></or_exp>
</condition>

<node id="192" bw="128" op_0_bw="128" op_1_bw="128">
<![CDATA[
:182  %tmp_227 = shl i128 %tmp_218, %tmp_224

]]></node>
<StgValue><ssdm name="tmp_227"/></StgValue>
</operation>

<operation id="206" st_id="3" stage="1" lat="1">
<core>NULL</core>
<MemPortIdVec></MemPortIdVec>
<condition id="6">
<or_exp><and_exp></and_exp></or_exp>
</condition>

<node id="193" bw="128" op_0_bw="128" op_1_bw="128" op_2_bw="32" op_3_bw="32">
<![CDATA[
:183  %tmp_228 = call i128 @llvm.part.select.i128(i128 %tmp_227, i32 127, i32 0)

]]></node>
<StgValue><ssdm name="tmp_228"/></StgValue>
</operation>

<operation id="207" st_id="3" stage="1" lat="1">
<core>Sel</core>
<MemPortIdVec></MemPortIdVec>
<condition id="6">
<or_exp><and_exp></and_exp></or_exp>
</condition>

<node id="194" bw="128" op_0_bw="1" op_1_bw="128" op_2_bw="128">
<![CDATA[
:184  %tmp_229 = select i1 %tmp_215, i128 %tmp_228, i128 %tmp_227

]]></node>
<StgValue><ssdm name="tmp_229"/></StgValue>
</operation>

<operation id="208" st_id="3" stage="1" lat="1">
<core>ShiftnS</core>
<MemPortIdVec></MemPortIdVec>
<condition id="6">
<or_exp><and_exp></and_exp></or_exp>
</condition>

<node id="195" bw="128" op_0_bw="128" op_1_bw="128">
<![CDATA[
:185  %tmp_230 = shl i128 -1, %tmp_225

]]></node>
<StgValue><ssdm name="tmp_230"/></StgValue>
</operation>

<operation id="209" st_id="3" stage="1" lat="1">
<core>ShiftnS</core>
<MemPortIdVec></MemPortIdVec>
<condition id="6">
<or_exp><and_exp></and_exp></or_exp>
</condition>

<node id="196" bw="128" op_0_bw="128" op_1_bw="128">
<![CDATA[
:186  %tmp_231 = lshr i128 -1, %tmp_226

]]></node>
<StgValue><ssdm name="tmp_231"/></StgValue>
</operation>

<operation id="210" st_id="3" stage="1" lat="1">
<core>LogicGate</core>
<MemPortIdVec></MemPortIdVec>
<condition id="6">
<or_exp><and_exp></and_exp></or_exp>
</condition>

<node id="197" bw="128" op_0_bw="128" op_1_bw="128">
<![CDATA[
:187  %p_demorgan3 = and i128 %tmp_230, %tmp_231

]]></node>
<StgValue><ssdm name="p_demorgan3"/></StgValue>
</operation>

<operation id="211" st_id="3" stage="1" lat="1">
<core>LogicGate</core>
<MemPortIdVec></MemPortIdVec>
<condition id="6">
<or_exp><and_exp></and_exp></or_exp>
</condition>

<node id="198" bw="128" op_0_bw="128" op_1_bw="128">
<![CDATA[
:188  %tmp_232 = xor i128 %p_demorgan3, -1

]]></node>
<StgValue><ssdm name="tmp_232"/></StgValue>
</operation>

<operation id="212" st_id="3" stage="1" lat="1">
<core>LogicGate</core>
<MemPortIdVec></MemPortIdVec>
<condition id="6">
<or_exp><and_exp></and_exp></or_exp>
</condition>

<node id="199" bw="128" op_0_bw="128" op_1_bw="128">
<![CDATA[
:189  %tmp_233 = and i128 %tmp_197, %tmp_232

]]></node>
<StgValue><ssdm name="tmp_233"/></StgValue>
</operation>

<operation id="213" st_id="3" stage="1" lat="1">
<core>LogicGate</core>
<MemPortIdVec></MemPortIdVec>
<condition id="6">
<or_exp><and_exp></and_exp></or_exp>
</condition>

<node id="200" bw="128" op_0_bw="128" op_1_bw="128">
<![CDATA[
:190  %tmp_234 = and i128 %tmp_229, %p_demorgan3

]]></node>
<StgValue><ssdm name="tmp_234"/></StgValue>
</operation>

<operation id="214" st_id="3" stage="1" lat="1">
<core>LogicGate</core>
<MemPortIdVec></MemPortIdVec>
<condition id="6">
<or_exp><and_exp></and_exp></or_exp>
</condition>

<node id="201" bw="128" op_0_bw="128" op_1_bw="128">
<![CDATA[
:191  %tmp_235 = or i128 %tmp_233, %tmp_234

]]></node>
<StgValue><ssdm name="tmp_235"/></StgValue>
</operation>

<operation id="215" st_id="3" stage="1" lat="1">
<core>NULL</core>
<MemPortIdVec></MemPortIdVec>
<condition id="6">
<or_exp><and_exp></and_exp></or_exp>
</condition>

<node id="202" bw="0" op_0_bw="128" op_1_bw="128">
<![CDATA[
:192  store i128 %tmp_235, i128* @cipher_state, align 8

]]></node>
<StgValue><ssdm name=""/></StgValue>
</operation>

<operation id="216" st_id="3" stage="1" lat="1">
<core>NULL</core>
<MemPortIdVec></MemPortIdVec>
<condition id="6">
<or_exp><and_exp></and_exp></or_exp>
</condition>

<node id="203" bw="0" op_0_bw="0">
<![CDATA[
:193  br label %1

]]></node>
<StgValue><ssdm name=""/></StgValue>
</operation>
</state>
</state_list>


<ports>
</ports>


<dataflows>
</dataflows>


</stg>
