<stg><name>Cipher_AddRoundKey</name>


<trans_list>

<trans id="134" from="1" to="2">
<condition id="11">
<or_exp><and_exp></and_exp></or_exp>
</condition>
</trans>

<trans id="135" from="2" to="3">
<condition id="13">
<or_exp><and_exp><literal name="exitcond1" val="0"/>
</and_exp></or_exp>
</condition>
</trans>

<trans id="136" from="3" to="2">
<condition id="15">
<or_exp><and_exp><literal name="exitcond" val="1"/>
</and_exp></or_exp>
</condition>
</trans>

<trans id="137" from="3" to="4">
<condition id="16">
<or_exp><and_exp><literal name="exitcond" val="0"/>
</and_exp></or_exp>
</condition>
</trans>

<trans id="139" from="4" to="3">
<condition id="19">
<or_exp><and_exp></and_exp></or_exp>
</condition>
</trans>
</trans_list>



<state_list>

<state id="1" st_id="1">

<operation id="5" st_id="1" stage="1" lat="1">
<core>NULL</core>
<MemPortIdVec></MemPortIdVec>
<condition id="0">
<or_exp><and_exp></and_exp></or_exp>
</condition>

<node id="4" bw="5" op_0_bw="5" op_1_bw="5">
<![CDATA[
:0  %w_bias_offset_read = call i5 @_ssdm_op_Read.ap_auto.i5(i5 %w_bias_offset)

]]></node>
<StgValue><ssdm name="w_bias_offset_read"/></StgValue>
</operation>

<operation id="6" st_id="1" stage="1" lat="1">
<core>NULL</core>
<MemPortIdVec></MemPortIdVec>
<condition id="0">
<or_exp><and_exp></and_exp></or_exp>
</condition>

<node id="5" bw="64" op_0_bw="5">
<![CDATA[
:1  %w_bias_offset_cast = zext i5 %w_bias_offset_read to i64

]]></node>
<StgValue><ssdm name="w_bias_offset_cast"/></StgValue>
</operation>

<operation id="7" st_id="1" stage="1" lat="1">
<core>NULL</core>
<MemPortIdVec></MemPortIdVec>
<condition id="0">
<or_exp><and_exp></and_exp></or_exp>
</condition>

<node id="6" bw="0" op_0_bw="0" op_1_bw="128" op_2_bw="8" op_3_bw="8" op_4_bw="8" op_5_bw="32" op_6_bw="8" op_7_bw="8" op_8_bw="8">
<![CDATA[
:2  call void (...)* @_ssdm_op_SpecMemCore([11 x i128]* %w_bias, [1 x i8]* @p_str1, [7 x i8]* @p_str9, [1 x i8]* @p_str1, i32 -1, [1 x i8]* @p_str1, [1 x i8]* @p_str1, [1 x i8]* @p_str1)

]]></node>
<StgValue><ssdm name=""/></StgValue>
</operation>

<operation id="8" st_id="1" stage="1" lat="1">
<core>NULL</core>
<MemPortIdVec></MemPortIdVec>
<condition id="0">
<or_exp><and_exp></and_exp></or_exp>
</condition>

<node id="7" bw="4" op_0_bw="128" op_1_bw="64" op_2_bw="64">
<![CDATA[
:3  %w_bias_addr = getelementptr [11 x i128]* %w_bias, i64 0, i64 %w_bias_offset_cast

]]></node>
<StgValue><ssdm name="w_bias_addr"/></StgValue>
</operation>

<operation id="9" st_id="1" stage="1" lat="1">
<core>NULL</core>
<MemPortIdVec></MemPortIdVec>
<condition id="0">
<or_exp><and_exp></and_exp></or_exp>
</condition>

<node id="8" bw="0" op_0_bw="0">
<![CDATA[
:4  br label %.loopexit

]]></node>
<StgValue><ssdm name=""/></StgValue>
</operation>
</state>

<state id="2" st_id="2">

<operation id="10" st_id="2" stage="1" lat="1">
<core>NULL</core>
<MemPortIdVec></MemPortIdVec>
<condition id="1">
<or_exp><and_exp></and_exp></or_exp>
</condition>

<node id="10" bw="3" op_0_bw="3" op_1_bw="0">
<![CDATA[
.loopexit:0  %i = phi i3 [ 0, %0 ], [ %i_3, %.preheader ]

]]></node>
<StgValue><ssdm name="i"/></StgValue>
</operation>

<operation id="11" st_id="2" stage="1" lat="1">
<core>NULL</core>
<MemPortIdVec></MemPortIdVec>
<condition id="1">
<or_exp><and_exp></and_exp></or_exp>
</condition>

<node id="11" bw="4" op_0_bw="3">
<![CDATA[
.loopexit:1  %i_cast = zext i3 %i to i4

]]></node>
<StgValue><ssdm name="i_cast"/></StgValue>
</operation>

<operation id="12" st_id="2" stage="1" lat="1">
<core>Cmp</core>
<MemPortIdVec></MemPortIdVec>
<condition id="1">
<or_exp><and_exp></and_exp></or_exp>
</condition>

<node id="12" bw="1" op_0_bw="3" op_1_bw="3">
<![CDATA[
.loopexit:2  %exitcond1 = icmp eq i3 %i, -4

]]></node>
<StgValue><ssdm name="exitcond1"/></StgValue>
</operation>

<operation id="13" st_id="2" stage="1" lat="1">
<core>NULL</core>
<MemPortIdVec></MemPortIdVec>
<condition id="1">
<or_exp><and_exp></and_exp></or_exp>
</condition>

<node id="13" bw="32" op_0_bw="32" op_1_bw="64" op_2_bw="64" op_3_bw="64">
<![CDATA[
.loopexit:3  %empty = call i32 (...)* @_ssdm_op_SpecLoopTripCount(i64 4, i64 4, i64 4)

]]></node>
<StgValue><ssdm name="empty"/></StgValue>
</operation>

<operation id="14" st_id="2" stage="1" lat="1">
<core>AddSub</core>
<MemPortIdVec></MemPortIdVec>
<condition id="1">
<or_exp><and_exp></and_exp></or_exp>
</condition>

<node id="14" bw="3" op_0_bw="3" op_1_bw="3">
<![CDATA[
.loopexit:4  %i_3 = add i3 %i, 1

]]></node>
<StgValue><ssdm name="i_3"/></StgValue>
</operation>

<operation id="15" st_id="2" stage="1" lat="1">
<core>NULL</core>
<MemPortIdVec></MemPortIdVec>
<condition id="1">
<or_exp><and_exp></and_exp></or_exp>
</condition>

<node id="15" bw="0" op_0_bw="1" op_1_bw="0" op_2_bw="0">
<![CDATA[
.loopexit:5  br i1 %exitcond1, label %2, label %.preheader.preheader

]]></node>
<StgValue><ssdm name=""/></StgValue>
</operation>

<operation id="16" st_id="2" stage="1" lat="1">
<core>NULL</core>
<MemPortIdVec></MemPortIdVec>
<condition id="3">
<or_exp><and_exp><literal name="exitcond1" val="0"/>
</and_exp></or_exp>
</condition>

<node id="17" bw="2" op_0_bw="3">
<![CDATA[
.preheader.preheader:0  %tmp = trunc i3 %i to i2

]]></node>
<StgValue><ssdm name="tmp"/></StgValue>
</operation>

<operation id="17" st_id="2" stage="1" lat="1">
<core>NULL</core>
<MemPortIdVec></MemPortIdVec>
<condition id="3">
<or_exp><and_exp><literal name="exitcond1" val="0"/>
</and_exp></or_exp>
</condition>

<node id="18" bw="5" op_0_bw="5" op_1_bw="2" op_2_bw="3">
<![CDATA[
.preheader.preheader:1  %tmp_28 = call i5 @_ssdm_op_BitConcatenate.i5.i2.i3(i2 %tmp, i3 0)

]]></node>
<StgValue><ssdm name="tmp_28"/></StgValue>
</operation>

<operation id="18" st_id="2" stage="1" lat="1">
<core>NULL</core>
<MemPortIdVec></MemPortIdVec>
<condition id="3">
<or_exp><and_exp><literal name="exitcond1" val="0"/>
</and_exp></or_exp>
</condition>

<node id="19" bw="5" op_0_bw="5" op_1_bw="5">
<![CDATA[
.preheader.preheader:2  %tmp_29 = or i5 %tmp_28, 7

]]></node>
<StgValue><ssdm name="tmp_29"/></StgValue>
</operation>

<operation id="19" st_id="2" stage="1" lat="1">
<core>NULL</core>
<MemPortIdVec></MemPortIdVec>
<condition id="3">
<or_exp><and_exp><literal name="exitcond1" val="0"/>
</and_exp></or_exp>
</condition>

<node id="20" bw="0" op_0_bw="0">
<![CDATA[
.preheader.preheader:3  br label %.preheader

]]></node>
<StgValue><ssdm name=""/></StgValue>
</operation>

<operation id="20" st_id="2" stage="1" lat="1">
<core>NULL</core>
<MemPortIdVec></MemPortIdVec>
<condition id="5">
<or_exp><and_exp><literal name="exitcond1" val="1"/>
</and_exp></or_exp>
</condition>

<node id="136" bw="0">
<![CDATA[
:0  ret void

]]></node>
<StgValue><ssdm name=""/></StgValue>
</operation>
</state>

<state id="3" st_id="3">

<operation id="21" st_id="3" stage="1" lat="1">
<core>NULL</core>
<MemPortIdVec></MemPortIdVec>
<condition id="6">
<or_exp><and_exp></and_exp></or_exp>
</condition>

<node id="22" bw="3" op_0_bw="3" op_1_bw="0">
<![CDATA[
.preheader:0  %j = phi i3 [ %j_2, %1 ], [ 0, %.preheader.preheader ]

]]></node>
<StgValue><ssdm name="j"/></StgValue>
</operation>

<operation id="22" st_id="3" stage="1" lat="1">
<core>Cmp</core>
<MemPortIdVec></MemPortIdVec>
<condition id="6">
<or_exp><and_exp></and_exp></or_exp>
</condition>

<node id="23" bw="1" op_0_bw="3" op_1_bw="3">
<![CDATA[
.preheader:1  %exitcond = icmp eq i3 %j, -4

]]></node>
<StgValue><ssdm name="exitcond"/></StgValue>
</operation>

<operation id="23" st_id="3" stage="1" lat="1">
<core>NULL</core>
<MemPortIdVec></MemPortIdVec>
<condition id="6">
<or_exp><and_exp></and_exp></or_exp>
</condition>

<node id="24" bw="32" op_0_bw="32" op_1_bw="64" op_2_bw="64" op_3_bw="64">
<![CDATA[
.preheader:2  %empty_35 = call i32 (...)* @_ssdm_op_SpecLoopTripCount(i64 4, i64 4, i64 4)

]]></node>
<StgValue><ssdm name="empty_35"/></StgValue>
</operation>

<operation id="24" st_id="3" stage="1" lat="1">
<core>AddSub</core>
<MemPortIdVec></MemPortIdVec>
<condition id="6">
<or_exp><and_exp></and_exp></or_exp>
</condition>

<node id="25" bw="3" op_0_bw="3" op_1_bw="3">
<![CDATA[
.preheader:3  %j_2 = add i3 %j, 1

]]></node>
<StgValue><ssdm name="j_2"/></StgValue>
</operation>

<operation id="25" st_id="3" stage="1" lat="1">
<core>NULL</core>
<MemPortIdVec></MemPortIdVec>
<condition id="6">
<or_exp><and_exp></and_exp></or_exp>
</condition>

<node id="26" bw="0" op_0_bw="1" op_1_bw="0" op_2_bw="0">
<![CDATA[
.preheader:4  br i1 %exitcond, label %.loopexit, label %1

]]></node>
<StgValue><ssdm name=""/></StgValue>
</operation>

<operation id="26" st_id="3" stage="1" lat="1">
<core>NULL</core>
<MemPortIdVec></MemPortIdVec>
<condition id="8">
<or_exp><and_exp><literal name="exitcond" val="0"/>
</and_exp></or_exp>
</condition>

<node id="29" bw="2" op_0_bw="3">
<![CDATA[
:1  %tmp_239 = trunc i3 %j to i2

]]></node>
<StgValue><ssdm name="tmp_239"/></StgValue>
</operation>

<operation id="27" st_id="3" stage="2" lat="2">
<core>RAM_1P</core>
<MemPortIdVec>0 </MemPortIdVec>
<condition id="8">
<or_exp><and_exp><literal name="exitcond" val="0"/>
</and_exp></or_exp>
</condition>

<node id="68" bw="128" op_0_bw="4">
<![CDATA[
:40  %w_bias_load = load i128* %w_bias_addr, align 8

]]></node>
<StgValue><ssdm name="w_bias_load"/></StgValue>
</operation>
</state>

<state id="4" st_id="4">

<operation id="28" st_id="4" stage="1" lat="1">
<core>NULL</core>
<MemPortIdVec></MemPortIdVec>
<condition id="9">
<or_exp><and_exp></and_exp></or_exp>
</condition>

<node id="28" bw="128" op_0_bw="128">
<![CDATA[
:0  %cipher_state_load = load i128* @cipher_state, align 8

]]></node>
<StgValue><ssdm name="cipher_state_load"/></StgValue>
</operation>

<operation id="29" st_id="4" stage="1" lat="1">
<core>NULL</core>
<MemPortIdVec></MemPortIdVec>
<condition id="9">
<or_exp><and_exp></and_exp></or_exp>
</condition>

<node id="30" bw="7" op_0_bw="7" op_1_bw="2" op_2_bw="5">
<![CDATA[
:2  %tmp_30 = call i7 @_ssdm_op_BitConcatenate.i7.i2.i5(i2 %tmp_239, i5 0)

]]></node>
<StgValue><ssdm name="tmp_30"/></StgValue>
</operation>

<operation id="30" st_id="4" stage="1" lat="1">
<core>NULL</core>
<MemPortIdVec></MemPortIdVec>
<condition id="9">
<or_exp><and_exp></and_exp></or_exp>
</condition>

<node id="31" bw="7" op_0_bw="7" op_1_bw="7">
<![CDATA[
:3  %tmp_31 = or i7 %tmp_30, 31

]]></node>
<StgValue><ssdm name="tmp_31"/></StgValue>
</operation>

<operation id="31" st_id="4" stage="1" lat="1">
<core>Cmp</core>
<MemPortIdVec></MemPortIdVec>
<condition id="9">
<or_exp><and_exp></and_exp></or_exp>
</condition>

<node id="32" bw="1" op_0_bw="7" op_1_bw="7">
<![CDATA[
:4  %tmp_240 = icmp ugt i7 %tmp_30, %tmp_31

]]></node>
<StgValue><ssdm name="tmp_240"/></StgValue>
</operation>

<operation id="32" st_id="4" stage="1" lat="1">
<core>NULL</core>
<MemPortIdVec></MemPortIdVec>
<condition id="9">
<or_exp><and_exp></and_exp></or_exp>
</condition>

<node id="33" bw="8" op_0_bw="7">
<![CDATA[
:5  %tmp_241 = zext i7 %tmp_30 to i8

]]></node>
<StgValue><ssdm name="tmp_241"/></StgValue>
</operation>

<operation id="33" st_id="4" stage="1" lat="1">
<core>NULL</core>
<MemPortIdVec></MemPortIdVec>
<condition id="9">
<or_exp><and_exp></and_exp></or_exp>
</condition>

<node id="34" bw="8" op_0_bw="7">
<![CDATA[
:6  %tmp_242 = zext i7 %tmp_31 to i8

]]></node>
<StgValue><ssdm name="tmp_242"/></StgValue>
</operation>

<operation id="34" st_id="4" stage="1" lat="1">
<core>NULL</core>
<MemPortIdVec></MemPortIdVec>
<condition id="9">
<or_exp><and_exp></and_exp></or_exp>
</condition>

<node id="35" bw="128" op_0_bw="128" op_1_bw="128" op_2_bw="32" op_3_bw="32">
<![CDATA[
:7  %tmp_243 = call i128 @llvm.part.select.i128(i128 %cipher_state_load, i32 127, i32 0)

]]></node>
<StgValue><ssdm name="tmp_243"/></StgValue>
</operation>

<operation id="35" st_id="4" stage="1" lat="1">
<core>AddSub</core>
<MemPortIdVec></MemPortIdVec>
<condition id="9">
<or_exp><and_exp></and_exp></or_exp>
</condition>

<node id="36" bw="8" op_0_bw="8" op_1_bw="8">
<![CDATA[
:8  %tmp_244 = sub i8 %tmp_241, %tmp_242

]]></node>
<StgValue><ssdm name="tmp_244"/></StgValue>
</operation>

<operation id="36" st_id="4" stage="1" lat="1">
<core>LogicGate</core>
<MemPortIdVec></MemPortIdVec>
<condition id="9">
<or_exp><and_exp></and_exp></or_exp>
</condition>

<node id="37" bw="8" op_0_bw="8" op_1_bw="8">
<![CDATA[
:9  %tmp_245 = xor i8 %tmp_241, 127

]]></node>
<StgValue><ssdm name="tmp_245"/></StgValue>
</operation>

<operation id="37" st_id="4" stage="1" lat="1">
<core>AddSub</core>
<MemPortIdVec></MemPortIdVec>
<condition id="9">
<or_exp><and_exp></and_exp></or_exp>
</condition>

<node id="38" bw="8" op_0_bw="8" op_1_bw="8">
<![CDATA[
:10  %tmp_246 = sub i8 %tmp_242, %tmp_241

]]></node>
<StgValue><ssdm name="tmp_246"/></StgValue>
</operation>

<operation id="38" st_id="4" stage="1" lat="1">
<core>Sel</core>
<MemPortIdVec></MemPortIdVec>
<condition id="9">
<or_exp><and_exp></and_exp></or_exp>
</condition>

<node id="39" bw="8" op_0_bw="1" op_1_bw="8" op_2_bw="8">
<![CDATA[
:11  %tmp_247 = select i1 %tmp_240, i8 %tmp_244, i8 %tmp_246

]]></node>
<StgValue><ssdm name="tmp_247"/></StgValue>
</operation>

<operation id="39" st_id="4" stage="1" lat="1">
<core>Sel</core>
<MemPortIdVec></MemPortIdVec>
<condition id="9">
<or_exp><and_exp></and_exp></or_exp>
</condition>

<node id="40" bw="128" op_0_bw="1" op_1_bw="128" op_2_bw="128">
<![CDATA[
:12  %tmp_248 = select i1 %tmp_240, i128 %tmp_243, i128 %cipher_state_load

]]></node>
<StgValue><ssdm name="tmp_248"/></StgValue>
</operation>

<operation id="40" st_id="4" stage="1" lat="1">
<core>Sel</core>
<MemPortIdVec></MemPortIdVec>
<condition id="9">
<or_exp><and_exp></and_exp></or_exp>
</condition>

<node id="41" bw="8" op_0_bw="1" op_1_bw="8" op_2_bw="8">
<![CDATA[
:13  %tmp_249 = select i1 %tmp_240, i8 %tmp_245, i8 %tmp_241

]]></node>
<StgValue><ssdm name="tmp_249"/></StgValue>
</operation>

<operation id="41" st_id="4" stage="1" lat="1">
<core>AddSub</core>
<MemPortIdVec></MemPortIdVec>
<condition id="9">
<or_exp><and_exp></and_exp></or_exp>
</condition>

<node id="42" bw="8" op_0_bw="8" op_1_bw="8">
<![CDATA[
:14  %tmp_250 = sub i8 127, %tmp_247

]]></node>
<StgValue><ssdm name="tmp_250"/></StgValue>
</operation>

<operation id="42" st_id="4" stage="1" lat="1">
<core>NULL</core>
<MemPortIdVec></MemPortIdVec>
<condition id="9">
<or_exp><and_exp></and_exp></or_exp>
</condition>

<node id="43" bw="128" op_0_bw="8">
<![CDATA[
:15  %tmp_251 = zext i8 %tmp_249 to i128

]]></node>
<StgValue><ssdm name="tmp_251"/></StgValue>
</operation>

<operation id="43" st_id="4" stage="1" lat="1">
<core>NULL</core>
<MemPortIdVec></MemPortIdVec>
<condition id="9">
<or_exp><and_exp></and_exp></or_exp>
</condition>

<node id="44" bw="128" op_0_bw="8">
<![CDATA[
:16  %tmp_252 = zext i8 %tmp_250 to i128

]]></node>
<StgValue><ssdm name="tmp_252"/></StgValue>
</operation>

<operation id="44" st_id="4" stage="1" lat="1">
<core>Shift</core>
<MemPortIdVec></MemPortIdVec>
<condition id="9">
<or_exp><and_exp></and_exp></or_exp>
</condition>

<node id="45" bw="128" op_0_bw="128" op_1_bw="128">
<![CDATA[
:17  %tmp_253 = lshr i128 %tmp_248, %tmp_251

]]></node>
<StgValue><ssdm name="tmp_253"/></StgValue>
</operation>

<operation id="45" st_id="4" stage="1" lat="1">
<core>ShiftnS</core>
<MemPortIdVec></MemPortIdVec>
<condition id="9">
<or_exp><and_exp></and_exp></or_exp>
</condition>

<node id="46" bw="128" op_0_bw="128" op_1_bw="128">
<![CDATA[
:18  %tmp_254 = lshr i128 -1, %tmp_252

]]></node>
<StgValue><ssdm name="tmp_254"/></StgValue>
</operation>

<operation id="46" st_id="4" stage="1" lat="1">
<core>LogicGate</core>
<MemPortIdVec></MemPortIdVec>
<condition id="9">
<or_exp><and_exp></and_exp></or_exp>
</condition>

<node id="47" bw="128" op_0_bw="128" op_1_bw="128">
<![CDATA[
:19  %tmp_255 = and i128 %tmp_253, %tmp_254

]]></node>
<StgValue><ssdm name="tmp_255"/></StgValue>
</operation>

<operation id="47" st_id="4" stage="1" lat="1">
<core>NULL</core>
<MemPortIdVec></MemPortIdVec>
<condition id="9">
<or_exp><and_exp></and_exp></or_exp>
</condition>

<node id="48" bw="32" op_0_bw="128">
<![CDATA[
:20  %tmp_256 = trunc i128 %tmp_255 to i32

]]></node>
<StgValue><ssdm name="tmp_256"/></StgValue>
</operation>

<operation id="48" st_id="4" stage="1" lat="1">
<core>Cmp</core>
<MemPortIdVec></MemPortIdVec>
<condition id="9">
<or_exp><and_exp></and_exp></or_exp>
</condition>

<node id="49" bw="1" op_0_bw="5" op_1_bw="5">
<![CDATA[
:21  %tmp_257 = icmp ugt i5 %tmp_28, %tmp_29

]]></node>
<StgValue><ssdm name="tmp_257"/></StgValue>
</operation>

<operation id="49" st_id="4" stage="1" lat="1">
<core>NULL</core>
<MemPortIdVec></MemPortIdVec>
<condition id="9">
<or_exp><and_exp></and_exp></or_exp>
</condition>

<node id="50" bw="6" op_0_bw="5">
<![CDATA[
:22  %tmp_258 = zext i5 %tmp_28 to i6

]]></node>
<StgValue><ssdm name="tmp_258"/></StgValue>
</operation>

<operation id="50" st_id="4" stage="1" lat="1">
<core>NULL</core>
<MemPortIdVec></MemPortIdVec>
<condition id="9">
<or_exp><and_exp></and_exp></or_exp>
</condition>

<node id="51" bw="6" op_0_bw="5">
<![CDATA[
:23  %tmp_259 = zext i5 %tmp_29 to i6

]]></node>
<StgValue><ssdm name="tmp_259"/></StgValue>
</operation>

<operation id="51" st_id="4" stage="1" lat="1">
<core>NULL</core>
<MemPortIdVec></MemPortIdVec>
<condition id="9">
<or_exp><and_exp></and_exp></or_exp>
</condition>

<node id="52" bw="32" op_0_bw="32" op_1_bw="128" op_2_bw="32" op_3_bw="32">
<![CDATA[
:24  %tmp_260 = call i32 @_ssdm_op_PartSelect.i32.i128.i32.i32(i128 %tmp_255, i32 31, i32 0)

]]></node>
<StgValue><ssdm name="tmp_260"/></StgValue>
</operation>

<operation id="52" st_id="4" stage="1" lat="1">
<core>AddSub</core>
<MemPortIdVec></MemPortIdVec>
<condition id="9">
<or_exp><and_exp></and_exp></or_exp>
</condition>

<node id="53" bw="6" op_0_bw="6" op_1_bw="6">
<![CDATA[
:25  %tmp_261 = sub i6 %tmp_258, %tmp_259

]]></node>
<StgValue><ssdm name="tmp_261"/></StgValue>
</operation>

<operation id="53" st_id="4" stage="1" lat="1">
<core>LogicGate</core>
<MemPortIdVec></MemPortIdVec>
<condition id="9">
<or_exp><and_exp></and_exp></or_exp>
</condition>

<node id="54" bw="6" op_0_bw="6" op_1_bw="6">
<![CDATA[
:26  %tmp_262 = xor i6 %tmp_258, 31

]]></node>
<StgValue><ssdm name="tmp_262"/></StgValue>
</operation>

<operation id="54" st_id="4" stage="1" lat="1">
<core>AddSub</core>
<MemPortIdVec></MemPortIdVec>
<condition id="9">
<or_exp><and_exp></and_exp></or_exp>
</condition>

<node id="55" bw="6" op_0_bw="6" op_1_bw="6">
<![CDATA[
:27  %tmp_263 = sub i6 %tmp_259, %tmp_258

]]></node>
<StgValue><ssdm name="tmp_263"/></StgValue>
</operation>

<operation id="55" st_id="4" stage="1" lat="1">
<core>Sel</core>
<MemPortIdVec></MemPortIdVec>
<condition id="9">
<or_exp><and_exp></and_exp></or_exp>
</condition>

<node id="56" bw="6" op_0_bw="1" op_1_bw="6" op_2_bw="6">
<![CDATA[
:28  %tmp_264 = select i1 %tmp_257, i6 %tmp_261, i6 %tmp_263

]]></node>
<StgValue><ssdm name="tmp_264"/></StgValue>
</operation>

<operation id="56" st_id="4" stage="1" lat="1">
<core>Sel</core>
<MemPortIdVec></MemPortIdVec>
<condition id="9">
<or_exp><and_exp></and_exp></or_exp>
</condition>

<node id="57" bw="32" op_0_bw="1" op_1_bw="32" op_2_bw="32">
<![CDATA[
:29  %tmp_265 = select i1 %tmp_257, i32 %tmp_260, i32 %tmp_256

]]></node>
<StgValue><ssdm name="tmp_265"/></StgValue>
</operation>

<operation id="57" st_id="4" stage="1" lat="1">
<core>Sel</core>
<MemPortIdVec></MemPortIdVec>
<condition id="9">
<or_exp><and_exp></and_exp></or_exp>
</condition>

<node id="58" bw="6" op_0_bw="1" op_1_bw="6" op_2_bw="6">
<![CDATA[
:30  %tmp_266 = select i1 %tmp_257, i6 %tmp_262, i6 %tmp_258

]]></node>
<StgValue><ssdm name="tmp_266"/></StgValue>
</operation>

<operation id="58" st_id="4" stage="1" lat="1">
<core>AddSub</core>
<MemPortIdVec></MemPortIdVec>
<condition id="9">
<or_exp><and_exp></and_exp></or_exp>
</condition>

<node id="59" bw="6" op_0_bw="6" op_1_bw="6">
<![CDATA[
:31  %tmp_267 = sub i6 31, %tmp_264

]]></node>
<StgValue><ssdm name="tmp_267"/></StgValue>
</operation>

<operation id="59" st_id="4" stage="1" lat="1">
<core>NULL</core>
<MemPortIdVec></MemPortIdVec>
<condition id="9">
<or_exp><and_exp></and_exp></or_exp>
</condition>

<node id="60" bw="32" op_0_bw="6">
<![CDATA[
:32  %tmp_268 = zext i6 %tmp_266 to i32

]]></node>
<StgValue><ssdm name="tmp_268"/></StgValue>
</operation>

<operation id="60" st_id="4" stage="1" lat="1">
<core>NULL</core>
<MemPortIdVec></MemPortIdVec>
<condition id="9">
<or_exp><and_exp></and_exp></or_exp>
</condition>

<node id="61" bw="32" op_0_bw="6">
<![CDATA[
:33  %tmp_269 = zext i6 %tmp_267 to i32

]]></node>
<StgValue><ssdm name="tmp_269"/></StgValue>
</operation>

<operation id="61" st_id="4" stage="1" lat="1">
<core>Shift</core>
<MemPortIdVec></MemPortIdVec>
<condition id="9">
<or_exp><and_exp></and_exp></or_exp>
</condition>

<node id="62" bw="32" op_0_bw="32" op_1_bw="32">
<![CDATA[
:34  %tmp_270 = lshr i32 %tmp_265, %tmp_268

]]></node>
<StgValue><ssdm name="tmp_270"/></StgValue>
</operation>

<operation id="62" st_id="4" stage="1" lat="1">
<core>ShiftnS</core>
<MemPortIdVec></MemPortIdVec>
<condition id="9">
<or_exp><and_exp></and_exp></or_exp>
</condition>

<node id="63" bw="32" op_0_bw="32" op_1_bw="32">
<![CDATA[
:35  %tmp_271 = lshr i32 -1, %tmp_269

]]></node>
<StgValue><ssdm name="tmp_271"/></StgValue>
</operation>

<operation id="63" st_id="4" stage="1" lat="1">
<core>LogicGate</core>
<MemPortIdVec></MemPortIdVec>
<condition id="9">
<or_exp><and_exp></and_exp></or_exp>
</condition>

<node id="64" bw="32" op_0_bw="32" op_1_bw="32">
<![CDATA[
:36  %tmp_272 = and i32 %tmp_270, %tmp_271

]]></node>
<StgValue><ssdm name="tmp_272"/></StgValue>
</operation>

<operation id="64" st_id="4" stage="1" lat="1">
<core>NULL</core>
<MemPortIdVec></MemPortIdVec>
<condition id="9">
<or_exp><and_exp></and_exp></or_exp>
</condition>

<node id="65" bw="8" op_0_bw="32">
<![CDATA[
:37  %tmp_273 = trunc i32 %tmp_272 to i8

]]></node>
<StgValue><ssdm name="tmp_273"/></StgValue>
</operation>

<operation id="65" st_id="4" stage="1" lat="1">
<core>NULL</core>
<MemPortIdVec></MemPortIdVec>
<condition id="9">
<or_exp><and_exp></and_exp></or_exp>
</condition>

<node id="66" bw="4" op_0_bw="4" op_1_bw="2" op_2_bw="2">
<![CDATA[
:38  %tmp_s = call i4 @_ssdm_op_BitConcatenate.i4.i2.i2(i2 %tmp_239, i2 0)

]]></node>
<StgValue><ssdm name="tmp_s"/></StgValue>
</operation>

<operation id="66" st_id="4" stage="1" lat="1">
<core>AddSub</core>
<MemPortIdVec></MemPortIdVec>
<condition id="9">
<or_exp><and_exp></and_exp></or_exp>
</condition>

<node id="67" bw="4" op_0_bw="4" op_1_bw="4">
<![CDATA[
:39  %tmp_19 = add i4 %i_cast, %tmp_s

]]></node>
<StgValue><ssdm name="tmp_19"/></StgValue>
</operation>

<operation id="67" st_id="4" stage="1" lat="2">
<core>RAM_1P</core>
<MemPortIdVec>0 </MemPortIdVec>
<condition id="9">
<or_exp><and_exp></and_exp></or_exp>
</condition>

<node id="68" bw="128" op_0_bw="4">
<![CDATA[
:40  %w_bias_load = load i128* %w_bias_addr, align 8

]]></node>
<StgValue><ssdm name="w_bias_load"/></StgValue>
</operation>

<operation id="68" st_id="4" stage="1" lat="1">
<core>NULL</core>
<MemPortIdVec></MemPortIdVec>
<condition id="9">
<or_exp><and_exp></and_exp></or_exp>
</condition>

<node id="69" bw="7" op_0_bw="7" op_1_bw="4" op_2_bw="3">
<![CDATA[
:41  %tmp_32 = call i7 @_ssdm_op_BitConcatenate.i7.i4.i3(i4 %tmp_19, i3 0)

]]></node>
<StgValue><ssdm name="tmp_32"/></StgValue>
</operation>

<operation id="69" st_id="4" stage="1" lat="1">
<core>NULL</core>
<MemPortIdVec></MemPortIdVec>
<condition id="9">
<or_exp><and_exp></and_exp></or_exp>
</condition>

<node id="70" bw="7" op_0_bw="7" op_1_bw="7">
<![CDATA[
:42  %tmp_33 = or i7 %tmp_32, 7

]]></node>
<StgValue><ssdm name="tmp_33"/></StgValue>
</operation>

<operation id="70" st_id="4" stage="1" lat="1">
<core>Cmp</core>
<MemPortIdVec></MemPortIdVec>
<condition id="9">
<or_exp><and_exp></and_exp></or_exp>
</condition>

<node id="71" bw="1" op_0_bw="7" op_1_bw="7">
<![CDATA[
:43  %tmp_274 = icmp ugt i7 %tmp_32, %tmp_33

]]></node>
<StgValue><ssdm name="tmp_274"/></StgValue>
</operation>

<operation id="71" st_id="4" stage="1" lat="1">
<core>NULL</core>
<MemPortIdVec></MemPortIdVec>
<condition id="9">
<or_exp><and_exp></and_exp></or_exp>
</condition>

<node id="72" bw="8" op_0_bw="7">
<![CDATA[
:44  %tmp_275 = zext i7 %tmp_32 to i8

]]></node>
<StgValue><ssdm name="tmp_275"/></StgValue>
</operation>

<operation id="72" st_id="4" stage="1" lat="1">
<core>NULL</core>
<MemPortIdVec></MemPortIdVec>
<condition id="9">
<or_exp><and_exp></and_exp></or_exp>
</condition>

<node id="73" bw="8" op_0_bw="7">
<![CDATA[
:45  %tmp_276 = zext i7 %tmp_33 to i8

]]></node>
<StgValue><ssdm name="tmp_276"/></StgValue>
</operation>

<operation id="73" st_id="4" stage="1" lat="1">
<core>NULL</core>
<MemPortIdVec></MemPortIdVec>
<condition id="9">
<or_exp><and_exp></and_exp></or_exp>
</condition>

<node id="74" bw="128" op_0_bw="128" op_1_bw="128" op_2_bw="32" op_3_bw="32">
<![CDATA[
:46  %tmp_277 = call i128 @llvm.part.select.i128(i128 %w_bias_load, i32 127, i32 0)

]]></node>
<StgValue><ssdm name="tmp_277"/></StgValue>
</operation>

<operation id="74" st_id="4" stage="1" lat="1">
<core>AddSub</core>
<MemPortIdVec></MemPortIdVec>
<condition id="9">
<or_exp><and_exp></and_exp></or_exp>
</condition>

<node id="75" bw="8" op_0_bw="8" op_1_bw="8">
<![CDATA[
:47  %tmp_278 = sub i8 %tmp_275, %tmp_276

]]></node>
<StgValue><ssdm name="tmp_278"/></StgValue>
</operation>

<operation id="75" st_id="4" stage="1" lat="1">
<core>LogicGate</core>
<MemPortIdVec></MemPortIdVec>
<condition id="9">
<or_exp><and_exp></and_exp></or_exp>
</condition>

<node id="76" bw="8" op_0_bw="8" op_1_bw="8">
<![CDATA[
:48  %tmp_279 = xor i8 %tmp_275, 127

]]></node>
<StgValue><ssdm name="tmp_279"/></StgValue>
</operation>

<operation id="76" st_id="4" stage="1" lat="1">
<core>AddSub</core>
<MemPortIdVec></MemPortIdVec>
<condition id="9">
<or_exp><and_exp></and_exp></or_exp>
</condition>

<node id="77" bw="8" op_0_bw="8" op_1_bw="8">
<![CDATA[
:49  %tmp_280 = sub i8 %tmp_276, %tmp_275

]]></node>
<StgValue><ssdm name="tmp_280"/></StgValue>
</operation>

<operation id="77" st_id="4" stage="1" lat="1">
<core>Sel</core>
<MemPortIdVec></MemPortIdVec>
<condition id="9">
<or_exp><and_exp></and_exp></or_exp>
</condition>

<node id="78" bw="8" op_0_bw="1" op_1_bw="8" op_2_bw="8">
<![CDATA[
:50  %tmp_281 = select i1 %tmp_274, i8 %tmp_278, i8 %tmp_280

]]></node>
<StgValue><ssdm name="tmp_281"/></StgValue>
</operation>

<operation id="78" st_id="4" stage="1" lat="1">
<core>Sel</core>
<MemPortIdVec></MemPortIdVec>
<condition id="9">
<or_exp><and_exp></and_exp></or_exp>
</condition>

<node id="79" bw="128" op_0_bw="1" op_1_bw="128" op_2_bw="128">
<![CDATA[
:51  %tmp_282 = select i1 %tmp_274, i128 %tmp_277, i128 %w_bias_load

]]></node>
<StgValue><ssdm name="tmp_282"/></StgValue>
</operation>

<operation id="79" st_id="4" stage="1" lat="1">
<core>Sel</core>
<MemPortIdVec></MemPortIdVec>
<condition id="9">
<or_exp><and_exp></and_exp></or_exp>
</condition>

<node id="80" bw="8" op_0_bw="1" op_1_bw="8" op_2_bw="8">
<![CDATA[
:52  %tmp_283 = select i1 %tmp_274, i8 %tmp_279, i8 %tmp_275

]]></node>
<StgValue><ssdm name="tmp_283"/></StgValue>
</operation>

<operation id="80" st_id="4" stage="1" lat="1">
<core>AddSub</core>
<MemPortIdVec></MemPortIdVec>
<condition id="9">
<or_exp><and_exp></and_exp></or_exp>
</condition>

<node id="81" bw="8" op_0_bw="8" op_1_bw="8">
<![CDATA[
:53  %tmp_284 = sub i8 127, %tmp_281

]]></node>
<StgValue><ssdm name="tmp_284"/></StgValue>
</operation>

<operation id="81" st_id="4" stage="1" lat="1">
<core>NULL</core>
<MemPortIdVec></MemPortIdVec>
<condition id="9">
<or_exp><and_exp></and_exp></or_exp>
</condition>

<node id="82" bw="128" op_0_bw="8">
<![CDATA[
:54  %tmp_285 = zext i8 %tmp_283 to i128

]]></node>
<StgValue><ssdm name="tmp_285"/></StgValue>
</operation>

<operation id="82" st_id="4" stage="1" lat="1">
<core>NULL</core>
<MemPortIdVec></MemPortIdVec>
<condition id="9">
<or_exp><and_exp></and_exp></or_exp>
</condition>

<node id="83" bw="128" op_0_bw="8">
<![CDATA[
:55  %tmp_286 = zext i8 %tmp_284 to i128

]]></node>
<StgValue><ssdm name="tmp_286"/></StgValue>
</operation>

<operation id="83" st_id="4" stage="1" lat="1">
<core>Shift</core>
<MemPortIdVec></MemPortIdVec>
<condition id="9">
<or_exp><and_exp></and_exp></or_exp>
</condition>

<node id="84" bw="128" op_0_bw="128" op_1_bw="128">
<![CDATA[
:56  %tmp_287 = lshr i128 %tmp_282, %tmp_285

]]></node>
<StgValue><ssdm name="tmp_287"/></StgValue>
</operation>

<operation id="84" st_id="4" stage="1" lat="1">
<core>ShiftnS</core>
<MemPortIdVec></MemPortIdVec>
<condition id="9">
<or_exp><and_exp></and_exp></or_exp>
</condition>

<node id="85" bw="128" op_0_bw="128" op_1_bw="128">
<![CDATA[
:57  %tmp_288 = lshr i128 -1, %tmp_286

]]></node>
<StgValue><ssdm name="tmp_288"/></StgValue>
</operation>

<operation id="85" st_id="4" stage="1" lat="1">
<core>LogicGate</core>
<MemPortIdVec></MemPortIdVec>
<condition id="9">
<or_exp><and_exp></and_exp></or_exp>
</condition>

<node id="86" bw="128" op_0_bw="128" op_1_bw="128">
<![CDATA[
:58  %tmp_289 = and i128 %tmp_287, %tmp_288

]]></node>
<StgValue><ssdm name="tmp_289"/></StgValue>
</operation>

<operation id="86" st_id="4" stage="1" lat="1">
<core>NULL</core>
<MemPortIdVec></MemPortIdVec>
<condition id="9">
<or_exp><and_exp></and_exp></or_exp>
</condition>

<node id="87" bw="8" op_0_bw="128">
<![CDATA[
:59  %tmp_290 = trunc i128 %tmp_289 to i8

]]></node>
<StgValue><ssdm name="tmp_290"/></StgValue>
</operation>

<operation id="87" st_id="4" stage="1" lat="1">
<core>LogicGate</core>
<MemPortIdVec></MemPortIdVec>
<condition id="9">
<or_exp><and_exp></and_exp></or_exp>
</condition>

<node id="88" bw="8" op_0_bw="8" op_1_bw="8">
<![CDATA[
:60  %tmp_20 = xor i8 %tmp_290, %tmp_273

]]></node>
<StgValue><ssdm name="tmp_20"/></StgValue>
</operation>

<operation id="88" st_id="4" stage="1" lat="1">
<core>Cmp</core>
<MemPortIdVec></MemPortIdVec>
<condition id="9">
<or_exp><and_exp></and_exp></or_exp>
</condition>

<node id="89" bw="1" op_0_bw="5" op_1_bw="5">
<![CDATA[
:61  %tmp_291 = icmp ugt i5 %tmp_28, %tmp_29

]]></node>
<StgValue><ssdm name="tmp_291"/></StgValue>
</operation>

<operation id="89" st_id="4" stage="1" lat="1">
<core>NULL</core>
<MemPortIdVec></MemPortIdVec>
<condition id="9">
<or_exp><and_exp></and_exp></or_exp>
</condition>

<node id="90" bw="6" op_0_bw="5">
<![CDATA[
:62  %tmp_292 = zext i5 %tmp_28 to i6

]]></node>
<StgValue><ssdm name="tmp_292"/></StgValue>
</operation>

<operation id="90" st_id="4" stage="1" lat="1">
<core>NULL</core>
<MemPortIdVec></MemPortIdVec>
<condition id="9">
<or_exp><and_exp></and_exp></or_exp>
</condition>

<node id="91" bw="6" op_0_bw="5">
<![CDATA[
:63  %tmp_293 = zext i5 %tmp_29 to i6

]]></node>
<StgValue><ssdm name="tmp_293"/></StgValue>
</operation>

<operation id="91" st_id="4" stage="1" lat="1">
<core>NULL</core>
<MemPortIdVec></MemPortIdVec>
<condition id="9">
<or_exp><and_exp></and_exp></or_exp>
</condition>

<node id="92" bw="32" op_0_bw="8">
<![CDATA[
:64  %tmp_294 = zext i8 %tmp_20 to i32

]]></node>
<StgValue><ssdm name="tmp_294"/></StgValue>
</operation>

<operation id="92" st_id="4" stage="1" lat="1">
<core>LogicGate</core>
<MemPortIdVec></MemPortIdVec>
<condition id="9">
<or_exp><and_exp></and_exp></or_exp>
</condition>

<node id="93" bw="6" op_0_bw="6" op_1_bw="6">
<![CDATA[
:65  %tmp_295 = xor i6 %tmp_292, 31

]]></node>
<StgValue><ssdm name="tmp_295"/></StgValue>
</operation>

<operation id="93" st_id="4" stage="1" lat="1">
<core>Sel</core>
<MemPortIdVec></MemPortIdVec>
<condition id="9">
<or_exp><and_exp></and_exp></or_exp>
</condition>

<node id="94" bw="6" op_0_bw="1" op_1_bw="6" op_2_bw="6">
<![CDATA[
:66  %tmp_296 = select i1 %tmp_291, i6 %tmp_292, i6 %tmp_293

]]></node>
<StgValue><ssdm name="tmp_296"/></StgValue>
</operation>

<operation id="94" st_id="4" stage="1" lat="1">
<core>Sel</core>
<MemPortIdVec></MemPortIdVec>
<condition id="9">
<or_exp><and_exp></and_exp></or_exp>
</condition>

<node id="95" bw="6" op_0_bw="1" op_1_bw="6" op_2_bw="6">
<![CDATA[
:67  %tmp_297 = select i1 %tmp_291, i6 %tmp_293, i6 %tmp_292

]]></node>
<StgValue><ssdm name="tmp_297"/></StgValue>
</operation>

<operation id="95" st_id="4" stage="1" lat="1">
<core>Sel</core>
<MemPortIdVec></MemPortIdVec>
<condition id="9">
<or_exp><and_exp></and_exp></or_exp>
</condition>

<node id="96" bw="6" op_0_bw="1" op_1_bw="6" op_2_bw="6">
<![CDATA[
:68  %tmp_298 = select i1 %tmp_291, i6 %tmp_295, i6 %tmp_292

]]></node>
<StgValue><ssdm name="tmp_298"/></StgValue>
</operation>

<operation id="96" st_id="4" stage="1" lat="1">
<core>LogicGate</core>
<MemPortIdVec></MemPortIdVec>
<condition id="9">
<or_exp><and_exp></and_exp></or_exp>
</condition>

<node id="97" bw="6" op_0_bw="6" op_1_bw="6">
<![CDATA[
:69  %tmp_299 = xor i6 %tmp_296, 31

]]></node>
<StgValue><ssdm name="tmp_299"/></StgValue>
</operation>

<operation id="97" st_id="4" stage="1" lat="1">
<core>NULL</core>
<MemPortIdVec></MemPortIdVec>
<condition id="9">
<or_exp><and_exp></and_exp></or_exp>
</condition>

<node id="98" bw="32" op_0_bw="6">
<![CDATA[
:70  %tmp_300 = zext i6 %tmp_298 to i32

]]></node>
<StgValue><ssdm name="tmp_300"/></StgValue>
</operation>

<operation id="98" st_id="4" stage="1" lat="1">
<core>NULL</core>
<MemPortIdVec></MemPortIdVec>
<condition id="9">
<or_exp><and_exp></and_exp></or_exp>
</condition>

<node id="99" bw="32" op_0_bw="6">
<![CDATA[
:71  %tmp_301 = zext i6 %tmp_297 to i32

]]></node>
<StgValue><ssdm name="tmp_301"/></StgValue>
</operation>

<operation id="99" st_id="4" stage="1" lat="1">
<core>NULL</core>
<MemPortIdVec></MemPortIdVec>
<condition id="9">
<or_exp><and_exp></and_exp></or_exp>
</condition>

<node id="100" bw="32" op_0_bw="6">
<![CDATA[
:72  %tmp_302 = zext i6 %tmp_299 to i32

]]></node>
<StgValue><ssdm name="tmp_302"/></StgValue>
</operation>

<operation id="100" st_id="4" stage="1" lat="1">
<core>Shift</core>
<MemPortIdVec></MemPortIdVec>
<condition id="9">
<or_exp><and_exp></and_exp></or_exp>
</condition>

<node id="101" bw="32" op_0_bw="32" op_1_bw="32">
<![CDATA[
:73  %tmp_303 = shl i32 %tmp_294, %tmp_300

]]></node>
<StgValue><ssdm name="tmp_303"/></StgValue>
</operation>

<operation id="101" st_id="4" stage="1" lat="1">
<core>NULL</core>
<MemPortIdVec></MemPortIdVec>
<condition id="9">
<or_exp><and_exp></and_exp></or_exp>
</condition>

<node id="102" bw="32" op_0_bw="32" op_1_bw="32" op_2_bw="32" op_3_bw="32">
<![CDATA[
:74  %tmp_304 = call i32 @llvm.part.select.i32(i32 %tmp_303, i32 31, i32 0)

]]></node>
<StgValue><ssdm name="tmp_304"/></StgValue>
</operation>

<operation id="102" st_id="4" stage="1" lat="1">
<core>Sel</core>
<MemPortIdVec></MemPortIdVec>
<condition id="9">
<or_exp><and_exp></and_exp></or_exp>
</condition>

<node id="103" bw="32" op_0_bw="1" op_1_bw="32" op_2_bw="32">
<![CDATA[
:75  %tmp_305 = select i1 %tmp_291, i32 %tmp_304, i32 %tmp_303

]]></node>
<StgValue><ssdm name="tmp_305"/></StgValue>
</operation>

<operation id="103" st_id="4" stage="1" lat="1">
<core>ShiftnS</core>
<MemPortIdVec></MemPortIdVec>
<condition id="9">
<or_exp><and_exp></and_exp></or_exp>
</condition>

<node id="104" bw="32" op_0_bw="32" op_1_bw="32">
<![CDATA[
:76  %tmp_306 = shl i32 -1, %tmp_301

]]></node>
<StgValue><ssdm name="tmp_306"/></StgValue>
</operation>

<operation id="104" st_id="4" stage="1" lat="1">
<core>ShiftnS</core>
<MemPortIdVec></MemPortIdVec>
<condition id="9">
<or_exp><and_exp></and_exp></or_exp>
</condition>

<node id="105" bw="32" op_0_bw="32" op_1_bw="32">
<![CDATA[
:77  %tmp_307 = lshr i32 -1, %tmp_302

]]></node>
<StgValue><ssdm name="tmp_307"/></StgValue>
</operation>

<operation id="105" st_id="4" stage="1" lat="1">
<core>LogicGate</core>
<MemPortIdVec></MemPortIdVec>
<condition id="9">
<or_exp><and_exp></and_exp></or_exp>
</condition>

<node id="106" bw="32" op_0_bw="32" op_1_bw="32">
<![CDATA[
:78  %p_demorgan = and i32 %tmp_306, %tmp_307

]]></node>
<StgValue><ssdm name="p_demorgan"/></StgValue>
</operation>

<operation id="106" st_id="4" stage="1" lat="1">
<core>LogicGate</core>
<MemPortIdVec></MemPortIdVec>
<condition id="9">
<or_exp><and_exp></and_exp></or_exp>
</condition>

<node id="107" bw="32" op_0_bw="32" op_1_bw="32">
<![CDATA[
:79  %tmp_308 = xor i32 %p_demorgan, -1

]]></node>
<StgValue><ssdm name="tmp_308"/></StgValue>
</operation>

<operation id="107" st_id="4" stage="1" lat="1">
<core>LogicGate</core>
<MemPortIdVec></MemPortIdVec>
<condition id="9">
<or_exp><and_exp></and_exp></or_exp>
</condition>

<node id="108" bw="32" op_0_bw="32" op_1_bw="32">
<![CDATA[
:80  %tmp_309 = and i32 %tmp_256, %tmp_308

]]></node>
<StgValue><ssdm name="tmp_309"/></StgValue>
</operation>

<operation id="108" st_id="4" stage="1" lat="1">
<core>LogicGate</core>
<MemPortIdVec></MemPortIdVec>
<condition id="9">
<or_exp><and_exp></and_exp></or_exp>
</condition>

<node id="109" bw="32" op_0_bw="32" op_1_bw="32">
<![CDATA[
:81  %tmp_310 = and i32 %tmp_305, %p_demorgan

]]></node>
<StgValue><ssdm name="tmp_310"/></StgValue>
</operation>

<operation id="109" st_id="4" stage="1" lat="1">
<core>LogicGate</core>
<MemPortIdVec></MemPortIdVec>
<condition id="9">
<or_exp><and_exp></and_exp></or_exp>
</condition>

<node id="110" bw="32" op_0_bw="32" op_1_bw="32">
<![CDATA[
:82  %tmp_311 = or i32 %tmp_309, %tmp_310

]]></node>
<StgValue><ssdm name="tmp_311"/></StgValue>
</operation>

<operation id="110" st_id="4" stage="1" lat="1">
<core>Cmp</core>
<MemPortIdVec></MemPortIdVec>
<condition id="9">
<or_exp><and_exp></and_exp></or_exp>
</condition>

<node id="111" bw="1" op_0_bw="7" op_1_bw="7">
<![CDATA[
:83  %tmp_312 = icmp ugt i7 %tmp_30, %tmp_31

]]></node>
<StgValue><ssdm name="tmp_312"/></StgValue>
</operation>

<operation id="111" st_id="4" stage="1" lat="1">
<core>NULL</core>
<MemPortIdVec></MemPortIdVec>
<condition id="9">
<or_exp><and_exp></and_exp></or_exp>
</condition>

<node id="112" bw="8" op_0_bw="7">
<![CDATA[
:84  %tmp_313 = zext i7 %tmp_30 to i8

]]></node>
<StgValue><ssdm name="tmp_313"/></StgValue>
</operation>

<operation id="112" st_id="4" stage="1" lat="1">
<core>NULL</core>
<MemPortIdVec></MemPortIdVec>
<condition id="9">
<or_exp><and_exp></and_exp></or_exp>
</condition>

<node id="113" bw="8" op_0_bw="7">
<![CDATA[
:85  %tmp_314 = zext i7 %tmp_31 to i8

]]></node>
<StgValue><ssdm name="tmp_314"/></StgValue>
</operation>

<operation id="113" st_id="4" stage="1" lat="1">
<core>NULL</core>
<MemPortIdVec></MemPortIdVec>
<condition id="9">
<or_exp><and_exp></and_exp></or_exp>
</condition>

<node id="114" bw="128" op_0_bw="32">
<![CDATA[
:86  %tmp_315 = zext i32 %tmp_311 to i128

]]></node>
<StgValue><ssdm name="tmp_315"/></StgValue>
</operation>

<operation id="114" st_id="4" stage="1" lat="1">
<core>LogicGate</core>
<MemPortIdVec></MemPortIdVec>
<condition id="9">
<or_exp><and_exp></and_exp></or_exp>
</condition>

<node id="115" bw="8" op_0_bw="8" op_1_bw="8">
<![CDATA[
:87  %tmp_316 = xor i8 %tmp_313, 127

]]></node>
<StgValue><ssdm name="tmp_316"/></StgValue>
</operation>

<operation id="115" st_id="4" stage="1" lat="1">
<core>Sel</core>
<MemPortIdVec></MemPortIdVec>
<condition id="9">
<or_exp><and_exp></and_exp></or_exp>
</condition>

<node id="116" bw="8" op_0_bw="1" op_1_bw="8" op_2_bw="8">
<![CDATA[
:88  %tmp_317 = select i1 %tmp_312, i8 %tmp_313, i8 %tmp_314

]]></node>
<StgValue><ssdm name="tmp_317"/></StgValue>
</operation>

<operation id="116" st_id="4" stage="1" lat="1">
<core>Sel</core>
<MemPortIdVec></MemPortIdVec>
<condition id="9">
<or_exp><and_exp></and_exp></or_exp>
</condition>

<node id="117" bw="8" op_0_bw="1" op_1_bw="8" op_2_bw="8">
<![CDATA[
:89  %tmp_318 = select i1 %tmp_312, i8 %tmp_314, i8 %tmp_313

]]></node>
<StgValue><ssdm name="tmp_318"/></StgValue>
</operation>

<operation id="117" st_id="4" stage="1" lat="1">
<core>Sel</core>
<MemPortIdVec></MemPortIdVec>
<condition id="9">
<or_exp><and_exp></and_exp></or_exp>
</condition>

<node id="118" bw="8" op_0_bw="1" op_1_bw="8" op_2_bw="8">
<![CDATA[
:90  %tmp_319 = select i1 %tmp_312, i8 %tmp_316, i8 %tmp_313

]]></node>
<StgValue><ssdm name="tmp_319"/></StgValue>
</operation>

<operation id="118" st_id="4" stage="1" lat="1">
<core>LogicGate</core>
<MemPortIdVec></MemPortIdVec>
<condition id="9">
<or_exp><and_exp></and_exp></or_exp>
</condition>

<node id="119" bw="8" op_0_bw="8" op_1_bw="8">
<![CDATA[
:91  %tmp_320 = xor i8 %tmp_317, 127

]]></node>
<StgValue><ssdm name="tmp_320"/></StgValue>
</operation>

<operation id="119" st_id="4" stage="1" lat="1">
<core>NULL</core>
<MemPortIdVec></MemPortIdVec>
<condition id="9">
<or_exp><and_exp></and_exp></or_exp>
</condition>

<node id="120" bw="128" op_0_bw="8">
<![CDATA[
:92  %tmp_321 = zext i8 %tmp_319 to i128

]]></node>
<StgValue><ssdm name="tmp_321"/></StgValue>
</operation>

<operation id="120" st_id="4" stage="1" lat="1">
<core>NULL</core>
<MemPortIdVec></MemPortIdVec>
<condition id="9">
<or_exp><and_exp></and_exp></or_exp>
</condition>

<node id="121" bw="128" op_0_bw="8">
<![CDATA[
:93  %tmp_322 = zext i8 %tmp_318 to i128

]]></node>
<StgValue><ssdm name="tmp_322"/></StgValue>
</operation>

<operation id="121" st_id="4" stage="1" lat="1">
<core>NULL</core>
<MemPortIdVec></MemPortIdVec>
<condition id="9">
<or_exp><and_exp></and_exp></or_exp>
</condition>

<node id="122" bw="128" op_0_bw="8">
<![CDATA[
:94  %tmp_323 = zext i8 %tmp_320 to i128

]]></node>
<StgValue><ssdm name="tmp_323"/></StgValue>
</operation>

<operation id="122" st_id="4" stage="1" lat="1">
<core>Shift</core>
<MemPortIdVec></MemPortIdVec>
<condition id="9">
<or_exp><and_exp></and_exp></or_exp>
</condition>

<node id="123" bw="128" op_0_bw="128" op_1_bw="128">
<![CDATA[
:95  %tmp_324 = shl i128 %tmp_315, %tmp_321

]]></node>
<StgValue><ssdm name="tmp_324"/></StgValue>
</operation>

<operation id="123" st_id="4" stage="1" lat="1">
<core>NULL</core>
<MemPortIdVec></MemPortIdVec>
<condition id="9">
<or_exp><and_exp></and_exp></or_exp>
</condition>

<node id="124" bw="128" op_0_bw="128" op_1_bw="128" op_2_bw="32" op_3_bw="32">
<![CDATA[
:96  %tmp_325 = call i128 @llvm.part.select.i128(i128 %tmp_324, i32 127, i32 0)

]]></node>
<StgValue><ssdm name="tmp_325"/></StgValue>
</operation>

<operation id="124" st_id="4" stage="1" lat="1">
<core>Sel</core>
<MemPortIdVec></MemPortIdVec>
<condition id="9">
<or_exp><and_exp></and_exp></or_exp>
</condition>

<node id="125" bw="128" op_0_bw="1" op_1_bw="128" op_2_bw="128">
<![CDATA[
:97  %tmp_326 = select i1 %tmp_312, i128 %tmp_325, i128 %tmp_324

]]></node>
<StgValue><ssdm name="tmp_326"/></StgValue>
</operation>

<operation id="125" st_id="4" stage="1" lat="1">
<core>ShiftnS</core>
<MemPortIdVec></MemPortIdVec>
<condition id="9">
<or_exp><and_exp></and_exp></or_exp>
</condition>

<node id="126" bw="128" op_0_bw="128" op_1_bw="128">
<![CDATA[
:98  %tmp_327 = shl i128 -1, %tmp_322

]]></node>
<StgValue><ssdm name="tmp_327"/></StgValue>
</operation>

<operation id="126" st_id="4" stage="1" lat="1">
<core>ShiftnS</core>
<MemPortIdVec></MemPortIdVec>
<condition id="9">
<or_exp><and_exp></and_exp></or_exp>
</condition>

<node id="127" bw="128" op_0_bw="128" op_1_bw="128">
<![CDATA[
:99  %tmp_328 = lshr i128 -1, %tmp_323

]]></node>
<StgValue><ssdm name="tmp_328"/></StgValue>
</operation>

<operation id="127" st_id="4" stage="1" lat="1">
<core>LogicGate</core>
<MemPortIdVec></MemPortIdVec>
<condition id="9">
<or_exp><and_exp></and_exp></or_exp>
</condition>

<node id="128" bw="128" op_0_bw="128" op_1_bw="128">
<![CDATA[
:100  %p_demorgan2 = and i128 %tmp_327, %tmp_328

]]></node>
<StgValue><ssdm name="p_demorgan2"/></StgValue>
</operation>

<operation id="128" st_id="4" stage="1" lat="1">
<core>LogicGate</core>
<MemPortIdVec></MemPortIdVec>
<condition id="9">
<or_exp><and_exp></and_exp></or_exp>
</condition>

<node id="129" bw="128" op_0_bw="128" op_1_bw="128">
<![CDATA[
:101  %tmp_329 = xor i128 %p_demorgan2, -1

]]></node>
<StgValue><ssdm name="tmp_329"/></StgValue>
</operation>

<operation id="129" st_id="4" stage="1" lat="1">
<core>LogicGate</core>
<MemPortIdVec></MemPortIdVec>
<condition id="9">
<or_exp><and_exp></and_exp></or_exp>
</condition>

<node id="130" bw="128" op_0_bw="128" op_1_bw="128">
<![CDATA[
:102  %tmp_330 = and i128 %cipher_state_load, %tmp_329

]]></node>
<StgValue><ssdm name="tmp_330"/></StgValue>
</operation>

<operation id="130" st_id="4" stage="1" lat="1">
<core>LogicGate</core>
<MemPortIdVec></MemPortIdVec>
<condition id="9">
<or_exp><and_exp></and_exp></or_exp>
</condition>

<node id="131" bw="128" op_0_bw="128" op_1_bw="128">
<![CDATA[
:103  %tmp_331 = and i128 %tmp_326, %p_demorgan2

]]></node>
<StgValue><ssdm name="tmp_331"/></StgValue>
</operation>

<operation id="131" st_id="4" stage="1" lat="1">
<core>LogicGate</core>
<MemPortIdVec></MemPortIdVec>
<condition id="9">
<or_exp><and_exp></and_exp></or_exp>
</condition>

<node id="132" bw="128" op_0_bw="128" op_1_bw="128">
<![CDATA[
:104  %tmp_332 = or i128 %tmp_330, %tmp_331

]]></node>
<StgValue><ssdm name="tmp_332"/></StgValue>
</operation>

<operation id="132" st_id="4" stage="1" lat="1">
<core>NULL</core>
<MemPortIdVec></MemPortIdVec>
<condition id="9">
<or_exp><and_exp></and_exp></or_exp>
</condition>

<node id="133" bw="0" op_0_bw="128" op_1_bw="128">
<![CDATA[
:105  store i128 %tmp_332, i128* @cipher_state, align 8

]]></node>
<StgValue><ssdm name=""/></StgValue>
</operation>

<operation id="133" st_id="4" stage="1" lat="1">
<core>NULL</core>
<MemPortIdVec></MemPortIdVec>
<condition id="9">
<or_exp><and_exp></and_exp></or_exp>
</condition>

<node id="134" bw="0" op_0_bw="0">
<![CDATA[
:106  br label %.preheader

]]></node>
<StgValue><ssdm name=""/></StgValue>
</operation>
</state>
</state_list>


<ports>
<port id="140" name="w_bias" dir="0" iftype="1">
<core>RAM_1P</core><StgValue><ssdm name="w_bias"/><MemPortTyVec>1 </MemPortTyVec>
</StgValue>
</port>
<port id="141" name="w_bias_offset" dir="0" iftype="0">
<core>NULL</core><StgValue><ssdm name="w_bias_offset"/></StgValue>
</port>
<port id="142" name="cipher_state" dir="2" iftype="0">
<core>NULL</core><StgValue><ssdm name="cipher_state"/></StgValue>
</port>
</ports>


<dataflows>
<dataflow id="144" from="_ssdm_op_Read.ap_auto.i5" to="w_bias_offset_read" fromId="143" toId="5">
</dataflow>
<dataflow id="145" from="w_bias_offset" to="w_bias_offset_read" fromId="141" toId="5">
</dataflow>
<dataflow id="146" from="w_bias_offset_read" to="w_bias_offset_cast" fromId="5" toId="6">
</dataflow>
<dataflow id="148" from="_ssdm_op_SpecMemCore" to="stg_7" fromId="147" toId="7">
</dataflow>
<dataflow id="149" from="w_bias" to="stg_7" fromId="140" toId="7">
</dataflow>
<dataflow id="151" from="p_str1" to="stg_7" fromId="150" toId="7">
</dataflow>
<dataflow id="153" from="p_str9" to="stg_7" fromId="152" toId="7">
</dataflow>
<dataflow id="154" from="p_str1" to="stg_7" fromId="150" toId="7">
</dataflow>
<dataflow id="156" from="stg_155" to="stg_7" fromId="155" toId="7">
</dataflow>
<dataflow id="157" from="p_str1" to="stg_7" fromId="150" toId="7">
</dataflow>
<dataflow id="158" from="p_str1" to="stg_7" fromId="150" toId="7">
</dataflow>
<dataflow id="159" from="p_str1" to="stg_7" fromId="150" toId="7">
</dataflow>
<dataflow id="160" from="w_bias" to="w_bias_addr" fromId="140" toId="8">
</dataflow>
<dataflow id="162" from="stg_161" to="w_bias_addr" fromId="161" toId="8">
</dataflow>
<dataflow id="163" from="w_bias_offset_cast" to="w_bias_addr" fromId="6" toId="8">
</dataflow>
<dataflow id="165" from="stg_164" to="i" fromId="164" toId="10">
<condition id="24">
<or_exp><and_exp></and_exp></or_exp>
</condition>
</dataflow>
<dataflow id="166" from="stg_9" to="i" fromId="9" toId="10">
</dataflow>
<dataflow id="167" from="i_3" to="i" fromId="14" toId="10">
<BackEdge/>
<condition id="25">
<or_exp><and_exp><literal name="exitcond" val="1"/>
</and_exp></or_exp>
</condition>
</dataflow>
<dataflow id="168" from="stg_25" to="i" fromId="25" toId="10">
<BackEdge/>
</dataflow>
<dataflow id="169" from="i" to="i_cast" fromId="10" toId="11">
</dataflow>
<dataflow id="170" from="i" to="exitcond1" fromId="10" toId="12">
</dataflow>
<dataflow id="172" from="stg_171" to="exitcond1" fromId="171" toId="12">
</dataflow>
<dataflow id="174" from="_ssdm_op_SpecLoopTripCount" to="empty" fromId="173" toId="13">
</dataflow>
<dataflow id="176" from="stg_175" to="empty" fromId="175" toId="13">
</dataflow>
<dataflow id="177" from="stg_175" to="empty" fromId="175" toId="13">
</dataflow>
<dataflow id="178" from="stg_175" to="empty" fromId="175" toId="13">
</dataflow>
<dataflow id="179" from="i" to="i_3" fromId="10" toId="14">
</dataflow>
<dataflow id="181" from="stg_180" to="i_3" fromId="180" toId="14">
</dataflow>
<dataflow id="182" from="exitcond1" to="stg_15" fromId="12" toId="15">
</dataflow>
<dataflow id="183" from="i" to="tmp" fromId="10" toId="16">
</dataflow>
<dataflow id="185" from="_ssdm_op_BitConcatenate.i5.i2.i3" to="tmp_28" fromId="184" toId="17">
</dataflow>
<dataflow id="186" from="tmp" to="tmp_28" fromId="16" toId="17">
</dataflow>
<dataflow id="187" from="stg_164" to="tmp_28" fromId="164" toId="17">
</dataflow>
<dataflow id="188" from="tmp_28" to="tmp_29" fromId="17" toId="18">
</dataflow>
<dataflow id="190" from="stg_189" to="tmp_29" fromId="189" toId="18">
</dataflow>
<dataflow id="191" from="j_2" to="j" fromId="24" toId="21">
<BackEdge/>
<condition id="26">
<or_exp><and_exp></and_exp></or_exp>
</condition>
</dataflow>
<dataflow id="192" from="stg_133" to="j" fromId="133" toId="21">
<BackEdge/>
</dataflow>
<dataflow id="193" from="stg_164" to="j" fromId="164" toId="21">
<condition id="27">
<or_exp><and_exp><literal name="exitcond1" val="0"/>
</and_exp></or_exp>
</condition>
</dataflow>
<dataflow id="194" from="stg_19" to="j" fromId="19" toId="21">
</dataflow>
<dataflow id="195" from="j" to="exitcond" fromId="21" toId="22">
</dataflow>
<dataflow id="196" from="stg_171" to="exitcond" fromId="171" toId="22">
</dataflow>
<dataflow id="197" from="_ssdm_op_SpecLoopTripCount" to="empty_35" fromId="173" toId="23">
</dataflow>
<dataflow id="198" from="stg_175" to="empty_35" fromId="175" toId="23">
</dataflow>
<dataflow id="199" from="stg_175" to="empty_35" fromId="175" toId="23">
</dataflow>
<dataflow id="200" from="stg_175" to="empty_35" fromId="175" toId="23">
</dataflow>
<dataflow id="201" from="j" to="j_2" fromId="21" toId="24">
</dataflow>
<dataflow id="202" from="stg_180" to="j_2" fromId="180" toId="24">
</dataflow>
<dataflow id="203" from="exitcond" to="stg_25" fromId="22" toId="25">
</dataflow>
<dataflow id="204" from="j" to="tmp_239" fromId="21" toId="26">
</dataflow>
<dataflow id="205" from="w_bias_addr" to="w_bias_load" fromId="8" toId="27">
</dataflow>
<dataflow id="206" from="cipher_state" to="cipher_state_load" fromId="142" toId="28">
</dataflow>
<dataflow id="208" from="_ssdm_op_BitConcatenate.i7.i2.i5" to="tmp_30" fromId="207" toId="29">
</dataflow>
<dataflow id="209" from="tmp_239" to="tmp_30" fromId="26" toId="29">
</dataflow>
<dataflow id="211" from="stg_210" to="tmp_30" fromId="210" toId="29">
</dataflow>
<dataflow id="212" from="tmp_30" to="tmp_31" fromId="29" toId="30">
</dataflow>
<dataflow id="214" from="stg_213" to="tmp_31" fromId="213" toId="30">
</dataflow>
<dataflow id="215" from="tmp_30" to="tmp_240" fromId="29" toId="31">
</dataflow>
<dataflow id="216" from="tmp_31" to="tmp_240" fromId="30" toId="31">
</dataflow>
<dataflow id="217" from="tmp_30" to="tmp_241" fromId="29" toId="32">
</dataflow>
<dataflow id="218" from="tmp_31" to="tmp_242" fromId="30" toId="33">
</dataflow>
<dataflow id="220" from="llvm.part.select.i128" to="tmp_243" fromId="219" toId="34">
</dataflow>
<dataflow id="221" from="cipher_state_load" to="tmp_243" fromId="28" toId="34">
</dataflow>
<dataflow id="223" from="stg_222" to="tmp_243" fromId="222" toId="34">
</dataflow>
<dataflow id="225" from="stg_224" to="tmp_243" fromId="224" toId="34">
</dataflow>
<dataflow id="226" from="tmp_241" to="tmp_244" fromId="32" toId="35">
</dataflow>
<dataflow id="227" from="tmp_242" to="tmp_244" fromId="33" toId="35">
</dataflow>
<dataflow id="228" from="tmp_241" to="tmp_245" fromId="32" toId="36">
</dataflow>
<dataflow id="230" from="stg_229" to="tmp_245" fromId="229" toId="36">
</dataflow>
<dataflow id="231" from="tmp_242" to="tmp_246" fromId="33" toId="37">
</dataflow>
<dataflow id="232" from="tmp_241" to="tmp_246" fromId="32" toId="37">
</dataflow>
<dataflow id="233" from="tmp_240" to="tmp_247" fromId="31" toId="38">
</dataflow>
<dataflow id="234" from="tmp_244" to="tmp_247" fromId="35" toId="38">
</dataflow>
<dataflow id="235" from="tmp_246" to="tmp_247" fromId="37" toId="38">
</dataflow>
<dataflow id="236" from="tmp_240" to="tmp_248" fromId="31" toId="39">
</dataflow>
<dataflow id="237" from="tmp_243" to="tmp_248" fromId="34" toId="39">
</dataflow>
<dataflow id="238" from="cipher_state_load" to="tmp_248" fromId="28" toId="39">
</dataflow>
<dataflow id="239" from="tmp_240" to="tmp_249" fromId="31" toId="40">
</dataflow>
<dataflow id="240" from="tmp_245" to="tmp_249" fromId="36" toId="40">
</dataflow>
<dataflow id="241" from="tmp_241" to="tmp_249" fromId="32" toId="40">
</dataflow>
<dataflow id="242" from="stg_229" to="tmp_250" fromId="229" toId="41">
</dataflow>
<dataflow id="243" from="tmp_247" to="tmp_250" fromId="38" toId="41">
</dataflow>
<dataflow id="244" from="tmp_249" to="tmp_251" fromId="40" toId="42">
</dataflow>
<dataflow id="245" from="tmp_250" to="tmp_252" fromId="41" toId="43">
</dataflow>
<dataflow id="246" from="tmp_248" to="tmp_253" fromId="39" toId="44">
</dataflow>
<dataflow id="247" from="tmp_251" to="tmp_253" fromId="42" toId="44">
</dataflow>
<dataflow id="249" from="stg_248" to="tmp_254" fromId="248" toId="45">
</dataflow>
<dataflow id="250" from="tmp_252" to="tmp_254" fromId="43" toId="45">
</dataflow>
<dataflow id="251" from="tmp_253" to="tmp_255" fromId="44" toId="46">
</dataflow>
<dataflow id="252" from="tmp_254" to="tmp_255" fromId="45" toId="46">
</dataflow>
<dataflow id="253" from="tmp_255" to="tmp_256" fromId="46" toId="47">
</dataflow>
<dataflow id="254" from="tmp_28" to="tmp_257" fromId="17" toId="48">
</dataflow>
<dataflow id="255" from="tmp_29" to="tmp_257" fromId="18" toId="48">
</dataflow>
<dataflow id="256" from="tmp_28" to="tmp_258" fromId="17" toId="49">
</dataflow>
<dataflow id="257" from="tmp_29" to="tmp_259" fromId="18" toId="50">
</dataflow>
<dataflow id="259" from="_ssdm_op_PartSelect.i32.i128.i32.i32" to="tmp_260" fromId="258" toId="51">
</dataflow>
<dataflow id="260" from="tmp_255" to="tmp_260" fromId="46" toId="51">
</dataflow>
<dataflow id="262" from="stg_261" to="tmp_260" fromId="261" toId="51">
</dataflow>
<dataflow id="263" from="stg_224" to="tmp_260" fromId="224" toId="51">
</dataflow>
<dataflow id="264" from="tmp_258" to="tmp_261" fromId="49" toId="52">
</dataflow>
<dataflow id="265" from="tmp_259" to="tmp_261" fromId="50" toId="52">
</dataflow>
<dataflow id="266" from="tmp_258" to="tmp_262" fromId="49" toId="53">
</dataflow>
<dataflow id="268" from="stg_267" to="tmp_262" fromId="267" toId="53">
</dataflow>
<dataflow id="269" from="tmp_259" to="tmp_263" fromId="50" toId="54">
</dataflow>
<dataflow id="270" from="tmp_258" to="tmp_263" fromId="49" toId="54">
</dataflow>
<dataflow id="271" from="tmp_257" to="tmp_264" fromId="48" toId="55">
</dataflow>
<dataflow id="272" from="tmp_261" to="tmp_264" fromId="52" toId="55">
</dataflow>
<dataflow id="273" from="tmp_263" to="tmp_264" fromId="54" toId="55">
</dataflow>
<dataflow id="274" from="tmp_257" to="tmp_265" fromId="48" toId="56">
</dataflow>
<dataflow id="275" from="tmp_260" to="tmp_265" fromId="51" toId="56">
</dataflow>
<dataflow id="276" from="tmp_256" to="tmp_265" fromId="47" toId="56">
</dataflow>
<dataflow id="277" from="tmp_257" to="tmp_266" fromId="48" toId="57">
</dataflow>
<dataflow id="278" from="tmp_262" to="tmp_266" fromId="53" toId="57">
</dataflow>
<dataflow id="279" from="tmp_258" to="tmp_266" fromId="49" toId="57">
</dataflow>
<dataflow id="280" from="stg_267" to="tmp_267" fromId="267" toId="58">
</dataflow>
<dataflow id="281" from="tmp_264" to="tmp_267" fromId="55" toId="58">
</dataflow>
<dataflow id="282" from="tmp_266" to="tmp_268" fromId="57" toId="59">
</dataflow>
<dataflow id="283" from="tmp_267" to="tmp_269" fromId="58" toId="60">
</dataflow>
<dataflow id="284" from="tmp_265" to="tmp_270" fromId="56" toId="61">
</dataflow>
<dataflow id="285" from="tmp_268" to="tmp_270" fromId="59" toId="61">
</dataflow>
<dataflow id="286" from="stg_155" to="tmp_271" fromId="155" toId="62">
</dataflow>
<dataflow id="287" from="tmp_269" to="tmp_271" fromId="60" toId="62">
</dataflow>
<dataflow id="288" from="tmp_270" to="tmp_272" fromId="61" toId="63">
</dataflow>
<dataflow id="289" from="tmp_271" to="tmp_272" fromId="62" toId="63">
</dataflow>
<dataflow id="290" from="tmp_272" to="tmp_273" fromId="63" toId="64">
</dataflow>
<dataflow id="292" from="_ssdm_op_BitConcatenate.i4.i2.i2" to="tmp_s" fromId="291" toId="65">
</dataflow>
<dataflow id="293" from="tmp_239" to="tmp_s" fromId="26" toId="65">
</dataflow>
<dataflow id="295" from="stg_294" to="tmp_s" fromId="294" toId="65">
</dataflow>
<dataflow id="296" from="i_cast" to="tmp_19" fromId="11" toId="66">
</dataflow>
<dataflow id="297" from="tmp_s" to="tmp_19" fromId="65" toId="66">
</dataflow>
<dataflow id="298" from="w_bias_addr" to="w_bias_load" fromId="8" toId="67">
</dataflow>
<dataflow id="300" from="_ssdm_op_BitConcatenate.i7.i4.i3" to="tmp_32" fromId="299" toId="68">
</dataflow>
<dataflow id="301" from="tmp_19" to="tmp_32" fromId="66" toId="68">
</dataflow>
<dataflow id="302" from="stg_164" to="tmp_32" fromId="164" toId="68">
</dataflow>
<dataflow id="303" from="tmp_32" to="tmp_33" fromId="68" toId="69">
</dataflow>
<dataflow id="305" from="stg_304" to="tmp_33" fromId="304" toId="69">
</dataflow>
<dataflow id="306" from="tmp_32" to="tmp_274" fromId="68" toId="70">
</dataflow>
<dataflow id="307" from="tmp_33" to="tmp_274" fromId="69" toId="70">
</dataflow>
<dataflow id="308" from="tmp_32" to="tmp_275" fromId="68" toId="71">
</dataflow>
<dataflow id="309" from="tmp_33" to="tmp_276" fromId="69" toId="72">
</dataflow>
<dataflow id="310" from="llvm.part.select.i128" to="tmp_277" fromId="219" toId="73">
</dataflow>
<dataflow id="311" from="w_bias_load" to="tmp_277" fromId="67" toId="73">
</dataflow>
<dataflow id="312" from="stg_222" to="tmp_277" fromId="222" toId="73">
</dataflow>
<dataflow id="313" from="stg_224" to="tmp_277" fromId="224" toId="73">
</dataflow>
<dataflow id="314" from="tmp_275" to="tmp_278" fromId="71" toId="74">
</dataflow>
<dataflow id="315" from="tmp_276" to="tmp_278" fromId="72" toId="74">
</dataflow>
<dataflow id="316" from="tmp_275" to="tmp_279" fromId="71" toId="75">
</dataflow>
<dataflow id="317" from="stg_229" to="tmp_279" fromId="229" toId="75">
</dataflow>
<dataflow id="318" from="tmp_276" to="tmp_280" fromId="72" toId="76">
</dataflow>
<dataflow id="319" from="tmp_275" to="tmp_280" fromId="71" toId="76">
</dataflow>
<dataflow id="320" from="tmp_274" to="tmp_281" fromId="70" toId="77">
</dataflow>
<dataflow id="321" from="tmp_278" to="tmp_281" fromId="74" toId="77">
</dataflow>
<dataflow id="322" from="tmp_280" to="tmp_281" fromId="76" toId="77">
</dataflow>
<dataflow id="323" from="tmp_274" to="tmp_282" fromId="70" toId="78">
</dataflow>
<dataflow id="324" from="tmp_277" to="tmp_282" fromId="73" toId="78">
</dataflow>
<dataflow id="325" from="w_bias_load" to="tmp_282" fromId="67" toId="78">
</dataflow>
<dataflow id="326" from="tmp_274" to="tmp_283" fromId="70" toId="79">
</dataflow>
<dataflow id="327" from="tmp_279" to="tmp_283" fromId="75" toId="79">
</dataflow>
<dataflow id="328" from="tmp_275" to="tmp_283" fromId="71" toId="79">
</dataflow>
<dataflow id="329" from="stg_229" to="tmp_284" fromId="229" toId="80">
</dataflow>
<dataflow id="330" from="tmp_281" to="tmp_284" fromId="77" toId="80">
</dataflow>
<dataflow id="331" from="tmp_283" to="tmp_285" fromId="79" toId="81">
</dataflow>
<dataflow id="332" from="tmp_284" to="tmp_286" fromId="80" toId="82">
</dataflow>
<dataflow id="333" from="tmp_282" to="tmp_287" fromId="78" toId="83">
</dataflow>
<dataflow id="334" from="tmp_285" to="tmp_287" fromId="81" toId="83">
</dataflow>
<dataflow id="335" from="stg_248" to="tmp_288" fromId="248" toId="84">
</dataflow>
<dataflow id="336" from="tmp_286" to="tmp_288" fromId="82" toId="84">
</dataflow>
<dataflow id="337" from="tmp_287" to="tmp_289" fromId="83" toId="85">
</dataflow>
<dataflow id="338" from="tmp_288" to="tmp_289" fromId="84" toId="85">
</dataflow>
<dataflow id="339" from="tmp_289" to="tmp_290" fromId="85" toId="86">
</dataflow>
<dataflow id="340" from="tmp_290" to="tmp_20" fromId="86" toId="87">
</dataflow>
<dataflow id="341" from="tmp_273" to="tmp_20" fromId="64" toId="87">
</dataflow>
<dataflow id="342" from="tmp_28" to="tmp_291" fromId="17" toId="88">
</dataflow>
<dataflow id="343" from="tmp_29" to="tmp_291" fromId="18" toId="88">
</dataflow>
<dataflow id="344" from="tmp_28" to="tmp_292" fromId="17" toId="89">
</dataflow>
<dataflow id="345" from="tmp_29" to="tmp_293" fromId="18" toId="90">
</dataflow>
<dataflow id="346" from="tmp_20" to="tmp_294" fromId="87" toId="91">
</dataflow>
<dataflow id="347" from="tmp_292" to="tmp_295" fromId="89" toId="92">
</dataflow>
<dataflow id="348" from="stg_267" to="tmp_295" fromId="267" toId="92">
</dataflow>
<dataflow id="349" from="tmp_291" to="tmp_296" fromId="88" toId="93">
</dataflow>
<dataflow id="350" from="tmp_292" to="tmp_296" fromId="89" toId="93">
</dataflow>
<dataflow id="351" from="tmp_293" to="tmp_296" fromId="90" toId="93">
</dataflow>
<dataflow id="352" from="tmp_291" to="tmp_297" fromId="88" toId="94">
</dataflow>
<dataflow id="353" from="tmp_293" to="tmp_297" fromId="90" toId="94">
</dataflow>
<dataflow id="354" from="tmp_292" to="tmp_297" fromId="89" toId="94">
</dataflow>
<dataflow id="355" from="tmp_291" to="tmp_298" fromId="88" toId="95">
</dataflow>
<dataflow id="356" from="tmp_295" to="tmp_298" fromId="92" toId="95">
</dataflow>
<dataflow id="357" from="tmp_292" to="tmp_298" fromId="89" toId="95">
</dataflow>
<dataflow id="358" from="tmp_296" to="tmp_299" fromId="93" toId="96">
</dataflow>
<dataflow id="359" from="stg_267" to="tmp_299" fromId="267" toId="96">
</dataflow>
<dataflow id="360" from="tmp_298" to="tmp_300" fromId="95" toId="97">
</dataflow>
<dataflow id="361" from="tmp_297" to="tmp_301" fromId="94" toId="98">
</dataflow>
<dataflow id="362" from="tmp_299" to="tmp_302" fromId="96" toId="99">
</dataflow>
<dataflow id="363" from="tmp_294" to="tmp_303" fromId="91" toId="100">
</dataflow>
<dataflow id="364" from="tmp_300" to="tmp_303" fromId="97" toId="100">
</dataflow>
<dataflow id="366" from="llvm.part.select.i32" to="tmp_304" fromId="365" toId="101">
</dataflow>
<dataflow id="367" from="tmp_303" to="tmp_304" fromId="100" toId="101">
</dataflow>
<dataflow id="368" from="stg_261" to="tmp_304" fromId="261" toId="101">
</dataflow>
<dataflow id="369" from="stg_224" to="tmp_304" fromId="224" toId="101">
</dataflow>
<dataflow id="370" from="tmp_291" to="tmp_305" fromId="88" toId="102">
</dataflow>
<dataflow id="371" from="tmp_304" to="tmp_305" fromId="101" toId="102">
</dataflow>
<dataflow id="372" from="tmp_303" to="tmp_305" fromId="100" toId="102">
</dataflow>
<dataflow id="373" from="stg_155" to="tmp_306" fromId="155" toId="103">
</dataflow>
<dataflow id="374" from="tmp_301" to="tmp_306" fromId="98" toId="103">
</dataflow>
<dataflow id="375" from="stg_155" to="tmp_307" fromId="155" toId="104">
</dataflow>
<dataflow id="376" from="tmp_302" to="tmp_307" fromId="99" toId="104">
</dataflow>
<dataflow id="377" from="tmp_306" to="p_demorgan" fromId="103" toId="105">
</dataflow>
<dataflow id="378" from="tmp_307" to="p_demorgan" fromId="104" toId="105">
</dataflow>
<dataflow id="379" from="p_demorgan" to="tmp_308" fromId="105" toId="106">
</dataflow>
<dataflow id="380" from="stg_155" to="tmp_308" fromId="155" toId="106">
</dataflow>
<dataflow id="381" from="tmp_256" to="tmp_309" fromId="47" toId="107">
</dataflow>
<dataflow id="382" from="tmp_308" to="tmp_309" fromId="106" toId="107">
</dataflow>
<dataflow id="383" from="tmp_305" to="tmp_310" fromId="102" toId="108">
</dataflow>
<dataflow id="384" from="p_demorgan" to="tmp_310" fromId="105" toId="108">
</dataflow>
<dataflow id="385" from="tmp_309" to="tmp_311" fromId="107" toId="109">
</dataflow>
<dataflow id="386" from="tmp_310" to="tmp_311" fromId="108" toId="109">
</dataflow>
<dataflow id="387" from="tmp_30" to="tmp_312" fromId="29" toId="110">
</dataflow>
<dataflow id="388" from="tmp_31" to="tmp_312" fromId="30" toId="110">
</dataflow>
<dataflow id="389" from="tmp_30" to="tmp_313" fromId="29" toId="111">
</dataflow>
<dataflow id="390" from="tmp_31" to="tmp_314" fromId="30" toId="112">
</dataflow>
<dataflow id="391" from="tmp_311" to="tmp_315" fromId="109" toId="113">
</dataflow>
<dataflow id="392" from="tmp_313" to="tmp_316" fromId="111" toId="114">
</dataflow>
<dataflow id="393" from="stg_229" to="tmp_316" fromId="229" toId="114">
</dataflow>
<dataflow id="394" from="tmp_312" to="tmp_317" fromId="110" toId="115">
</dataflow>
<dataflow id="395" from="tmp_313" to="tmp_317" fromId="111" toId="115">
</dataflow>
<dataflow id="396" from="tmp_314" to="tmp_317" fromId="112" toId="115">
</dataflow>
<dataflow id="397" from="tmp_312" to="tmp_318" fromId="110" toId="116">
</dataflow>
<dataflow id="398" from="tmp_314" to="tmp_318" fromId="112" toId="116">
</dataflow>
<dataflow id="399" from="tmp_313" to="tmp_318" fromId="111" toId="116">
</dataflow>
<dataflow id="400" from="tmp_312" to="tmp_319" fromId="110" toId="117">
</dataflow>
<dataflow id="401" from="tmp_316" to="tmp_319" fromId="114" toId="117">
</dataflow>
<dataflow id="402" from="tmp_313" to="tmp_319" fromId="111" toId="117">
</dataflow>
<dataflow id="403" from="tmp_317" to="tmp_320" fromId="115" toId="118">
</dataflow>
<dataflow id="404" from="stg_229" to="tmp_320" fromId="229" toId="118">
</dataflow>
<dataflow id="405" from="tmp_319" to="tmp_321" fromId="117" toId="119">
</dataflow>
<dataflow id="406" from="tmp_318" to="tmp_322" fromId="116" toId="120">
</dataflow>
<dataflow id="407" from="tmp_320" to="tmp_323" fromId="118" toId="121">
</dataflow>
<dataflow id="408" from="tmp_315" to="tmp_324" fromId="113" toId="122">
</dataflow>
<dataflow id="409" from="tmp_321" to="tmp_324" fromId="119" toId="122">
</dataflow>
<dataflow id="410" from="llvm.part.select.i128" to="tmp_325" fromId="219" toId="123">
</dataflow>
<dataflow id="411" from="tmp_324" to="tmp_325" fromId="122" toId="123">
</dataflow>
<dataflow id="412" from="stg_222" to="tmp_325" fromId="222" toId="123">
</dataflow>
<dataflow id="413" from="stg_224" to="tmp_325" fromId="224" toId="123">
</dataflow>
<dataflow id="414" from="tmp_312" to="tmp_326" fromId="110" toId="124">
</dataflow>
<dataflow id="415" from="tmp_325" to="tmp_326" fromId="123" toId="124">
</dataflow>
<dataflow id="416" from="tmp_324" to="tmp_326" fromId="122" toId="124">
</dataflow>
<dataflow id="417" from="stg_248" to="tmp_327" fromId="248" toId="125">
</dataflow>
<dataflow id="418" from="tmp_322" to="tmp_327" fromId="120" toId="125">
</dataflow>
<dataflow id="419" from="stg_248" to="tmp_328" fromId="248" toId="126">
</dataflow>
<dataflow id="420" from="tmp_323" to="tmp_328" fromId="121" toId="126">
</dataflow>
<dataflow id="421" from="tmp_327" to="p_demorgan2" fromId="125" toId="127">
</dataflow>
<dataflow id="422" from="tmp_328" to="p_demorgan2" fromId="126" toId="127">
</dataflow>
<dataflow id="423" from="p_demorgan2" to="tmp_329" fromId="127" toId="128">
</dataflow>
<dataflow id="424" from="stg_248" to="tmp_329" fromId="248" toId="128">
</dataflow>
<dataflow id="425" from="cipher_state_load" to="tmp_330" fromId="28" toId="129">
</dataflow>
<dataflow id="426" from="tmp_329" to="tmp_330" fromId="128" toId="129">
</dataflow>
<dataflow id="427" from="tmp_326" to="tmp_331" fromId="124" toId="130">
</dataflow>
<dataflow id="428" from="p_demorgan2" to="tmp_331" fromId="127" toId="130">
</dataflow>
<dataflow id="429" from="tmp_330" to="tmp_332" fromId="129" toId="131">
</dataflow>
<dataflow id="430" from="tmp_331" to="tmp_332" fromId="130" toId="131">
</dataflow>
<dataflow id="431" from="tmp_332" to="stg_132" fromId="131" toId="132">
</dataflow>
<dataflow id="432" from="cipher_state" to="stg_132" fromId="142" toId="132">
</dataflow>
<dataflow id="433" from="exitcond1" to="stg_2" fromId="12" toId="2">
</dataflow>
<dataflow id="434" from="exitcond" to="stg_3" fromId="22" toId="3">
</dataflow>
</dataflows>


</stg>
