<stg><name>Cipher_ShiftRows</name>


<trans_list>
</trans_list>



<state_list>

<state id="1" st_id="1">

<operation id="2" st_id="1" stage="1" lat="1">
<core>NULL</core>
<MemPortIdVec></MemPortIdVec>
<condition id="0">
<or_exp><and_exp></and_exp></or_exp>
</condition>

<node id="2" bw="128" op_0_bw="128">
<![CDATA[
:0  %cipher_state_load = load i128* @cipher_state, align 8

]]></node>
<StgValue><ssdm name="cipher_state_load"/></StgValue>
</operation>

<operation id="3" st_id="1" stage="1" lat="1">
<core>NULL</core>
<MemPortIdVec></MemPortIdVec>
<condition id="0">
<or_exp><and_exp></and_exp></or_exp>
</condition>

<node id="3" bw="8" op_0_bw="8" op_1_bw="128" op_2_bw="32" op_3_bw="32">
<![CDATA[
:1  %tmp = call i8 @_ssdm_op_PartSelect.i8.i128.i32.i32(i128 %cipher_state_load, i32 40, i32 47)

]]></node>
<StgValue><ssdm name="tmp"/></StgValue>
</operation>

<operation id="4" st_id="1" stage="1" lat="1">
<core>NULL</core>
<MemPortIdVec></MemPortIdVec>
<condition id="0">
<or_exp><and_exp></and_exp></or_exp>
</condition>

<node id="4" bw="8" op_0_bw="8" op_1_bw="128" op_2_bw="32" op_3_bw="32">
<![CDATA[
:2  %tmp_s = call i8 @_ssdm_op_PartSelect.i8.i128.i32.i32(i128 %cipher_state_load, i32 72, i32 79)

]]></node>
<StgValue><ssdm name="tmp_s"/></StgValue>
</operation>

<operation id="5" st_id="1" stage="1" lat="1">
<core>NULL</core>
<MemPortIdVec></MemPortIdVec>
<condition id="0">
<or_exp><and_exp></and_exp></or_exp>
</condition>

<node id="5" bw="8" op_0_bw="8" op_1_bw="128" op_2_bw="32" op_3_bw="32">
<![CDATA[
:3  %tmp_3 = call i8 @_ssdm_op_PartSelect.i8.i128.i32.i32(i128 %cipher_state_load, i32 104, i32 111)

]]></node>
<StgValue><ssdm name="tmp_3"/></StgValue>
</operation>

<operation id="6" st_id="1" stage="1" lat="1">
<core>NULL</core>
<MemPortIdVec></MemPortIdVec>
<condition id="0">
<or_exp><and_exp></and_exp></or_exp>
</condition>

<node id="6" bw="32" op_0_bw="128">
<![CDATA[
:4  %tmp_82 = trunc i128 %cipher_state_load to i32

]]></node>
<StgValue><ssdm name="tmp_82"/></StgValue>
</operation>

<operation id="7" st_id="1" stage="1" lat="1">
<core>NULL</core>
<MemPortIdVec></MemPortIdVec>
<condition id="0">
<or_exp><and_exp></and_exp></or_exp>
</condition>

<node id="7" bw="8" op_0_bw="8" op_1_bw="128" op_2_bw="32" op_3_bw="32">
<![CDATA[
:5  %tmp_5 = call i8 @_ssdm_op_PartSelect.i8.i128.i32.i32(i128 %cipher_state_load, i32 8, i32 15)

]]></node>
<StgValue><ssdm name="tmp_5"/></StgValue>
</operation>

<operation id="8" st_id="1" stage="1" lat="1">
<core>NULL</core>
<MemPortIdVec></MemPortIdVec>
<condition id="0">
<or_exp><and_exp></and_exp></or_exp>
</condition>

<node id="8" bw="32" op_0_bw="32" op_1_bw="128" op_2_bw="32" op_3_bw="32">
<![CDATA[
:6  %tmp_6 = call i32 @_ssdm_op_PartSelect.i32.i128.i32.i32(i128 %cipher_state_load, i32 32, i32 63)

]]></node>
<StgValue><ssdm name="tmp_6"/></StgValue>
</operation>

<operation id="9" st_id="1" stage="1" lat="1">
<core>NULL</core>
<MemPortIdVec></MemPortIdVec>
<condition id="0">
<or_exp><and_exp></and_exp></or_exp>
</condition>

<node id="9" bw="32" op_0_bw="32" op_1_bw="128" op_2_bw="32" op_3_bw="32">
<![CDATA[
:7  %tmp_7 = call i32 @_ssdm_op_PartSelect.i32.i128.i32.i32(i128 %cipher_state_load, i32 64, i32 95)

]]></node>
<StgValue><ssdm name="tmp_7"/></StgValue>
</operation>

<operation id="10" st_id="1" stage="1" lat="1">
<core>NULL</core>
<MemPortIdVec></MemPortIdVec>
<condition id="0">
<or_exp><and_exp></and_exp></or_exp>
</condition>

<node id="10" bw="32" op_0_bw="32" op_1_bw="128" op_2_bw="32" op_3_bw="32">
<![CDATA[
:8  %tmp_8 = call i32 @_ssdm_op_PartSelect.i32.i128.i32.i32(i128 %cipher_state_load, i32 96, i32 127)

]]></node>
<StgValue><ssdm name="tmp_8"/></StgValue>
</operation>

<operation id="11" st_id="1" stage="1" lat="1">
<core>NULL</core>
<MemPortIdVec></MemPortIdVec>
<condition id="0">
<or_exp><and_exp></and_exp></or_exp>
</condition>

<node id="11" bw="8" op_0_bw="8" op_1_bw="128" op_2_bw="32" op_3_bw="32">
<![CDATA[
:9  %tmp_9 = call i8 @_ssdm_op_PartSelect.i8.i128.i32.i32(i128 %cipher_state_load, i32 80, i32 87)

]]></node>
<StgValue><ssdm name="tmp_9"/></StgValue>
</operation>

<operation id="12" st_id="1" stage="1" lat="1">
<core>NULL</core>
<MemPortIdVec></MemPortIdVec>
<condition id="0">
<or_exp><and_exp></and_exp></or_exp>
</condition>

<node id="12" bw="8" op_0_bw="8" op_1_bw="128" op_2_bw="32" op_3_bw="32">
<![CDATA[
:10  %tmp_1 = call i8 @_ssdm_op_PartSelect.i8.i128.i32.i32(i128 %cipher_state_load, i32 112, i32 119)

]]></node>
<StgValue><ssdm name="tmp_1"/></StgValue>
</operation>

<operation id="13" st_id="1" stage="1" lat="1">
<core>NULL</core>
<MemPortIdVec></MemPortIdVec>
<condition id="0">
<or_exp><and_exp></and_exp></or_exp>
</condition>

<node id="13" bw="8" op_0_bw="8" op_1_bw="128" op_2_bw="32" op_3_bw="32">
<![CDATA[
:11  %tmp_2 = call i8 @_ssdm_op_PartSelect.i8.i128.i32.i32(i128 %cipher_state_load, i32 16, i32 23)

]]></node>
<StgValue><ssdm name="tmp_2"/></StgValue>
</operation>

<operation id="14" st_id="1" stage="1" lat="1">
<core>NULL</core>
<MemPortIdVec></MemPortIdVec>
<condition id="0">
<or_exp><and_exp></and_exp></or_exp>
</condition>

<node id="14" bw="8" op_0_bw="8" op_1_bw="128" op_2_bw="32" op_3_bw="32">
<![CDATA[
:12  %tmp_4 = call i8 @_ssdm_op_PartSelect.i8.i128.i32.i32(i128 %cipher_state_load, i32 48, i32 55)

]]></node>
<StgValue><ssdm name="tmp_4"/></StgValue>
</operation>

<operation id="15" st_id="1" stage="1" lat="1">
<core>NULL</core>
<MemPortIdVec></MemPortIdVec>
<condition id="0">
<or_exp><and_exp></and_exp></or_exp>
</condition>

<node id="15" bw="8" op_0_bw="8" op_1_bw="128" op_2_bw="32" op_3_bw="32">
<![CDATA[
:13  %tmp_10 = call i8 @_ssdm_op_PartSelect.i8.i128.i32.i32(i128 %cipher_state_load, i32 120, i32 127)

]]></node>
<StgValue><ssdm name="tmp_10"/></StgValue>
</operation>

<operation id="16" st_id="1" stage="1" lat="1">
<core>NULL</core>
<MemPortIdVec></MemPortIdVec>
<condition id="0">
<or_exp><and_exp></and_exp></or_exp>
</condition>

<node id="16" bw="8" op_0_bw="8" op_1_bw="128" op_2_bw="32" op_3_bw="32">
<![CDATA[
:14  %tmp_11 = call i8 @_ssdm_op_PartSelect.i8.i128.i32.i32(i128 %cipher_state_load, i32 24, i32 31)

]]></node>
<StgValue><ssdm name="tmp_11"/></StgValue>
</operation>

<operation id="17" st_id="1" stage="1" lat="1">
<core>NULL</core>
<MemPortIdVec></MemPortIdVec>
<condition id="0">
<or_exp><and_exp></and_exp></or_exp>
</condition>

<node id="17" bw="8" op_0_bw="8" op_1_bw="128" op_2_bw="32" op_3_bw="32">
<![CDATA[
:15  %tmp_12 = call i8 @_ssdm_op_PartSelect.i8.i128.i32.i32(i128 %cipher_state_load, i32 56, i32 63)

]]></node>
<StgValue><ssdm name="tmp_12"/></StgValue>
</operation>

<operation id="18" st_id="1" stage="1" lat="1">
<core>NULL</core>
<MemPortIdVec></MemPortIdVec>
<condition id="0">
<or_exp><and_exp></and_exp></or_exp>
</condition>

<node id="18" bw="8" op_0_bw="8" op_1_bw="128" op_2_bw="32" op_3_bw="32">
<![CDATA[
:16  %tmp_13 = call i8 @_ssdm_op_PartSelect.i8.i128.i32.i32(i128 %cipher_state_load, i32 88, i32 95)

]]></node>
<StgValue><ssdm name="tmp_13"/></StgValue>
</operation>

<operation id="19" st_id="1" stage="1" lat="1">
<core>NULL</core>
<MemPortIdVec></MemPortIdVec>
<condition id="0">
<or_exp><and_exp></and_exp></or_exp>
</condition>

<node id="19" bw="24" op_0_bw="24" op_1_bw="8" op_2_bw="8" op_3_bw="8">
<![CDATA[
:17  %tmp_14 = call i24 @_ssdm_op_BitConcatenate.i24.i8.i8.i8(i8 %tmp_10, i8 %tmp_9, i8 %tmp)

]]></node>
<StgValue><ssdm name="tmp_14"/></StgValue>
</operation>

<operation id="20" st_id="1" stage="1" lat="1">
<core>NULL</core>
<MemPortIdVec></MemPortIdVec>
<condition id="0">
<or_exp><and_exp></and_exp></or_exp>
</condition>

<node id="20" bw="32" op_0_bw="32" op_1_bw="32" op_2_bw="24" op_3_bw="32" op_4_bw="32">
<![CDATA[
:18  %tmp_15 = call i32 @_ssdm_op_PartSet.i32.i32.i24.i32.i32(i32 %tmp_82, i24 %tmp_14, i32 8, i32 31)

]]></node>
<StgValue><ssdm name="tmp_15"/></StgValue>
</operation>

<operation id="21" st_id="1" stage="1" lat="1">
<core>NULL</core>
<MemPortIdVec></MemPortIdVec>
<condition id="0">
<or_exp><and_exp></and_exp></or_exp>
</condition>

<node id="21" bw="24" op_0_bw="24" op_1_bw="8" op_2_bw="8" op_3_bw="8">
<![CDATA[
:19  %tmp_16 = call i24 @_ssdm_op_BitConcatenate.i24.i8.i8.i8(i8 %tmp_11, i8 %tmp_1, i8 %tmp_s)

]]></node>
<StgValue><ssdm name="tmp_16"/></StgValue>
</operation>

<operation id="22" st_id="1" stage="1" lat="1">
<core>NULL</core>
<MemPortIdVec></MemPortIdVec>
<condition id="0">
<or_exp><and_exp></and_exp></or_exp>
</condition>

<node id="22" bw="32" op_0_bw="32" op_1_bw="32" op_2_bw="24" op_3_bw="32" op_4_bw="32">
<![CDATA[
:20  %tmp_17 = call i32 @_ssdm_op_PartSet.i32.i32.i24.i32.i32(i32 %tmp_6, i24 %tmp_16, i32 8, i32 31)

]]></node>
<StgValue><ssdm name="tmp_17"/></StgValue>
</operation>

<operation id="23" st_id="1" stage="1" lat="1">
<core>NULL</core>
<MemPortIdVec></MemPortIdVec>
<condition id="0">
<or_exp><and_exp></and_exp></or_exp>
</condition>

<node id="23" bw="24" op_0_bw="24" op_1_bw="8" op_2_bw="8" op_3_bw="8">
<![CDATA[
:21  %tmp_18 = call i24 @_ssdm_op_BitConcatenate.i24.i8.i8.i8(i8 %tmp_12, i8 %tmp_2, i8 %tmp_3)

]]></node>
<StgValue><ssdm name="tmp_18"/></StgValue>
</operation>

<operation id="24" st_id="1" stage="1" lat="1">
<core>NULL</core>
<MemPortIdVec></MemPortIdVec>
<condition id="0">
<or_exp><and_exp></and_exp></or_exp>
</condition>

<node id="24" bw="32" op_0_bw="32" op_1_bw="32" op_2_bw="24" op_3_bw="32" op_4_bw="32">
<![CDATA[
:22  %tmp_19 = call i32 @_ssdm_op_PartSet.i32.i32.i24.i32.i32(i32 %tmp_7, i24 %tmp_18, i32 8, i32 31)

]]></node>
<StgValue><ssdm name="tmp_19"/></StgValue>
</operation>

<operation id="25" st_id="1" stage="1" lat="1">
<core>NULL</core>
<MemPortIdVec></MemPortIdVec>
<condition id="0">
<or_exp><and_exp></and_exp></or_exp>
</condition>

<node id="25" bw="24" op_0_bw="24" op_1_bw="8" op_2_bw="8" op_3_bw="8">
<![CDATA[
:23  %tmp_20 = call i24 @_ssdm_op_BitConcatenate.i24.i8.i8.i8(i8 %tmp_13, i8 %tmp_4, i8 %tmp_5)

]]></node>
<StgValue><ssdm name="tmp_20"/></StgValue>
</operation>

<operation id="26" st_id="1" stage="1" lat="1">
<core>NULL</core>
<MemPortIdVec></MemPortIdVec>
<condition id="0">
<or_exp><and_exp></and_exp></or_exp>
</condition>

<node id="26" bw="32" op_0_bw="32" op_1_bw="32" op_2_bw="24" op_3_bw="32" op_4_bw="32">
<![CDATA[
:24  %tmp_21 = call i32 @_ssdm_op_PartSet.i32.i32.i24.i32.i32(i32 %tmp_8, i24 %tmp_20, i32 8, i32 31)

]]></node>
<StgValue><ssdm name="tmp_21"/></StgValue>
</operation>

<operation id="27" st_id="1" stage="1" lat="1">
<core>NULL</core>
<MemPortIdVec></MemPortIdVec>
<condition id="0">
<or_exp><and_exp></and_exp></or_exp>
</condition>

<node id="27" bw="128" op_0_bw="128" op_1_bw="32" op_2_bw="32" op_3_bw="32" op_4_bw="32">
<![CDATA[
:25  %tmp_22 = call i128 @_ssdm_op_BitConcatenate.i128.i32.i32.i32.i32(i32 %tmp_21, i32 %tmp_19, i32 %tmp_17, i32 %tmp_15)

]]></node>
<StgValue><ssdm name="tmp_22"/></StgValue>
</operation>

<operation id="28" st_id="1" stage="1" lat="1">
<core>NULL</core>
<MemPortIdVec></MemPortIdVec>
<condition id="0">
<or_exp><and_exp></and_exp></or_exp>
</condition>

<node id="28" bw="0" op_0_bw="128" op_1_bw="128">
<![CDATA[
:26  store i128 %tmp_22, i128* @cipher_state, align 8

]]></node>
<StgValue><ssdm name=""/></StgValue>
</operation>

<operation id="29" st_id="1" stage="1" lat="1">
<core>NULL</core>
<MemPortIdVec></MemPortIdVec>
<condition id="0">
<or_exp><and_exp></and_exp></or_exp>
</condition>

<node id="29" bw="0">
<![CDATA[
:27  ret void

]]></node>
<StgValue><ssdm name=""/></StgValue>
</operation>
</state>
</state_list>


<ports>
</ports>


<dataflows>
</dataflows>


</stg>
