<profile>

<section name = "Vivado HLS Report for 'Cipher'" level="0">
<item name = "Date">Fri Jan 20 19:38:21 2017
</item>
<item name = "Version">2015.1 (Build 1215546 on Mon Apr 27 19:24:50 PM 2015)</item>
<item name = "Project">HLS</item>
<item name = "Solution">solution1</item>
<item name = "Product family">zynq</item>
<item name = "Target device">xc7z020clg484-1</item>
</section>

<section name = "Performance Estimates" level="0">
<item name = "Timing (ns)">
<section name = "" level="1">
<item name = "Summary"><table name="" hasTotal="0">
<keys size="4">Clock, Target, Estimated, Uncertainty</keys>
<column name="default">1000000.00, 65585.11, 125000.00</column>
</table>
</item>
</section>
</item>
<item name = "Latency (clock cycles)">
<section name = "" level="1">
<item name = "Summary"><table name="" hasTotal="0">
<keys size="6">, min, max, min, max, Type</keys>
<column name="">1337, 1337, 1338, 1338, none</column>
</table>
</item>
<item name = "Detail">
<section name = "" level="1">
<item name = "Instance"><table name="" hasTotal="0">
<keys size="7">Instance, Module, min, max, min, max, Type</keys>
<column name="grp_Cipher_MixColumns_fu_72">Cipher_MixColumns, 45, 45, 45, 45, none</column>
<column name="grp_Cipher_AddRoundKey_fu_78">Cipher_AddRoundKey, 41, 41, 41, 41, none</column>
<column name="grp_Cipher_SubBytes_fu_98">Cipher_SubBytes, 41, 41, 41, 41, none</column>
<column name="grp_Cipher_ShiftRows_fu_106">Cipher_ShiftRows, 0, 0, 0, 0, none</column>
</table>
</item>
<item name = "Loop"><table name="" hasTotal="0">
<keys size="8">Loop Name, min, max, Latency, achieved, target, Count, Pipelined</keys>
</table>
</item>
</section>
</item>
</section>
</item>
</section>

<section name = "Utilization Estimates" level="0">
<item name = "Summary"><table name="" hasTotal="1">
<keys size="5">Name, BRAM_18K, DSP48E, FF, LUT</keys>
<column name="Expression">-, -, -, -</column>
<column name="FIFO">-, -, -, -</column>
<column name="Instance">1, -, 558, 17277</column>
<column name="Memory">-, -, -, -</column>
<column name="Multiplexer">-, -, -, 305</column>
<column name="Register">-, -, 203, -</column>
<specialColumn name="Available">280, 220, 106400, 53200</specialColumn>
<specialColumn name="Utilization (%)">~0, 0, ~0, 33</specialColumn>
</table>
</item>
<item name = "Detail">
<section name = "" level="1">
<item name = "Instance"><table name="" hasTotal="1">
<keys size="6">Instance, Module, BRAM_18K, DSP48E, FF, LUT</keys>
<column name="grp_Cipher_AddRoundKey_fu_78">Cipher_AddRoundKey, 0, 0, 29, 3828</column>
<column name="grp_Cipher_MixColumns_fu_72">Cipher_MixColumns, 0, 0, 473, 10276</column>
<column name="grp_Cipher_ShiftRows_fu_106">Cipher_ShiftRows, 0, 0, 0, 128</column>
<column name="grp_Cipher_SubBytes_fu_98">Cipher_SubBytes, 1, 0, 56, 3045</column>
</table>
</item>
<item name = "Memory"><table name="" hasTotal="1">
<keys size="9">Memory, Module, BRAM_18K, FF, LUT, Words, Bits, Banks, W*Bits*Banks</keys>
</table>
</item>
<item name = "FIFO"><table name="" hasTotal="1">
<keys size="7">Name, BRAM_18K, FF, LUT, Depth, Bits, Size:D*B</keys>
</table>
</item>
<item name = "Expression"><table name="" hasTotal="1">
<keys size="7">Variable Name, Operation, DSP48E, FF, LUT, Bitwidth P0, Bitwidth P1</keys>
</table>
</item>
<item name = "Multiplexer"><table name="" hasTotal="1">
<keys size="5">Name, LUT, Input Size, Bits, Total Bits</keys>
<column name="ap_NS_fsm">161, 73, 1, 73</column>
<column name="cipher_state">128, 5, 128, 640</column>
<column name="grp_Cipher_AddRoundKey_fu_78_w_bias_offset">15, 12, 5, 60</column>
<column name="w_ce0">1, 2, 1, 2</column>
</table>
</item>
<item name = "Register"><table name="" hasTotal="1">
<keys size="5">Name, FF, LUT, Bits, Const Bits</keys>
<column name="ap_CS_fsm">72, 0, 72, 0</column>
<column name="cipher_state">128, 0, 128, 0</column>
<column name="grp_Cipher_AddRoundKey_fu_78_ap_start_ap_start_reg">1, 0, 1, 0</column>
<column name="grp_Cipher_MixColumns_fu_72_ap_start_ap_start_reg">1, 0, 1, 0</column>
<column name="grp_Cipher_SubBytes_fu_98_ap_start_ap_start_reg">1, 0, 1, 0</column>
</table>
</item>
</section>
</item>
</section>

<section name = "Interface" level="0">
<item name = "Summary"><table name="" hasTotal="0">
<keys size="6">RTL Ports, Dir, Bits, Protocol, Source Object, C Type</keys>
<column name="ap_clk">in, 1, ap_ctrl_hs, Cipher, return value</column>
<column name="ap_rst">in, 1, ap_ctrl_hs, Cipher, return value</column>
<column name="ap_start">in, 1, ap_ctrl_hs, Cipher, return value</column>
<column name="ap_done">out, 1, ap_ctrl_hs, Cipher, return value</column>
<column name="ap_idle">out, 1, ap_ctrl_hs, Cipher, return value</column>
<column name="ap_ready">out, 1, ap_ctrl_hs, Cipher, return value</column>
<column name="in_r">in, 128, ap_none, in_r, pointer</column>
<column name="out_r">out, 128, ap_vld, out_r, pointer</column>
<column name="out_r_ap_vld">out, 1, ap_vld, out_r, pointer</column>
<column name="w_address0">out, 4, ap_memory, w, array</column>
<column name="w_ce0">out, 1, ap_memory, w, array</column>
<column name="w_q0">in, 128, ap_memory, w, array</column>
</table>
</item>
</section>
</profile>
